,mean_fit_time,std_fit_time,mean_score_time,std_score_time,param_NN__alpha,param_NN__hidden_layer_sizes,param_ica__n_components,params,split0_test_score,split1_test_score,split2_test_score,split3_test_score,split4_test_score,mean_test_score,std_test_score,rank_test_score,split0_train_score,split1_train_score,split2_train_score,split3_train_score,split4_train_score,mean_train_score,std_train_score
0,0.11350054740905761,0.009120476167218115,0.0009024620056152343,0.00020029586690462333,0.1,"(50, 50)",2,"{'NN__alpha': 0.1, 'NN__hidden_layer_sizes': (50, 50), 'ica__n_components': 2}",0.6994219653179191,0.6994219653179191,0.6994219653179191,0.6994219653179191,0.7034883720930233,0.7002314814814815,0.0016237319954344998,17,0.7004341534008683,0.7004341534008683,0.7004341534008683,0.7004341534008683,0.6994219653179191,0.7002317157842785,0.00040487523317969123
1,0.11029243469238281,0.002940338646494862,0.0007038593292236328,0.0002438117583920222,0.1,"(50, 50)",4,"{'NN__alpha': 0.1, 'NN__hidden_layer_sizes': (50, 50), 'ica__n_components': 4}",0.6994219653179191,0.6994219653179191,0.6994219653179191,0.6994219653179191,0.7034883720930233,0.7002314814814815,0.0016237319954344998,17,0.7004341534008683,0.7004341534008683,0.7004341534008683,0.7004341534008683,0.6994219653179191,0.7002317157842785,0.00040487523317969123
2,0.12122163772583008,0.00533747741215114,0.0010028839111328124,3.568322550558034e-07,0.1,"(50, 50)",6,"{'NN__alpha': 0.1, 'NN__hidden_layer_sizes': (50, 50), 'ica__n_components': 6}",0.6994219653179191,0.6994219653179191,0.6994219653179191,0.6994219653179191,0.7034883720930233,0.7002314814814815,0.0016237319954344998,17,0.7004341534008683,0.7004341534008683,0.7004341534008683,0.7004341534008683,0.6994219653179191,0.7002317157842785,0.00040487523317969123
3,0.12222447395324706,0.003926854087744482,0.0009023666381835938,0.00020036714409480975,0.1,"(50, 50)",8,"{'NN__alpha': 0.1, 'NN__hidden_layer_sizes': (50, 50), 'ica__n_components': 8}",0.6994219653179191,0.6994219653179191,0.6994219653179191,0.6994219653179191,0.7034883720930233,0.7002314814814815,0.0016237319954344998,17,0.7004341534008683,0.7004341534008683,0.7004341534008683,0.7004341534008683,0.6994219653179191,0.7002317157842785,0.00040487523317969123
4,0.12884254455566407,0.004134412284786368,0.0011032581329345702,0.0003759237484463449,0.1,"(50, 50)",10,"{'NN__alpha': 0.1, 'NN__hidden_layer_sizes': (50, 50), 'ica__n_components': 10}",0.6994219653179191,0.6994219653179191,0.6994219653179191,0.6994219653179191,0.7034883720930233,0.7002314814814815,0.0016237319954344998,17,0.7004341534008683,0.7004341534008683,0.7004341534008683,0.7004341534008683,0.6994219653179191,0.7002317157842785,0.00040487523317969123
5,0.12803974151611328,0.010029568621161722,0.0008021831512451172,0.0002454959698792625,0.1,"(50, 50)",12,"{'NN__alpha': 0.1, 'NN__hidden_layer_sizes': (50, 50), 'ica__n_components': 12}",0.6994219653179191,0.6994219653179191,0.6994219653179191,0.6994219653179191,0.7034883720930233,0.7002314814814815,0.0016237319954344998,17,0.7004341534008683,0.7004341534008683,0.7004341534008683,0.7004341534008683,0.6994219653179191,0.7002317157842785,0.00040487523317969123
6,0.1829857349395752,0.07213863002104373,0.0006018638610839844,0.00020034315329881506,0.1,"(50, 50)",14,"{'NN__alpha': 0.1, 'NN__hidden_layer_sizes': (50, 50), 'ica__n_components': 14}",0.6994219653179191,0.6994219653179191,0.6994219653179191,0.6994219653179191,0.7034883720930233,0.7002314814814815,0.0016237319954344998,17,0.7004341534008683,0.7004341534008683,0.7004341534008683,0.7004341534008683,0.6994219653179191,0.7002317157842785,0.00040487523317969123
7,0.15430970191955568,0.018990633927347542,0.0010025978088378906,5.519789172549356e-07,0.1,"(50, 50)",16,"{'NN__alpha': 0.1, 'NN__hidden_layer_sizes': (50, 50), 'ica__n_components': 16}",0.6994219653179191,0.6994219653179191,0.6994219653179191,0.6994219653179191,0.7034883720930233,0.7002314814814815,0.0016237319954344998,17,0.7004341534008683,0.7004341534008683,0.7004341534008683,0.7004341534008683,0.6994219653179191,0.7002317157842785,0.00040487523317969123
8,0.33298349380493164,0.11051652469919501,0.000902557373046875,0.0002008203866853057,0.1,"(50, 50)",18,"{'NN__alpha': 0.1, 'NN__hidden_layer_sizes': (50, 50), 'ica__n_components': 18}",0.6994219653179191,0.6994219653179191,0.6994219653179191,0.6994219653179191,0.7034883720930233,0.7002314814814815,0.0016237319954344998,17,0.7004341534008683,0.7004341534008683,0.7004341534008683,0.7004341534008683,0.6994219653179191,0.7002317157842785,0.00040487523317969123
9,0.33208117485046384,0.09326090818043133,0.0012033939361572265,0.00040144933092718145,0.1,"(50, 50)",20,"{'NN__alpha': 0.1, 'NN__hidden_layer_sizes': (50, 50), 'ica__n_components': 20}",0.6994219653179191,0.6994219653179191,0.6994219653179191,0.6994219653179191,0.7034883720930233,0.7002314814814815,0.0016237319954344998,17,0.7004341534008683,0.7004341534008683,0.7004341534008683,0.7004341534008683,0.6994219653179191,0.7002317157842785,0.00040487523317969123
10,0.061362695693969724,0.0031959660214073296,0.0008023262023925781,0.0006018639555296192,0.1,"(50,)",2,"{'NN__alpha': 0.1, 'NN__hidden_layer_sizes': (50,), 'ica__n_components': 2}",0.6994219653179191,0.6994219653179191,0.6994219653179191,0.6994219653179191,0.7034883720930233,0.7002314814814815,0.0016237319954344998,17,0.7004341534008683,0.7004341534008683,0.7004341534008683,0.7004341534008683,0.6994219653179191,0.7002317157842785,0.00040487523317969123
11,0.07389645576477051,0.0033344799344817455,0.0008018970489501953,0.0002453596908451842,0.1,"(50,)",4,"{'NN__alpha': 0.1, 'NN__hidden_layer_sizes': (50,), 'ica__n_components': 4}",0.6994219653179191,0.6994219653179191,0.6994219653179191,0.6994219653179191,0.7034883720930233,0.7002314814814815,0.0016237319954344998,17,0.7004341534008683,0.7004341534008683,0.7004341534008683,0.7004341534008683,0.6994219653179191,0.7002317157842785,0.00040487523317969123
12,0.08713178634643555,0.01847159113725553,0.0008014678955078125,0.0002452057184420097,0.1,"(50,)",6,"{'NN__alpha': 0.1, 'NN__hidden_layer_sizes': (50,), 'ica__n_components': 6}",0.6994219653179191,0.6994219653179191,0.6994219653179191,0.6994219653179191,0.7034883720930233,0.7002314814814815,0.0016237319954344998,17,0.7004341534008683,0.7004341534008683,0.7004341534008683,0.7004341534008683,0.6994219653179191,0.7002317157842785,0.00040487523317969123
13,0.11490459442138672,0.004282270803003485,0.0009023189544677734,0.00020070090150001117,0.1,"(50,)",8,"{'NN__alpha': 0.1, 'NN__hidden_layer_sizes': (50,), 'ica__n_components': 8}",0.6011560693641619,0.6994219653179191,0.6994219653179191,0.6994219653179191,0.7034883720930233,0.6805555555555556,0.03975956356050117,194,0.691027496382055,0.7004341534008683,0.7004341534008683,0.7004341534008683,0.6994219653179191,0.6983503843805158,0.0036823702783384217
14,0.08512578010559083,0.005763648758925818,0.0009023189544677734,0.00020082055651884432,0.1,"(50,)",10,"{'NN__alpha': 0.1, 'NN__hidden_layer_sizes': (50,), 'ica__n_components': 10}",0.6994219653179191,0.7369942196531792,0.6994219653179191,0.6994219653179191,0.7034883720930233,0.7077546296296297,0.01471462412379179,5,0.6975397973950795,0.711287988422576,0.703328509406657,0.7004341534008683,0.6994219653179191,0.7024024827886199,0.004821063158200043
15,0.08703079223632812,0.009193126244903885,0.000801992416381836,0.0002457293861629339,0.1,"(50,)",12,"{'NN__alpha': 0.1, 'NN__hidden_layer_sizes': (50,), 'ica__n_components': 12}",0.6994219653179191,0.6994219653179191,0.6994219653179191,0.6994219653179191,0.7034883720930233,0.7002314814814815,0.0016237319954344998,17,0.7004341534008683,0.7004341534008683,0.7004341534008683,0.7004341534008683,0.6994219653179191,0.7002317157842785,0.00040487523317969123
16,0.1540086269378662,0.06789902952946976,0.0007019996643066406,0.0002455932459091056,0.1,"(50,)",14,"{'NN__alpha': 0.1, 'NN__hidden_layer_sizes': (50,), 'ica__n_components': 14}",0.7283236994219653,0.6994219653179191,0.7109826589595376,0.6994219653179191,0.7034883720930233,0.7083333333333334,0.010857974613701384,4,0.7134587554269175,0.7127351664254703,0.7069464544138929,0.7004341534008683,0.6893063583815029,0.7045761776097305,0.008960036195369413
17,0.10908966064453125,0.017426031671766335,0.0006012439727783204,0.00020065330280537733,0.1,"(50,)",16,"{'NN__alpha': 0.1, 'NN__hidden_layer_sizes': (50,), 'ica__n_components': 16}",0.6994219653179191,0.6994219653179191,0.6994219653179191,0.6994219653179191,0.7034883720930233,0.7002314814814815,0.0016237319954344998,17,0.7004341534008683,0.7004341534008683,0.7004341534008683,0.7004341534008683,0.6994219653179191,0.7002317157842785,0.00040487523317969123
18,0.28365287780761717,0.09265879606145844,0.0007016658782958984,0.00024576850478042904,0.1,"(50,)",18,"{'NN__alpha': 0.1, 'NN__hidden_layer_sizes': (50,), 'ica__n_components': 18}",0.6994219653179191,0.6994219653179191,0.6994219653179191,0.6994219653179191,0.686046511627907,0.6967592592592593,0.005340870530437477,177,0.7004341534008683,0.7004341534008683,0.7004341534008683,0.7004341534008683,0.6994219653179191,0.7002317157842785,0.00040487523317969123
19,0.27643370628356934,0.09273551168066259,0.0010022640228271485,1.784161275279017e-07,0.1,"(50,)",20,"{'NN__alpha': 0.1, 'NN__hidden_layer_sizes': (50,), 'ica__n_components': 20}",0.6994219653179191,0.6994219653179191,0.6994219653179191,0.6994219653179191,0.686046511627907,0.6967592592592593,0.005340870530437477,177,0.7004341534008683,0.7004341534008683,0.7004341534008683,0.7004341534008683,0.6994219653179191,0.7002317157842785,0.00040487523317969123
20,0.055547046661376956,0.0024841847739004324,0.0005016803741455078,4.1019083342755444e-07,0.1,"(25,)",2,"{'NN__alpha': 0.1, 'NN__hidden_layer_sizes': (25,), 'ica__n_components': 2}",0.6994219653179191,0.6994219653179191,0.6994219653179191,0.6994219653179191,0.7034883720930233,0.7002314814814815,0.0016237319954344998,17,0.7004341534008683,0.7004341534008683,0.7004341534008683,0.7004341534008683,0.6994219653179191,0.7002317157842785,0.00040487523317969123
21,0.07981171607971191,0.0011604409500335906,0.0006015300750732422,0.00020062931222851804,0.1,"(25,)",4,"{'NN__alpha': 0.1, 'NN__hidden_layer_sizes': (25,), 'ica__n_components': 4}",0.6994219653179191,0.6994219653179191,0.6994219653179191,0.6994219653179191,0.7034883720930233,0.7002314814814815,0.0016237319954344998,17,0.7004341534008683,0.7004341534008683,0.7004341534008683,0.7004341534008683,0.6994219653179191,0.7002317157842785,0.00040487523317969123
22,0.09384899139404297,0.003939960031089608,0.0008024215698242187,0.00040127039929591633,0.1,"(25,)",6,"{'NN__alpha': 0.1, 'NN__hidden_layer_sizes': (25,), 'ica__n_components': 6}",0.6994219653179191,0.6734104046242775,0.6560693641618497,0.6936416184971098,0.7093023255813954,0.6863425925925926,0.019153476975669423,189,0.7004341534008683,0.6758321273516642,0.6823444283646889,0.7076700434153401,0.6950867052023122,0.6922734915469748,0.01166592589278794
23,0.07750558853149414,0.0055155178291156105,0.0008023262023925781,0.00040098431118391437,0.1,"(25,)",8,"{'NN__alpha': 0.1, 'NN__hidden_layer_sizes': (25,), 'ica__n_components': 8}",0.6994219653179191,0.6994219653179191,0.6994219653179191,0.6994219653179191,0.7034883720930233,0.7002314814814815,0.0016237319954344998,17,0.7004341534008683,0.7004341534008683,0.7004341534008683,0.7004341534008683,0.6994219653179191,0.7002317157842785,0.00040487523317969123
24,0.07690372467041015,0.009897447349802146,0.0007018566131591797,0.000245515363341049,0.1,"(25,)",10,"{'NN__alpha': 0.1, 'NN__hidden_layer_sizes': (25,), 'ica__n_components': 10}",0.6994219653179191,0.6994219653179191,0.6994219653179191,0.6994219653179191,0.7034883720930233,0.7002314814814815,0.0016237319954344998,17,0.7004341534008683,0.7004341534008683,0.7004341534008683,0.7004341534008683,0.6994219653179191,0.7002317157842785,0.00040487523317969123
25,0.0892366886138916,0.012844306790168458,0.0009020328521728516,0.00020020015895315455,0.1,"(25,)",12,"{'NN__alpha': 0.1, 'NN__hidden_layer_sizes': (25,), 'ica__n_components': 12}",0.6994219653179191,0.6994219653179191,0.6994219653179191,0.6994219653179191,0.7034883720930233,0.7002314814814815,0.0016237319954344998,17,0.7004341534008683,0.6924746743849494,0.6997105643994211,0.7004341534008683,0.6994219653179191,0.6984951021808052,0.0030365050236412826
26,0.11560654640197754,0.07691682916925459,0.0008032798767089843,0.0002463992239814685,0.1,"(25,)",14,"{'NN__alpha': 0.1, 'NN__hidden_layer_sizes': (25,), 'ica__n_components': 14}",0.6994219653179191,0.6994219653179191,0.6994219653179191,0.6994219653179191,0.6569767441860465,0.6909722222222222,0.016948541406890772,185,0.7004341534008683,0.7004341534008683,0.7004341534008683,0.7004341534008683,0.7023121387283237,0.7008097504663594,0.0007511941309821246
27,0.10427680015563964,0.015802481729274183,0.0006015300750732422,0.00020062948222380184,0.1,"(25,)",16,"{'NN__alpha': 0.1, 'NN__hidden_layer_sizes': (25,), 'ica__n_components': 16}",0.6994219653179191,0.6994219653179191,0.6994219653179191,0.6994219653179191,0.125,0.5850694444444444,0.22936891844598564,197,0.7004341534008683,0.7004341534008683,0.7004341534008683,0.7004341534008683,0.7189306358381503,0.7041334498883247,0.007398592974912788
28,0.2537735939025879,0.0941338778327823,0.0007019996643066406,0.00024588512050957356,0.1,"(25,)",18,"{'NN__alpha': 0.1, 'NN__hidden_layer_sizes': (25,), 'ica__n_components': 18}",0.6994219653179191,0.6994219653179191,0.6994219653179191,0.6994219653179191,0.7034883720930233,0.7002314814814815,0.0016237319954344998,17,0.7004341534008683,0.7004341534008683,0.7004341534008683,0.7004341534008683,0.6994219653179191,0.7002317157842785,0.00040487523317969123
29,0.25457563400268557,0.09905854888225457,0.0007019996643066406,0.0004008531960401299,0.1,"(25,)",20,"{'NN__alpha': 0.1, 'NN__hidden_layer_sizes': (25,), 'ica__n_components': 20}",0.6994219653179191,0.6994219653179191,0.6994219653179191,0.6994219653179191,0.7034883720930233,0.7002314814814815,0.0016237319954344998,17,0.7004341534008683,0.7004341534008683,0.7004341534008683,0.7004341534008683,0.6994219653179191,0.7002317157842785,0.00040487523317969123
30,0.09244542121887207,0.0014390730903649398,0.000701904296875,0.0002454765841478688,0.1,"(25, 25)",2,"{'NN__alpha': 0.1, 'NN__hidden_layer_sizes': (25, 25), 'ica__n_components': 2}",0.6994219653179191,0.6994219653179191,0.6994219653179191,0.6994219653179191,0.7034883720930233,0.7002314814814815,0.0016237319954344998,17,0.7004341534008683,0.7004341534008683,0.7004341534008683,0.7004341534008683,0.6994219653179191,0.7002317157842785,0.00040487523317969123
31,0.0962554931640625,0.0046812600595365315,0.0009025096893310547,0.0003752091464907698,0.1,"(25, 25)",4,"{'NN__alpha': 0.1, 'NN__hidden_layer_sizes': (25, 25), 'ica__n_components': 4}",0.6994219653179191,0.6994219653179191,0.6994219653179191,0.6994219653179191,0.7034883720930233,0.7002314814814815,0.0016237319954344998,17,0.7004341534008683,0.7004341534008683,0.7004341534008683,0.7004341534008683,0.6994219653179191,0.7002317157842785,0.00040487523317969123
32,0.11741175651550292,0.0112299991578244,0.0006016731262207031,0.00020067750579006455,0.1,"(25, 25)",6,"{'NN__alpha': 0.1, 'NN__hidden_layer_sizes': (25, 25), 'ica__n_components': 6}",0.6994219653179191,0.6965317919075145,0.6994219653179191,0.6994219653179191,0.7151162790697675,0.7019675925925926,0.006650305742945733,15,0.7004341534008683,0.6931982633863966,0.7004341534008683,0.7004341534008683,0.7247109826589595,0.7038423412495922,0.010804108672788311
33,0.12282614707946778,0.008810078126506651,0.000801992416381836,0.00024563207148103964,0.1,"(25, 25)",8,"{'NN__alpha': 0.1, 'NN__hidden_layer_sizes': (25, 25), 'ica__n_components': 8}",0.6994219653179191,0.6994219653179191,0.7138728323699421,0.6994219653179191,0.7151162790697675,0.7054398148148148,0.007391452461841375,9,0.7004341534008683,0.7004341534008683,0.7141823444283647,0.7004341534008683,0.7196531791907514,0.7070275967643443,0.008258525678399284
34,0.10397305488586425,0.00397666437022293,0.0009052753448486328,0.0008076430405197921,0.1,"(25, 25)",10,"{'NN__alpha': 0.1, 'NN__hidden_layer_sizes': (25, 25), 'ica__n_components': 10}",0.6994219653179191,0.6994219653179191,0.6994219653179191,0.6994219653179191,0.7034883720930233,0.7002314814814815,0.0016237319954344998,17,0.7004341534008683,0.7004341534008683,0.7004341534008683,0.7004341534008683,0.6994219653179191,0.7002317157842785,0.00040487523317969123
35,0.11580696105957031,0.008341200071147654,0.0009025096893310547,0.00020043857743937932,0.1,"(25, 25)",12,"{'NN__alpha': 0.1, 'NN__hidden_layer_sizes': (25, 25), 'ica__n_components': 12}",0.6994219653179191,0.6994219653179191,0.6994219653179191,0.6994219653179191,0.7034883720930233,0.7002314814814815,0.0016237319954344998,17,0.7004341534008683,0.7004341534008683,0.7004341534008683,0.7004341534008683,0.6994219653179191,0.7002317157842785,0.00040487523317969123
36,0.17847366333007814,0.07423544934957563,0.0008020401000976562,0.0002455737752680063,0.1,"(25, 25)",14,"{'NN__alpha': 0.1, 'NN__hidden_layer_sizes': (25, 25), 'ica__n_components': 14}",0.6994219653179191,0.6994219653179191,0.6994219653179191,0.6994219653179191,0.7034883720930233,0.7002314814814815,0.0016237319954344998,17,0.7004341534008683,0.7004341534008683,0.7004341534008683,0.7004341534008683,0.6994219653179191,0.7002317157842785,0.00040487523317969123
37,0.1186142921447754,0.01570857237384542,0.0008023262023925781,0.0002459050380653996,0.1,"(25, 25)",16,"{'NN__alpha': 0.1, 'NN__hidden_layer_sizes': (25, 25), 'ica__n_components': 16}",0.6994219653179191,0.6994219653179191,0.6994219653179191,0.6994219653179191,0.7034883720930233,0.7002314814814815,0.0016237319954344998,17,0.7004341534008683,0.7004341534008683,0.7004341534008683,0.7004341534008683,0.6994219653179191,0.7002317157842785,0.00040487523317969123
38,0.2647028923034668,0.09342962220272935,0.0010026931762695313,2.431401974483864e-07,0.1,"(25, 25)",18,"{'NN__alpha': 0.1, 'NN__hidden_layer_sizes': (25, 25), 'ica__n_components': 18}",0.6994219653179191,0.6994219653179191,0.6994219653179191,0.6994219653179191,0.7034883720930233,0.7002314814814815,0.0016237319954344998,17,0.7004341534008683,0.7004341534008683,0.7004341534008683,0.7004341534008683,0.6994219653179191,0.7002317157842785,0.00040487523317969123
39,0.260792875289917,0.08923712523801298,0.0010019302368164062,0.00031809208180531823,0.1,"(25, 25)",20,"{'NN__alpha': 0.1, 'NN__hidden_layer_sizes': (25, 25), 'ica__n_components': 20}",0.6994219653179191,0.6994219653179191,0.6994219653179191,0.6994219653179191,0.7034883720930233,0.7002314814814815,0.0016237319954344998,17,0.7004341534008683,0.7004341534008683,0.7004341534008683,0.7004341534008683,0.6994219653179191,0.7002317157842785,0.00040487523317969123
40,0.17205705642700195,0.0015007249656930964,0.0013034343719482422,0.0002456711593180903,0.1,"(100, 25, 100)",2,"{'NN__alpha': 0.1, 'NN__hidden_layer_sizes': (100, 25, 100), 'ica__n_components': 2}",0.6994219653179191,0.6994219653179191,0.6994219653179191,0.6994219653179191,0.7034883720930233,0.7002314814814815,0.0016237319954344998,17,0.7004341534008683,0.7004341534008683,0.7004341534008683,0.7004341534008683,0.6994219653179191,0.7002317157842785,0.00040487523317969123
41,0.18027853965759277,0.0048871958255289494,0.0011028766632080079,0.00020077253319462611,0.1,"(100, 25, 100)",4,"{'NN__alpha': 0.1, 'NN__hidden_layer_sizes': (100, 25, 100), 'ica__n_components': 4}",0.6994219653179191,0.6994219653179191,0.6994219653179191,0.6994219653179191,0.7034883720930233,0.7002314814814815,0.0016237319954344998,17,0.7004341534008683,0.7004341534008683,0.7004341534008683,0.7004341534008683,0.6994219653179191,0.7002317157842785,0.00040487523317969123
42,0.17797389030456542,0.008705639670156421,0.0014025211334228516,0.0005847344552620963,0.1,"(100, 25, 100)",6,"{'NN__alpha': 0.1, 'NN__hidden_layer_sizes': (100, 25, 100), 'ica__n_components': 6}",0.6994219653179191,0.6994219653179191,0.6994219653179191,0.6994219653179191,0.7034883720930233,0.7002314814814815,0.0016237319954344998,17,0.7004341534008683,0.7004341534008683,0.7004341534008683,0.7004341534008683,0.6994219653179191,0.7002317157842785,0.00040487523317969123
43,0.25557808876037597,0.04745727359593137,0.0018047332763671876,0.000600981719435129,0.1,"(100, 25, 100)",8,"{'NN__alpha': 0.1, 'NN__hidden_layer_sizes': (100, 25, 100), 'ica__n_components': 8}",0.6994219653179191,0.6994219653179191,0.6994219653179191,0.6994219653179191,0.7034883720930233,0.7002314814814815,0.0016237319954344998,17,0.7004341534008683,0.7004341534008683,0.7004341534008683,0.7004341534008683,0.6994219653179191,0.7002317157842785,0.00040487523317969123
44,0.18398847579956054,0.0063729084623241365,0.0013033390045166016,0.00024578795999559644,0.1,"(100, 25, 100)",10,"{'NN__alpha': 0.1, 'NN__hidden_layer_sizes': (100, 25, 100), 'ica__n_components': 10}",0.6994219653179191,0.6994219653179191,0.6994219653179191,0.6994219653179191,0.7034883720930233,0.7002314814814815,0.0016237319954344998,17,0.7004341534008683,0.7004341534008683,0.7004341534008683,0.7004341534008683,0.6994219653179191,0.7002317157842785,0.00040487523317969123
45,0.19762468338012695,0.012513104324287936,0.0013035297393798827,0.0002457489184932245,0.1,"(100, 25, 100)",12,"{'NN__alpha': 0.1, 'NN__hidden_layer_sizes': (100, 25, 100), 'ica__n_components': 12}",0.6994219653179191,0.6994219653179191,0.6994219653179191,0.6994219653179191,0.7034883720930233,0.7002314814814815,0.0016237319954344998,17,0.7004341534008683,0.7004341534008683,0.7004341534008683,0.7004341534008683,0.6994219653179191,0.7002317157842785,0.00040487523317969123
46,0.2621957302093506,0.08205786834127962,0.0013034820556640625,0.000245807839173952,0.1,"(100, 25, 100)",14,"{'NN__alpha': 0.1, 'NN__hidden_layer_sizes': (100, 25, 100), 'ica__n_components': 14}",0.6994219653179191,0.6994219653179191,0.6994219653179191,0.6994219653179191,0.7034883720930233,0.7002314814814815,0.0016237319954344998,17,0.7004341534008683,0.7004341534008683,0.7004341534008683,0.7004341534008683,0.6994219653179191,0.7002317157842785,0.00040487523317969123
47,0.22389426231384277,0.018644309947909516,0.0017043113708496093,0.0004009724939205254,0.1,"(100, 25, 100)",16,"{'NN__alpha': 0.1, 'NN__hidden_layer_sizes': (100, 25, 100), 'ica__n_components': 16}",0.6994219653179191,0.6994219653179191,0.6994219653179191,0.6994219653179191,0.7034883720930233,0.7002314814814815,0.0016237319954344998,17,0.7004341534008683,0.7004341534008683,0.7004341534008683,0.7004341534008683,0.6994219653179191,0.7002317157842785,0.00040487523317969123
48,0.38091230392456055,0.10098292905781649,0.0017046928405761719,0.00024537930820071733,0.1,"(100, 25, 100)",18,"{'NN__alpha': 0.1, 'NN__hidden_layer_sizes': (100, 25, 100), 'ica__n_components': 18}",0.6994219653179191,0.6994219653179191,0.6994219653179191,0.6994219653179191,0.7034883720930233,0.7002314814814815,0.0016237319954344998,17,0.7004341534008683,0.7004341534008683,0.7004341534008683,0.7004341534008683,0.6994219653179191,0.7002317157842785,0.00040487523317969123
49,0.3538412094116211,0.103005484615812,0.0015040397644042968,4.422005889652111e-07,0.1,"(100, 25, 100)",20,"{'NN__alpha': 0.1, 'NN__hidden_layer_sizes': (100, 25, 100), 'ica__n_components': 20}",0.6994219653179191,0.6994219653179191,0.6994219653179191,0.6994219653179191,0.7034883720930233,0.7002314814814815,0.0016237319954344998,17,0.7004341534008683,0.7004341534008683,0.7004341534008683,0.7004341534008683,0.6994219653179191,0.7002317157842785,0.00040487523317969123
50,0.10427746772766114,0.0034444210894985167,0.0010030269622802734,2.132480599880018e-07,0.01,"(50, 50)",2,"{'NN__alpha': 0.01, 'NN__hidden_layer_sizes': (50, 50), 'ica__n_components': 2}",0.6994219653179191,0.6994219653179191,0.6994219653179191,0.6994219653179191,0.7034883720930233,0.7002314814814815,0.0016237319954344998,17,0.7004341534008683,0.7004341534008683,0.7004341534008683,0.7004341534008683,0.6994219653179191,0.7002317157842785,0.00040487523317969123
51,0.11610851287841797,0.005651477900782772,0.0010028362274169921,0.00031726059944821853,0.01,"(50, 50)",4,"{'NN__alpha': 0.01, 'NN__hidden_layer_sizes': (50, 50), 'ica__n_components': 4}",0.6994219653179191,0.6994219653179191,0.6994219653179191,0.6994219653179191,0.7034883720930233,0.7002314814814815,0.0016237319954344998,17,0.7004341534008683,0.7004341534008683,0.7004341534008683,0.7004341534008683,0.6994219653179191,0.7002317157842785,0.00040487523317969123
52,0.1221250057220459,0.0036096096180548583,0.0009022712707519531,0.00020067727918389566,0.01,"(50, 50)",6,"{'NN__alpha': 0.01, 'NN__hidden_layer_sizes': (50, 50), 'ica__n_components': 6}",0.6994219653179191,0.6994219653179191,0.6994219653179191,0.6994219653179191,0.7034883720930233,0.7002314814814815,0.0016237319954344998,17,0.7004341534008683,0.7004341534008683,0.7004341534008683,0.7004341534008683,0.6994219653179191,0.7002317157842785,0.00040487523317969123
53,0.12723870277404786,0.007833614952826194,0.0010025501251220703,0.00031695911462460854,0.01,"(50, 50)",8,"{'NN__alpha': 0.01, 'NN__hidden_layer_sizes': (50, 50), 'ica__n_components': 8}",0.6994219653179191,0.6994219653179191,0.6994219653179191,0.6994219653179191,0.7034883720930233,0.7002314814814815,0.0016237319954344998,17,0.7004341534008683,0.7004341534008683,0.7004341534008683,0.7004341534008683,0.6994219653179191,0.7002317157842785,0.00040487523317969123
54,0.12713837623596191,0.01002957863623039,0.00100250244140625,3.814697265625e-07,0.01,"(50, 50)",10,"{'NN__alpha': 0.01, 'NN__hidden_layer_sizes': (50, 50), 'ica__n_components': 10}",0.6994219653179191,0.6994219653179191,0.6994219653179191,0.6994219653179191,0.7034883720930233,0.7002314814814815,0.0016237319954344998,17,0.7004341534008683,0.7004341534008683,0.7004341534008683,0.7004341534008683,0.6994219653179191,0.7002317157842785,0.00040487523317969123
55,0.13355517387390137,0.012621526091698245,0.0009023666381835938,0.0002004862611366508,0.01,"(50, 50)",12,"{'NN__alpha': 0.01, 'NN__hidden_layer_sizes': (50, 50), 'ica__n_components': 12}",0.6994219653179191,0.6994219653179191,0.6994219653179191,0.6994219653179191,0.7034883720930233,0.7002314814814815,0.0016237319954344998,17,0.7004341534008683,0.7004341534008683,0.7004341534008683,0.7004341534008683,0.6994219653179191,0.7002317157842785,0.00040487523317969123
56,0.18419008255004882,0.07541275865545331,0.0008022308349609375,0.0002455347182296647,0.01,"(50, 50)",14,"{'NN__alpha': 0.01, 'NN__hidden_layer_sizes': (50, 50), 'ica__n_components': 14}",0.6994219653179191,0.6994219653179191,0.6994219653179191,0.6994219653179191,0.7034883720930233,0.7002314814814815,0.0016237319954344998,17,0.7004341534008683,0.7004341534008683,0.7004341534008683,0.7004341534008683,0.6994219653179191,0.7002317157842785,0.00040487523317969123
57,0.15611529350280762,0.010931486404317748,0.0010036945343017579,0.00031922470325336256,0.01,"(50, 50)",16,"{'NN__alpha': 0.01, 'NN__hidden_layer_sizes': (50, 50), 'ica__n_components': 16}",0.6994219653179191,0.6994219653179191,0.6994219653179191,0.6994219653179191,0.7034883720930233,0.7002314814814815,0.0016237319954344998,17,0.7004341534008683,0.7004341534008683,0.7004341534008683,0.7004341534008683,0.6994219653179191,0.7002317157842785,0.00040487523317969123
58,0.3227588653564453,0.08524713898489342,0.0009022235870361328,0.00020053462513757724,0.01,"(50, 50)",18,"{'NN__alpha': 0.01, 'NN__hidden_layer_sizes': (50, 50), 'ica__n_components': 18}",0.6994219653179191,0.6994219653179191,0.6994219653179191,0.6994219653179191,0.7034883720930233,0.7002314814814815,0.0016237319954344998,17,0.7004341534008683,0.7004341534008683,0.7004341534008683,0.7004341534008683,0.6994219653179191,0.7002317157842785,0.00040487523317969123
59,0.35544548034667967,0.11652282516530164,0.001203441619873047,0.0002459437404571495,0.01,"(50, 50)",20,"{'NN__alpha': 0.01, 'NN__hidden_layer_sizes': (50, 50), 'ica__n_components': 20}",0.6994219653179191,0.6994219653179191,0.6994219653179191,0.6994219653179191,0.7034883720930233,0.7002314814814815,0.0016237319954344998,17,0.7004341534008683,0.7004341534008683,0.7004341534008683,0.7004341534008683,0.6994219653179191,0.7002317157842785,0.00040487523317969123
60,0.0635688304901123,0.0035223551331191026,0.0015049457550048828,0.0010509618656261988,0.01,"(50,)",2,"{'NN__alpha': 0.01, 'NN__hidden_layer_sizes': (50,), 'ica__n_components': 2}",0.6994219653179191,0.6994219653179191,0.6994219653179191,0.6994219653179191,0.7034883720930233,0.7002314814814815,0.0016237319954344998,17,0.7004341534008683,0.7004341534008683,0.7004341534008683,0.7004341534008683,0.6994219653179191,0.7002317157842785,0.00040487523317969123
61,0.08031344413757324,0.008527828599705564,0.0008022308349609375,0.0002459241773720286,0.01,"(50,)",4,"{'NN__alpha': 0.01, 'NN__hidden_layer_sizes': (50,), 'ica__n_components': 4}",0.6994219653179191,0.6994219653179191,0.6994219653179191,0.6994219653179191,0.7034883720930233,0.7002314814814815,0.0016237319954344998,17,0.7004341534008683,0.7004341534008683,0.7004341534008683,0.7004341534008683,0.6994219653179191,0.7002317157842785,0.00040487523317969123
62,0.08101558685302734,0.0030011902734940745,0.0009023189544677734,0.0002004625681577319,0.01,"(50,)",6,"{'NN__alpha': 0.01, 'NN__hidden_layer_sizes': (50,), 'ica__n_components': 6}",0.6994219653179191,0.6994219653179191,0.6994219653179191,0.6994219653179191,0.7034883720930233,0.7002314814814815,0.0016237319954344998,17,0.7004341534008683,0.7004341534008683,0.7004341534008683,0.7004341534008683,0.6994219653179191,0.7002317157842785,0.00040487523317969123
63,0.1202197551727295,0.008919645625465553,0.0016042709350585938,0.001748295777535216,0.01,"(50,)",8,"{'NN__alpha': 0.01, 'NN__hidden_layer_sizes': (50,), 'ica__n_components': 8}",0.5809248554913294,0.6994219653179191,0.6994219653179191,0.6994219653179191,0.7034883720930233,0.6765046296296297,0.04785029693419294,195,0.6772793053545586,0.7004341534008683,0.7004341534008683,0.7004341534008683,0.6994219653179191,0.6956007461750165,0.009169104489625764
64,0.08933720588684083,0.011793158025219283,0.0007020950317382813,0.0002455154096464311,0.01,"(50,)",10,"{'NN__alpha': 0.01, 'NN__hidden_layer_sizes': (50,), 'ica__n_components': 10}",0.6994219653179191,0.7369942196531792,0.6994219653179191,0.6994219653179191,0.7034883720930233,0.7077546296296297,0.01471462412379179,5,0.6975397973950795,0.711287988422576,0.703328509406657,0.7004341534008683,0.6994219653179191,0.7024024827886199,0.004821063158200043
65,0.09705820083618164,0.01467361940795412,0.0009022712707519531,0.00037552845920962066,0.01,"(50,)",12,"{'NN__alpha': 0.01, 'NN__hidden_layer_sizes': (50,), 'ica__n_components': 12}",0.6994219653179191,0.6994219653179191,0.6994219653179191,0.6994219653179191,0.7034883720930233,0.7002314814814815,0.0016237319954344998,17,0.7004341534008683,0.7004341534008683,0.7004341534008683,0.7004341534008683,0.6994219653179191,0.7002317157842785,0.00040487523317969123
66,0.1610283374786377,0.07119118614788975,0.0008021831512451172,0.00024559310703696014,0.01,"(50,)",14,"{'NN__alpha': 0.01, 'NN__hidden_layer_sizes': (50,), 'ica__n_components': 14}",0.7341040462427746,0.6994219653179191,0.7109826589595376,0.6994219653179191,0.7034883720930233,0.7094907407407407,0.013019993571749107,2,0.7120115774240231,0.7098408104196816,0.7040520984081042,0.7004341534008683,0.690028901734104,0.7032735082773562,0.007791932379486052
67,0.12423043251037598,0.015197600700595301,0.0008021354675292969,0.0002458464181381802,0.01,"(50,)",16,"{'NN__alpha': 0.01, 'NN__hidden_layer_sizes': (50,), 'ica__n_components': 16}",0.6994219653179191,0.6994219653179191,0.6994219653179191,0.6994219653179191,0.7034883720930233,0.7002314814814815,0.0016237319954344998,17,0.7004341534008683,0.7004341534008683,0.7004341534008683,0.7004341534008683,0.6994219653179191,0.7002317157842785,0.00040487523317969123
68,0.31032538414001465,0.11324510034288426,0.0009024143218994141,0.00020086784391082826,0.01,"(50,)",18,"{'NN__alpha': 0.01, 'NN__hidden_layer_sizes': (50,), 'ica__n_components': 18}",0.6994219653179191,0.6994219653179191,0.6994219653179191,0.6994219653179191,0.6715116279069767,0.6938657407407407,0.011144705968664124,179,0.7004341534008683,0.7004341534008683,0.7004341534008683,0.7004341534008683,0.6994219653179191,0.7002317157842785,0.00040487523317969123
69,0.3204524993896484,0.10155325687462563,0.0006013393402099609,0.0002006054774638495,0.01,"(50,)",20,"{'NN__alpha': 0.01, 'NN__hidden_layer_sizes': (50,), 'ica__n_components': 20}",0.6994219653179191,0.6994219653179191,0.6994219653179191,0.6994219653179191,0.6715116279069767,0.6938657407407407,0.011144705968664124,179,0.7004341534008683,0.7004341534008683,0.7004341534008683,0.7004341534008683,0.6994219653179191,0.7002317157842785,0.00040487523317969123
70,0.05574884414672852,0.0034936446999197417,0.0006012439727783204,0.0001999383037533094,0.01,"(25,)",2,"{'NN__alpha': 0.01, 'NN__hidden_layer_sizes': (25,), 'ica__n_components': 2}",0.6994219653179191,0.6994219653179191,0.6994219653179191,0.6994219653179191,0.7034883720930233,0.7002314814814815,0.0016237319954344998,17,0.7004341534008683,0.7004341534008683,0.7004341534008683,0.7004341534008683,0.6994219653179191,0.7002317157842785,0.00040487523317969123
71,0.07670397758483886,0.003738059323039621,0.0006014823913574219,0.00020041479940724808,0.01,"(25,)",4,"{'NN__alpha': 0.01, 'NN__hidden_layer_sizes': (25,), 'ica__n_components': 4}",0.6994219653179191,0.6994219653179191,0.6994219653179191,0.6994219653179191,0.7034883720930233,0.7002314814814815,0.0016237319954344998,17,0.7004341534008683,0.7004341534008683,0.7004341534008683,0.7004341534008683,0.6994219653179191,0.7002317157842785,0.00040487523317969123
72,0.09064135551452637,0.0017192851618963623,0.0005013465881347657,4.862803948967729e-07,0.01,"(25,)",6,"{'NN__alpha': 0.01, 'NN__hidden_layer_sizes': (25,), 'ica__n_components': 6}",0.6994219653179191,0.6676300578034682,0.6502890173410405,0.6820809248554913,0.7093023255813954,0.6817129629629629,0.021255217206193874,191,0.7004341534008683,0.6722141823444283,0.6837916063675832,0.7018813314037626,0.6950867052023122,0.6906815957437911,0.011211322493948945
73,0.07048759460449219,0.004141403527572381,0.0008029937744140625,0.00024606479173298917,0.01,"(25,)",8,"{'NN__alpha': 0.01, 'NN__hidden_layer_sizes': (25,), 'ica__n_components': 8}",0.6994219653179191,0.6994219653179191,0.6994219653179191,0.6994219653179191,0.7034883720930233,0.7002314814814815,0.0016237319954344998,17,0.7004341534008683,0.7004341534008683,0.7004341534008683,0.7004341534008683,0.6994219653179191,0.7002317157842785,0.00040487523317969123
74,0.08392372131347656,0.008999217970612624,0.0007018566131591797,0.0002460028455438461,0.01,"(25,)",10,"{'NN__alpha': 0.01, 'NN__hidden_layer_sizes': (25,), 'ica__n_components': 10}",0.6994219653179191,0.6994219653179191,0.6994219653179191,0.6994219653179191,0.7034883720930233,0.7002314814814815,0.0016237319954344998,17,0.7004341534008683,0.7004341534008683,0.7004341534008683,0.7004341534008683,0.6994219653179191,0.7002317157842785,0.00040487523317969123
75,0.09525341987609863,0.013073397020406658,0.0007016658782958984,0.0002452822254221803,0.01,"(25,)",12,"{'NN__alpha': 0.01, 'NN__hidden_layer_sizes': (25,), 'ica__n_components': 12}",0.6994219653179191,0.6994219653179191,0.6994219653179191,0.6994219653179191,0.7034883720930233,0.7002314814814815,0.0016237319954344998,17,0.7004341534008683,0.7004341534008683,0.6997105643994211,0.7004341534008683,0.6994219653179191,0.7000869979839891,0.0004348612056591474
76,0.12342820167541504,0.08751038901574845,0.0008023738861083985,0.00024584618692291164,0.01,"(25,)",14,"{'NN__alpha': 0.01, 'NN__hidden_layer_sizes': (25,), 'ica__n_components': 14}",0.6994219653179191,0.6994219653179191,0.6994219653179191,0.6994219653179191,0.6540697674418605,0.6903935185185185,0.018109308494536056,186,0.7004341534008683,0.7004341534008683,0.7004341534008683,0.7004341534008683,0.7030346820809249,0.7009542591368796,0.001040211472022623
77,0.09916396141052246,0.020761328808177725,0.0006014347076416015,0.0002004397685356888,0.01,"(25,)",16,"{'NN__alpha': 0.01, 'NN__hidden_layer_sizes': (25,), 'ica__n_components': 16}",0.6994219653179191,0.6994219653179191,0.6994219653179191,0.6994219653179191,0.125,0.5850694444444444,0.22936891844598564,197,0.7004341534008683,0.7004341534008683,0.7004341534008683,0.7004341534008683,0.7189306358381503,0.7041334498883247,0.007398592974912788
78,0.24154281616210938,0.09176026157050048,0.0008019447326660156,0.0004009128635961935,0.01,"(25,)",18,"{'NN__alpha': 0.01, 'NN__hidden_layer_sizes': (25,), 'ica__n_components': 18}",0.6994219653179191,0.6994219653179191,0.6994219653179191,0.6994219653179191,0.7034883720930233,0.7002314814814815,0.0016237319954344998,17,0.7004341534008683,0.7004341534008683,0.7004341534008683,0.7004341534008683,0.6994219653179191,0.7002317157842785,0.00040487523317969123
79,0.2406402587890625,0.09416606620609434,0.0006015300750732422,0.00020051016677143834,0.01,"(25,)",20,"{'NN__alpha': 0.01, 'NN__hidden_layer_sizes': (25,), 'ica__n_components': 20}",0.6994219653179191,0.6994219653179191,0.6994219653179191,0.6994219653179191,0.7034883720930233,0.7002314814814815,0.0016237319954344998,17,0.7004341534008683,0.7004341534008683,0.7004341534008683,0.7004341534008683,0.6994219653179191,0.7002317157842785,0.00040487523317969123
80,0.08392333984375,0.0038392308956442644,0.0006015777587890625,0.00020060553413569276,0.01,"(25, 25)",2,"{'NN__alpha': 0.01, 'NN__hidden_layer_sizes': (25, 25), 'ica__n_components': 2}",0.6994219653179191,0.6994219653179191,0.6994219653179191,0.6994219653179191,0.7034883720930233,0.7002314814814815,0.0016237319954344998,17,0.7004341534008683,0.7004341534008683,0.7004341534008683,0.7004341534008683,0.6994219653179191,0.7002317157842785,0.00040487523317969123
81,0.08763360977172852,0.003939773147261104,0.0007014274597167969,0.0002456710667660305,0.01,"(25, 25)",4,"{'NN__alpha': 0.01, 'NN__hidden_layer_sizes': (25, 25), 'ica__n_components': 4}",0.6994219653179191,0.6994219653179191,0.6994219653179191,0.6994219653179191,0.7034883720930233,0.7002314814814815,0.0016237319954344998,17,0.7004341534008683,0.7004341534008683,0.7004341534008683,0.7004341534008683,0.6994219653179191,0.7002317157842785,0.00040487523317969123
82,0.12292680740356446,0.009354609115012853,0.0007019996643066406,0.000245495784643015,0.01,"(25, 25)",6,"{'NN__alpha': 0.01, 'NN__hidden_layer_sizes': (25, 25), 'ica__n_components': 6}",0.6994219653179191,0.6965317919075145,0.6994219653179191,0.6994219653179191,0.7209302325581395,0.703125,0.00894722647832379,14,0.7004341534008683,0.6968162083936325,0.7004341534008683,0.7004341534008683,0.7290462427745664,0.7054329822741608,0.011889488919895243
83,0.11681060791015625,0.00805913996694607,0.0007016658782958984,0.00024586571922207036,0.01,"(25, 25)",8,"{'NN__alpha': 0.01, 'NN__hidden_layer_sizes': (25, 25), 'ica__n_components': 8}",0.6994219653179191,0.6994219653179191,0.7138728323699421,0.6994219653179191,0.7151162790697675,0.7054398148148148,0.007391452461841375,9,0.7004341534008683,0.7004341534008683,0.7141823444283647,0.7004341534008683,0.7196531791907514,0.7070275967643443,0.008258525678399284
84,0.10197286605834961,0.009076378182443806,0.0006000518798828125,0.0002012686321151064,0.01,"(25, 25)",10,"{'NN__alpha': 0.01, 'NN__hidden_layer_sizes': (25, 25), 'ica__n_components': 10}",0.6994219653179191,0.6994219653179191,0.6994219653179191,0.6994219653179191,0.7034883720930233,0.7002314814814815,0.0016237319954344998,17,0.7004341534008683,0.7004341534008683,0.7004341534008683,0.7004341534008683,0.6994219653179191,0.7002317157842785,0.00040487523317969123
85,0.10919146537780762,0.008738045852992813,0.0009016036987304687,0.0002004670483756104,0.01,"(25, 25)",12,"{'NN__alpha': 0.01, 'NN__hidden_layer_sizes': (25, 25), 'ica__n_components': 12}",0.6994219653179191,0.6994219653179191,0.6994219653179191,0.6994219653179191,0.7034883720930233,0.7002314814814815,0.0016237319954344998,17,0.7004341534008683,0.7004341534008683,0.7004341534008683,0.7004341534008683,0.6994219653179191,0.7002317157842785,0.00040487523317969123
86,0.18820066452026368,0.06591196482035791,0.0009024620056152343,0.00020077236332046453,0.01,"(25, 25)",14,"{'NN__alpha': 0.01, 'NN__hidden_layer_sizes': (25, 25), 'ica__n_components': 14}",0.6994219653179191,0.6994219653179191,0.6994219653179191,0.6994219653179191,0.7034883720930233,0.7002314814814815,0.0016237319954344998,17,0.7004341534008683,0.7004341534008683,0.7004341534008683,0.7004341534008683,0.6994219653179191,0.7002317157842785,0.00040487523317969123
87,0.12352876663208008,0.016342366985977744,0.0008021354675292969,0.0002455542197465369,0.01,"(25, 25)",16,"{'NN__alpha': 0.01, 'NN__hidden_layer_sizes': (25, 25), 'ica__n_components': 16}",0.6994219653179191,0.6994219653179191,0.6994219653179191,0.6994219653179191,0.7034883720930233,0.7002314814814815,0.0016237319954344998,17,0.7004341534008683,0.7004341534008683,0.7004341534008683,0.7004341534008683,0.6994219653179191,0.7002317157842785,0.00040487523317969123
88,0.26661205291748047,0.09041069465461647,0.0009999275207519531,5.4867362455911735e-06,0.01,"(25, 25)",18,"{'NN__alpha': 0.01, 'NN__hidden_layer_sizes': (25, 25), 'ica__n_components': 18}",0.6994219653179191,0.6994219653179191,0.6994219653179191,0.6994219653179191,0.7034883720930233,0.7002314814814815,0.0016237319954344998,17,0.7004341534008683,0.7004341534008683,0.7004341534008683,0.7004341534008683,0.6994219653179191,0.7002317157842785,0.00040487523317969123
89,0.2810478210449219,0.0930315758399424,0.0008018970489501953,0.0002457491498000089,0.01,"(25, 25)",20,"{'NN__alpha': 0.01, 'NN__hidden_layer_sizes': (25, 25), 'ica__n_components': 20}",0.6994219653179191,0.6994219653179191,0.6994219653179191,0.6994219653179191,0.7034883720930233,0.7002314814814815,0.0016237319954344998,17,0.7004341534008683,0.7004341534008683,0.7004341534008683,0.7004341534008683,0.6994219653179191,0.7002317157842785,0.00040487523317969123
90,0.17636923789978026,0.008048738292217908,0.0011030197143554687,0.000200581741888367,0.01,"(100, 25, 100)",2,"{'NN__alpha': 0.01, 'NN__hidden_layer_sizes': (100, 25, 100), 'ica__n_components': 2}",0.6994219653179191,0.6994219653179191,0.6994219653179191,0.6994219653179191,0.7034883720930233,0.7002314814814815,0.0016237319954344998,17,0.7004341534008683,0.7004341534008683,0.7004341534008683,0.7004341534008683,0.6994219653179191,0.7002317157842785,0.00040487523317969123
91,0.2272040367126465,0.04481962001022268,0.0013034820556640625,0.0002456126316900211,0.01,"(100, 25, 100)",4,"{'NN__alpha': 0.01, 'NN__hidden_layer_sizes': (100, 25, 100), 'ica__n_components': 4}",0.6994219653179191,0.6994219653179191,0.6994219653179191,0.6994219653179191,0.7034883720930233,0.7002314814814815,0.0016237319954344998,17,0.7004341534008683,0.7004341534008683,0.7004341534008683,0.7004341534008683,0.6994219653179191,0.7002317157842785,0.00040487523317969123
92,0.18148279190063477,0.009798709456583898,0.0012033939361572265,0.00024559324590910553,0.01,"(100, 25, 100)",6,"{'NN__alpha': 0.01, 'NN__hidden_layer_sizes': (100, 25, 100), 'ica__n_components': 6}",0.6994219653179191,0.6994219653179191,0.6994219653179191,0.6994219653179191,0.7034883720930233,0.7002314814814815,0.0016237319954344998,17,0.7004341534008683,0.7004341534008683,0.7004341534008683,0.7004341534008683,0.6994219653179191,0.7002317157842785,0.00040487523317969123
93,0.21316728591918946,0.011634746719890877,0.0015035629272460937,0.0005488583481175128,0.01,"(100, 25, 100)",8,"{'NN__alpha': 0.01, 'NN__hidden_layer_sizes': (100, 25, 100), 'ica__n_components': 8}",0.6994219653179191,0.6994219653179191,0.6994219653179191,0.6994219653179191,0.7034883720930233,0.7002314814814815,0.0016237319954344998,17,0.7004341534008683,0.7004341534008683,0.7004341534008683,0.7004341534008683,0.6994219653179191,0.7002317157842785,0.00040487523317969123
94,0.2043436050415039,0.016746321718115378,0.0015039920806884765,0.00031718508844021505,0.01,"(100, 25, 100)",10,"{'NN__alpha': 0.01, 'NN__hidden_layer_sizes': (100, 25, 100), 'ica__n_components': 10}",0.6994219653179191,0.6994219653179191,0.6994219653179191,0.6994219653179191,0.7034883720930233,0.7002314814814815,0.0016237319954344998,17,0.7004341534008683,0.7004341534008683,0.7004341534008683,0.7004341534008683,0.6994219653179191,0.7002317157842785,0.00040487523317969123
95,0.20805368423461915,0.00924417262536655,0.0018048286437988281,0.0011258270314440785,0.01,"(100, 25, 100)",12,"{'NN__alpha': 0.01, 'NN__hidden_layer_sizes': (100, 25, 100), 'ica__n_components': 12}",0.6994219653179191,0.6994219653179191,0.6994219653179191,0.6994219653179191,0.7034883720930233,0.7002314814814815,0.0016237319954344998,17,0.7004341534008683,0.7004341534008683,0.7004341534008683,0.7004341534008683,0.6994219653179191,0.7002317157842785,0.00040487523317969123
96,0.26851425170898435,0.073953473998637,0.0014037609100341797,0.00037536209189473267,0.01,"(100, 25, 100)",14,"{'NN__alpha': 0.01, 'NN__hidden_layer_sizes': (100, 25, 100), 'ica__n_components': 14}",0.6994219653179191,0.6994219653179191,0.6994219653179191,0.6994219653179191,0.7034883720930233,0.7002314814814815,0.0016237319954344998,17,0.7004341534008683,0.7004341534008683,0.7004341534008683,0.7004341534008683,0.6994219653179191,0.7002317157842785,0.00040487523317969123
97,0.20143580436706543,0.016661893295404066,0.0015039920806884765,0.0004486206638514885,0.01,"(100, 25, 100)",16,"{'NN__alpha': 0.01, 'NN__hidden_layer_sizes': (100, 25, 100), 'ica__n_components': 16}",0.6994219653179191,0.6994219653179191,0.6994219653179191,0.6994219653179191,0.7034883720930233,0.7002314814814815,0.0016237319954344998,17,0.7004341534008683,0.7004341534008683,0.7004341534008683,0.7004341534008683,0.6994219653179191,0.7002317157842785,0.00040487523317969123
98,0.3592552185058594,0.09738106151344417,0.0012033939361572265,0.0002455937088156898,0.01,"(100, 25, 100)",18,"{'NN__alpha': 0.01, 'NN__hidden_layer_sizes': (100, 25, 100), 'ica__n_components': 18}",0.6994219653179191,0.6994219653179191,0.6994219653179191,0.6994219653179191,0.7034883720930233,0.7002314814814815,0.0016237319954344998,17,0.7004341534008683,0.7004341534008683,0.7004341534008683,0.7004341534008683,0.6994219653179191,0.7002317157842785,0.00040487523317969123
99,0.36406855583190917,0.0920835150608079,0.00140380859375,0.00020039095047464555,0.01,"(100, 25, 100)",20,"{'NN__alpha': 0.01, 'NN__hidden_layer_sizes': (100, 25, 100), 'ica__n_components': 20}",0.6994219653179191,0.6994219653179191,0.6994219653179191,0.6994219653179191,0.7034883720930233,0.7002314814814815,0.0016237319954344998,17,0.7004341534008683,0.7004341534008683,0.7004341534008683,0.7004341534008683,0.6994219653179191,0.7002317157842785,0.00040487523317969123
100,0.11530694961547852,0.006301809943661978,0.0008021354675292969,0.0002454570208831986,0.001,"(50, 50)",2,"{'NN__alpha': 0.001, 'NN__hidden_layer_sizes': (50, 50), 'ica__n_components': 2}",0.6994219653179191,0.6994219653179191,0.6994219653179191,0.6994219653179191,0.7034883720930233,0.7002314814814815,0.0016237319954344998,17,0.7004341534008683,0.7004341534008683,0.7004341534008683,0.7004341534008683,0.6994219653179191,0.7002317157842785,0.00040487523317969123
101,0.11410608291625976,0.003117680367204425,0.0010001182556152344,4.626549233092183e-06,0.001,"(50, 50)",4,"{'NN__alpha': 0.001, 'NN__hidden_layer_sizes': (50, 50), 'ica__n_components': 4}",0.6994219653179191,0.6994219653179191,0.6994219653179191,0.6994219653179191,0.7034883720930233,0.7002314814814815,0.0016237319954344998,17,0.7004341534008683,0.7004341534008683,0.7004341534008683,0.7004341534008683,0.6994219653179191,0.7002317157842785,0.00040487523317969123
102,0.13315577507019044,0.012350867511029682,0.001201629638671875,0.00039839757409085134,0.001,"(50, 50)",6,"{'NN__alpha': 0.001, 'NN__hidden_layer_sizes': (50, 50), 'ica__n_components': 6}",0.6994219653179191,0.6994219653179191,0.6994219653179191,0.6994219653179191,0.7034883720930233,0.7002314814814815,0.0016237319954344998,17,0.7004341534008683,0.7004341534008683,0.7004341534008683,0.7004341534008683,0.6994219653179191,0.7002317157842785,0.00040487523317969123
103,0.1353598117828369,0.021728316919304408,0.0010026931762695313,0.0003167329436939531,0.001,"(50, 50)",8,"{'NN__alpha': 0.001, 'NN__hidden_layer_sizes': (50, 50), 'ica__n_components': 8}",0.6994219653179191,0.6994219653179191,0.6994219653179191,0.6994219653179191,0.7034883720930233,0.7002314814814815,0.0016237319954344998,17,0.7004341534008683,0.7004341534008683,0.7004341534008683,0.7004341534008683,0.6994219653179191,0.7002317157842785,0.00040487523317969123
104,0.14017324447631835,0.01416042623655593,0.0010026454925537109,4.422005889652111e-07,0.001,"(50, 50)",10,"{'NN__alpha': 0.001, 'NN__hidden_layer_sizes': (50, 50), 'ica__n_components': 10}",0.6994219653179191,0.6994219653179191,0.6994219653179191,0.6994219653179191,0.7034883720930233,0.7002314814814815,0.0016237319954344998,17,0.7004341534008683,0.7004341534008683,0.7004341534008683,0.7004341534008683,0.6994219653179191,0.7002317157842785,0.00040487523317969123
105,0.13676342964172364,0.009503476655665553,0.0009026050567626954,0.0002006058741664158,0.001,"(50, 50)",12,"{'NN__alpha': 0.001, 'NN__hidden_layer_sizes': (50, 50), 'ica__n_components': 12}",0.6994219653179191,0.6994219653179191,0.6994219653179191,0.6994219653179191,0.7034883720930233,0.7002314814814815,0.0016237319954344998,17,0.7004341534008683,0.7004341534008683,0.7004341534008683,0.7004341534008683,0.6994219653179191,0.7002317157842785,0.00040487523317969123
106,0.2186816692352295,0.059965325310359384,0.0010026454925537109,7.168434323488669e-07,0.001,"(50, 50)",14,"{'NN__alpha': 0.001, 'NN__hidden_layer_sizes': (50, 50), 'ica__n_components': 14}",0.6994219653179191,0.6994219653179191,0.6994219653179191,0.6994219653179191,0.7034883720930233,0.7002314814814815,0.0016237319954344998,17,0.7004341534008683,0.7004341534008683,0.7004341534008683,0.7004341534008683,0.6994219653179191,0.7002317157842785,0.00040487523317969123
107,0.16774601936340333,0.018121988380007403,0.0013036251068115235,0.0002455348108331199,0.001,"(50, 50)",16,"{'NN__alpha': 0.001, 'NN__hidden_layer_sizes': (50, 50), 'ica__n_components': 16}",0.6994219653179191,0.6994219653179191,0.6994219653179191,0.6994219653179191,0.7034883720930233,0.7002314814814815,0.0016237319954344998,17,0.7004341534008683,0.7004341534008683,0.7004341534008683,0.7004341534008683,0.6994219653179191,0.7002317157842785,0.00040487523317969123
108,0.3497304439544678,0.10971369119717471,0.0011029243469238281,0.00020051016677143834,0.001,"(50, 50)",18,"{'NN__alpha': 0.001, 'NN__hidden_layer_sizes': (50, 50), 'ica__n_components': 18}",0.6994219653179191,0.6994219653179191,0.6994219653179191,0.6994219653179191,0.7034883720930233,0.7002314814814815,0.0016237319954344998,17,0.7004341534008683,0.7004341534008683,0.7004341534008683,0.7004341534008683,0.6994219653179191,0.7002317157842785,0.00040487523317969123
109,0.3966549873352051,0.09149067110375332,0.0011031150817871094,0.00037551510215940874,0.001,"(50, 50)",20,"{'NN__alpha': 0.001, 'NN__hidden_layer_sizes': (50, 50), 'ica__n_components': 20}",0.6994219653179191,0.6994219653179191,0.6994219653179191,0.6994219653179191,0.7034883720930233,0.7002314814814815,0.0016237319954344998,17,0.7004341534008683,0.7004341534008683,0.7004341534008683,0.7004341534008683,0.6994219653179191,0.7002317157842785,0.00040487523317969123
110,0.069083833694458,0.0010225822453501976,0.0010028839111328124,0.00044862071960260466,0.001,"(50,)",2,"{'NN__alpha': 0.001, 'NN__hidden_layer_sizes': (50,), 'ica__n_components': 2}",0.6994219653179191,0.6994219653179191,0.6994219653179191,0.6994219653179191,0.7034883720930233,0.7002314814814815,0.0016237319954344998,17,0.7004341534008683,0.7004341534008683,0.7004341534008683,0.7004341534008683,0.6994219653179191,0.7002317157842785,0.00040487523317969123
111,0.081516695022583,0.003968222467259941,0.0006036758422851562,0.0001997028517220152,0.001,"(50,)",4,"{'NN__alpha': 0.001, 'NN__hidden_layer_sizes': (50,), 'ica__n_components': 4}",0.6994219653179191,0.6994219653179191,0.6994219653179191,0.6994219653179191,0.7034883720930233,0.7002314814814815,0.0016237319954344998,17,0.7004341534008683,0.7004341534008683,0.7004341534008683,0.7004341534008683,0.6994219653179191,0.7002317157842785,0.00040487523317969123
112,0.08091506958007813,0.011328667622102183,0.0008022785186767578,0.0002456710204899875,0.001,"(50,)",6,"{'NN__alpha': 0.001, 'NN__hidden_layer_sizes': (50,), 'ica__n_components': 6}",0.6994219653179191,0.6994219653179191,0.6994219653179191,0.6994219653179191,0.7034883720930233,0.7002314814814815,0.0016237319954344998,17,0.7004341534008683,0.7004341534008683,0.7004341534008683,0.7004341534008683,0.6994219653179191,0.7002317157842785,0.00040487523317969123
113,0.12433104515075684,0.014243589198633558,0.0008022785186767578,0.0002455737752680063,0.001,"(50,)",8,"{'NN__alpha': 0.001, 'NN__hidden_layer_sizes': (50,), 'ica__n_components': 8}",0.5780346820809249,0.6994219653179191,0.6994219653179191,0.6994219653179191,0.7034883720930233,0.6759259259259259,0.049006257879547314,196,0.6758321273516642,0.7004341534008683,0.7004341534008683,0.7004341534008683,0.6994219653179191,0.6953113105744377,0.00974747780012268
114,0.08823351860046387,0.006919219377389124,0.0010028839111328124,1.9073486328124998e-07,0.001,"(50,)",10,"{'NN__alpha': 0.001, 'NN__hidden_layer_sizes': (50,), 'ica__n_components': 10}",0.6994219653179191,0.7369942196531792,0.6994219653179191,0.6994219653179191,0.7034883720930233,0.7077546296296297,0.01471462412379179,5,0.6975397973950795,0.711287988422576,0.703328509406657,0.7004341534008683,0.6994219653179191,0.7024024827886199,0.004821063158200043
115,0.08442482948303223,0.008864700475775462,0.0008020877838134765,0.00024561304827310345,0.001,"(50,)",12,"{'NN__alpha': 0.001, 'NN__hidden_layer_sizes': (50,), 'ica__n_components': 12}",0.6994219653179191,0.6994219653179191,0.6994219653179191,0.6994219653179191,0.7034883720930233,0.7002314814814815,0.0016237319954344998,17,0.7004341534008683,0.7004341534008683,0.7004341534008683,0.7004341534008683,0.6994219653179191,0.7002317157842785,0.00040487523317969123
116,0.16614179611206054,0.08204783696068348,0.0006022930145263671,0.00020036912995911898,0.001,"(50,)",14,"{'NN__alpha': 0.001, 'NN__hidden_layer_sizes': (50,), 'ica__n_components': 14}",0.7341040462427746,0.6994219653179191,0.7109826589595376,0.6994219653179191,0.7034883720930233,0.7094907407407407,0.013019993571749107,2,0.7127351664254703,0.7105643994211288,0.7040520984081042,0.7004341534008683,0.6907514450867052,0.7037074525484555,0.007838478623904108
117,0.11821446418762208,0.014720490488811492,0.0008028984069824219,0.0002450138360728456,0.001,"(50,)",16,"{'NN__alpha': 0.001, 'NN__hidden_layer_sizes': (50,), 'ica__n_components': 16}",0.6994219653179191,0.6994219653179191,0.6994219653179191,0.6994219653179191,0.7034883720930233,0.7002314814814815,0.0016237319954344998,17,0.7004341534008683,0.7004341534008683,0.7004341534008683,0.7004341534008683,0.6994219653179191,0.7002317157842785,0.00040487523317969123
118,0.29879488945007326,0.09694349808991745,0.0009022235870361328,0.0002006534161220325,0.001,"(50,)",18,"{'NN__alpha': 0.001, 'NN__hidden_layer_sizes': (50,), 'ica__n_components': 18}",0.6994219653179191,0.6994219653179191,0.6994219653179191,0.6994219653179191,0.6715116279069767,0.6938657407407407,0.011144705968664124,179,0.7004341534008683,0.7004341534008683,0.7004341534008683,0.7004341534008683,0.6994219653179191,0.7002317157842785,0.00040487523317969123
119,0.29749155044555664,0.10545534680650336,0.0009020805358886719,0.00020022451891700196,0.001,"(50,)",20,"{'NN__alpha': 0.001, 'NN__hidden_layer_sizes': (50,), 'ica__n_components': 20}",0.6994219653179191,0.6994219653179191,0.6994219653179191,0.6994219653179191,0.6715116279069767,0.6938657407407407,0.011144705968664124,179,0.7004341534008683,0.7004341534008683,0.7004341534008683,0.7004341534008683,0.6994219653179191,0.7002317157842785,0.00040487523317969123
120,0.0627668857574463,0.0036756865223500673,0.0006014347076416015,0.00020091541441249008,0.001,"(25,)",2,"{'NN__alpha': 0.001, 'NN__hidden_layer_sizes': (25,), 'ica__n_components': 2}",0.6994219653179191,0.6994219653179191,0.6994219653179191,0.6994219653179191,0.7034883720930233,0.7002314814814815,0.0016237319954344998,17,0.7004341534008683,0.7004341534008683,0.7004341534008683,0.7004341534008683,0.6994219653179191,0.7002317157842785,0.00040487523317969123
121,0.07870893478393555,0.004539586298080055,0.000701904296875,0.00024615768640595193,0.001,"(25,)",4,"{'NN__alpha': 0.001, 'NN__hidden_layer_sizes': (25,), 'ica__n_components': 4}",0.6994219653179191,0.6994219653179191,0.6994219653179191,0.6994219653179191,0.7034883720930233,0.7002314814814815,0.0016237319954344998,17,0.7004341534008683,0.7004341534008683,0.7004341534008683,0.7004341534008683,0.6994219653179191,0.7002317157842785,0.00040487523317969123
122,0.09274673461914062,0.006673739808811906,0.0007018089294433594,0.0002457489184932245,0.001,"(25,)",6,"{'NN__alpha': 0.001, 'NN__hidden_layer_sizes': (25,), 'ica__n_components': 6}",0.6994219653179191,0.6647398843930635,0.6502890173410405,0.6820809248554913,0.7093023255813954,0.6811342592592593,0.02166613886487766,192,0.7004341534008683,0.6700434153400868,0.6845151953690304,0.7018813314037626,0.6950867052023122,0.690392160143212,0.01186163199709623
123,0.07209138870239258,0.009629732993308545,0.0007017612457275391,0.0004008532811237666,0.001,"(25,)",8,"{'NN__alpha': 0.001, 'NN__hidden_layer_sizes': (25,), 'ica__n_components': 8}",0.6994219653179191,0.6994219653179191,0.6994219653179191,0.6994219653179191,0.7034883720930233,0.7002314814814815,0.0016237319954344998,17,0.7004341534008683,0.7004341534008683,0.7004341534008683,0.7004341534008683,0.6994219653179191,0.7002317157842785,0.00040487523317969123
124,0.0792109489440918,0.004097632200719515,0.000701904296875,0.00024576841226502783,0.001,"(25,)",10,"{'NN__alpha': 0.001, 'NN__hidden_layer_sizes': (25,), 'ica__n_components': 10}",0.6994219653179191,0.6994219653179191,0.6994219653179191,0.6994219653179191,0.7034883720930233,0.7002314814814815,0.0016237319954344998,17,0.7004341534008683,0.7004341534008683,0.7004341534008683,0.7004341534008683,0.6994219653179191,0.7002317157842785,0.00040487523317969123
125,0.1040766716003418,0.01733960695435413,0.0011030673980712891,0.0004912641429620793,0.001,"(25,)",12,"{'NN__alpha': 0.001, 'NN__hidden_layer_sizes': (25,), 'ica__n_components': 12}",0.6994219653179191,0.6994219653179191,0.6994219653179191,0.6994219653179191,0.7034883720930233,0.7002314814814815,0.0016237319954344998,17,0.7004341534008683,0.7004341534008683,0.6997105643994211,0.7004341534008683,0.6994219653179191,0.7000869979839891,0.0004348612056591474
126,0.13365550041198732,0.0985988405566395,0.0005012035369873046,5.091227651611e-07,0.001,"(25,)",14,"{'NN__alpha': 0.001, 'NN__hidden_layer_sizes': (25,), 'ica__n_components': 14}",0.6994219653179191,0.6994219653179191,0.6994219653179191,0.6994219653179191,0.6540697674418605,0.6903935185185185,0.018109308494536056,186,0.7004341534008683,0.7004341534008683,0.7004341534008683,0.7004341534008683,0.7030346820809249,0.7009542591368796,0.001040211472022623
127,0.1001664161682129,0.012391699132328491,0.0006013870239257813,0.0002004626248699763,0.001,"(25,)",16,"{'NN__alpha': 0.001, 'NN__hidden_layer_sizes': (25,), 'ica__n_components': 16}",0.6994219653179191,0.6994219653179191,0.6994219653179191,0.6994219653179191,0.125,0.5850694444444444,0.22936891844598564,197,0.7004341534008683,0.7004341534008683,0.7004341534008683,0.7004341534008683,0.7189306358381503,0.7041334498883247,0.007398592974912788
128,0.2635037422180176,0.09985625638859098,0.0006991863250732422,0.000241999842211875,0.001,"(25,)",18,"{'NN__alpha': 0.001, 'NN__hidden_layer_sizes': (25,), 'ica__n_components': 18}",0.6994219653179191,0.6994219653179191,0.6994219653179191,0.6994219653179191,0.7034883720930233,0.7002314814814815,0.0016237319954344998,17,0.7004341534008683,0.7004341534008683,0.7004341534008683,0.7004341534008683,0.6994219653179191,0.7002317157842785,0.00040487523317969123
129,0.30731768608093263,0.11176391034805608,0.0008021354675292969,0.00024535978351469795,0.001,"(25,)",20,"{'NN__alpha': 0.001, 'NN__hidden_layer_sizes': (25,), 'ica__n_components': 20}",0.6994219653179191,0.6994219653179191,0.6994219653179191,0.6994219653179191,0.7034883720930233,0.7002314814814815,0.0016237319954344998,17,0.7004341534008683,0.7004341534008683,0.7004341534008683,0.7004341534008683,0.6994219653179191,0.7002317157842785,0.00040487523317969123
130,0.09595513343811035,0.006201440993151468,0.0011030197143554687,0.0003750309728896253,0.001,"(25, 25)",2,"{'NN__alpha': 0.001, 'NN__hidden_layer_sizes': (25, 25), 'ica__n_components': 2}",0.6994219653179191,0.6994219653179191,0.6994219653179191,0.6994219653179191,0.7034883720930233,0.7002314814814815,0.0016237319954344998,17,0.7004341534008683,0.7004341534008683,0.7004341534008683,0.7004341534008683,0.6994219653179191,0.7002317157842785,0.00040487523317969123
131,0.09415035247802735,0.0050575222445199105,0.0007017612457275391,0.00024549583095208994,0.001,"(25, 25)",4,"{'NN__alpha': 0.001, 'NN__hidden_layer_sizes': (25, 25), 'ica__n_components': 4}",0.6994219653179191,0.6994219653179191,0.6994219653179191,0.6994219653179191,0.7034883720930233,0.7002314814814815,0.0016237319954344998,17,0.7004341534008683,0.7004341534008683,0.7004341534008683,0.7004341534008683,0.6994219653179191,0.7002317157842785,0.00040487523317969123
132,0.12533340454101563,0.0040603776996571425,0.0008020877838134765,0.00024551545595180444,0.001,"(25, 25)",6,"{'NN__alpha': 0.001, 'NN__hidden_layer_sizes': (25, 25), 'ica__n_components': 6}",0.6994219653179191,0.6907514450867052,0.6994219653179191,0.6994219653179191,0.7209302325581395,0.7019675925925926,0.01003322190251606,15,0.7004341534008683,0.6960926193921853,0.7004341534008683,0.7004341534008683,0.7290462427745664,0.7052882644738714,0.011997404755460964
133,0.12814087867736818,0.009630648605180776,0.0007019996643066406,0.00040121092659177243,0.001,"(25, 25)",8,"{'NN__alpha': 0.001, 'NN__hidden_layer_sizes': (25, 25), 'ica__n_components': 8}",0.6994219653179191,0.6994219653179191,0.7138728323699421,0.6994219653179191,0.7151162790697675,0.7054398148148148,0.007391452461841375,9,0.7004341534008683,0.7004341534008683,0.7141823444283647,0.7004341534008683,0.7196531791907514,0.7070275967643443,0.008258525678399284
134,0.1249323844909668,0.01170771378661647,0.0005014419555664062,3.1629798797182086e-07,0.001,"(25, 25)",10,"{'NN__alpha': 0.001, 'NN__hidden_layer_sizes': (25, 25), 'ica__n_components': 10}",0.6994219653179191,0.6994219653179191,0.6994219653179191,0.6994219653179191,0.7034883720930233,0.7002314814814815,0.0016237319954344998,17,0.7004341534008683,0.7004341534008683,0.7004341534008683,0.7004341534008683,0.6994219653179191,0.7002317157842785,0.00040487523317969123
135,0.1369643211364746,0.02074664580919276,0.0009024143218994141,0.00020027234440622151,0.001,"(25, 25)",12,"{'NN__alpha': 0.001, 'NN__hidden_layer_sizes': (25, 25), 'ica__n_components': 12}",0.6994219653179191,0.6994219653179191,0.6994219653179191,0.6994219653179191,0.7034883720930233,0.7002314814814815,0.0016237319954344998,17,0.7004341534008683,0.7004341534008683,0.7004341534008683,0.7004341534008683,0.6994219653179191,0.7002317157842785,0.00040487523317969123
136,0.19882874488830565,0.08518643414714859,0.0009023666381835938,0.00037485252656353676,0.001,"(25, 25)",14,"{'NN__alpha': 0.001, 'NN__hidden_layer_sizes': (25, 25), 'ica__n_components': 14}",0.6994219653179191,0.6994219653179191,0.6994219653179191,0.6994219653179191,0.7034883720930233,0.7002314814814815,0.0016237319954344998,17,0.7004341534008683,0.7004341534008683,0.7004341534008683,0.7004341534008683,0.6994219653179191,0.7002317157842785,0.00040487523317969123
137,0.12784013748168946,0.018371457013671367,0.0009021759033203125,0.0002006295388888644,0.001,"(25, 25)",16,"{'NN__alpha': 0.001, 'NN__hidden_layer_sizes': (25, 25), 'ica__n_components': 16}",0.6994219653179191,0.6994219653179191,0.6994219653179191,0.6994219653179191,0.7034883720930233,0.7002314814814815,0.0016237319954344998,17,0.7004341534008683,0.7004341534008683,0.7004341534008683,0.7004341534008683,0.6994219653179191,0.7002317157842785,0.00040487523317969123
138,0.3274719715118408,0.10668051600654314,0.0015031814575195313,0.0006353544492445996,0.001,"(25, 25)",18,"{'NN__alpha': 0.001, 'NN__hidden_layer_sizes': (25, 25), 'ica__n_components': 18}",0.6994219653179191,0.6994219653179191,0.6994219653179191,0.6994219653179191,0.7034883720930233,0.7002314814814815,0.0016237319954344998,17,0.7004341534008683,0.7004341534008683,0.7004341534008683,0.7004341534008683,0.6994219653179191,0.7002317157842785,0.00040487523317969123
139,0.3403291702270508,0.12214923200402333,0.0007782936096191406,0.0002304368344120433,0.001,"(25, 25)",20,"{'NN__alpha': 0.001, 'NN__hidden_layer_sizes': (25, 25), 'ica__n_components': 20}",0.6994219653179191,0.6994219653179191,0.6994219653179191,0.6994219653179191,0.7034883720930233,0.7002314814814815,0.0016237319954344998,17,0.7004341534008683,0.7004341534008683,0.7004341534008683,0.7004341534008683,0.6994219653179191,0.7002317157842785,0.00040487523317969123
140,0.20745229721069336,0.005393819375704617,0.0014033317565917969,0.00020051016677143834,0.001,"(100, 25, 100)",2,"{'NN__alpha': 0.001, 'NN__hidden_layer_sizes': (100, 25, 100), 'ica__n_components': 2}",0.6994219653179191,0.6994219653179191,0.6994219653179191,0.6994219653179191,0.7034883720930233,0.7002314814814815,0.0016237319954344998,17,0.7004341534008683,0.7004341534008683,0.7004341534008683,0.7004341534008683,0.6994219653179191,0.7002317157842785,0.00040487523317969123
141,0.2218883991241455,0.0194652824318784,0.0011031150817871094,0.00020053394483393106,0.001,"(100, 25, 100)",4,"{'NN__alpha': 0.001, 'NN__hidden_layer_sizes': (100, 25, 100), 'ica__n_components': 4}",0.6994219653179191,0.6994219653179191,0.6994219653179191,0.6994219653179191,0.7034883720930233,0.7002314814814815,0.0016237319954344998,17,0.7004341534008683,0.7004341534008683,0.7004341534008683,0.7004341534008683,0.6994219653179191,0.7002317157842785,0.00040487523317969123
142,0.1980266571044922,0.010677355771689927,0.0030083656311035156,0.0020792656487599406,0.001,"(100, 25, 100)",6,"{'NN__alpha': 0.001, 'NN__hidden_layer_sizes': (100, 25, 100), 'ica__n_components': 6}",0.6994219653179191,0.6994219653179191,0.6994219653179191,0.6994219653179191,0.7034883720930233,0.7002314814814815,0.0016237319954344998,17,0.7004341534008683,0.7004341534008683,0.7004341534008683,0.7004341534008683,0.6994219653179191,0.7002317157842785,0.00040487523317969123
143,0.24174280166625978,0.012978467963074685,0.0017045021057128906,0.0005113239241692418,0.001,"(100, 25, 100)",8,"{'NN__alpha': 0.001, 'NN__hidden_layer_sizes': (100, 25, 100), 'ica__n_components': 8}",0.6994219653179191,0.6994219653179191,0.6994219653179191,0.6994219653179191,0.7034883720930233,0.7002314814814815,0.0016237319954344998,17,0.7004341534008683,0.7004341534008683,0.7004341534008683,0.7004341534008683,0.6994219653179191,0.7002317157842785,0.00040487523317969123
144,0.23743147850036622,0.020802573427555284,0.002306842803955078,0.001634820397984811,0.001,"(100, 25, 100)",10,"{'NN__alpha': 0.001, 'NN__hidden_layer_sizes': (100, 25, 100), 'ica__n_components': 10}",0.6994219653179191,0.6994219653179191,0.6994219653179191,0.6994219653179191,0.7034883720930233,0.7002314814814815,0.0016237319954344998,17,0.7004341534008683,0.7004341534008683,0.7004341534008683,0.7004341534008683,0.6994219653179191,0.7002317157842785,0.00040487523317969123
145,0.24254560470581055,0.021979662949235045,0.0016039371490478515,0.0005845249250762284,0.001,"(100, 25, 100)",12,"{'NN__alpha': 0.001, 'NN__hidden_layer_sizes': (100, 25, 100), 'ica__n_components': 12}",0.6994219653179191,0.6994219653179191,0.6994219653179191,0.6994219653179191,0.7034883720930233,0.7002314814814815,0.0016237319954344998,17,0.7004341534008683,0.7004341534008683,0.7004341534008683,0.7004341534008683,0.6994219653179191,0.7002317157842785,0.00040487523317969123
146,0.27122154235839846,0.09690751849812372,0.0015039443969726562,0.0003170342132818689,0.001,"(100, 25, 100)",14,"{'NN__alpha': 0.001, 'NN__hidden_layer_sizes': (100, 25, 100), 'ica__n_components': 14}",0.6994219653179191,0.6994219653179191,0.6994219653179191,0.6994219653179191,0.7034883720930233,0.7002314814814815,0.0016237319954344998,17,0.7004341534008683,0.7004341534008683,0.7004341534008683,0.7004341534008683,0.6994219653179191,0.7002317157842785,0.00040487523317969123
147,0.21406931877136232,0.013290250930385382,0.001303863525390625,0.00024553490343654004,0.001,"(100, 25, 100)",16,"{'NN__alpha': 0.001, 'NN__hidden_layer_sizes': (100, 25, 100), 'ica__n_components': 16}",0.6994219653179191,0.6994219653179191,0.6994219653179191,0.6994219653179191,0.7034883720930233,0.7002314814814815,0.0016237319954344998,17,0.7004341534008683,0.7004341534008683,0.7004341534008683,0.7004341534008683,0.6994219653179191,0.7002317157842785,0.00040487523317969123
148,0.3608581066131592,0.09908597234986773,0.001303720474243164,0.0004008651869825871,0.001,"(100, 25, 100)",18,"{'NN__alpha': 0.001, 'NN__hidden_layer_sizes': (100, 25, 100), 'ica__n_components': 18}",0.6994219653179191,0.6994219653179191,0.6994219653179191,0.6994219653179191,0.7034883720930233,0.7002314814814815,0.0016237319954344998,17,0.7004341534008683,0.7004341534008683,0.7004341534008683,0.7004341534008683,0.6994219653179191,0.7002317157842785,0.00040487523317969123
149,0.3771031379699707,0.08433889453599361,0.0015039443969726562,0.0006342947312510909,0.001,"(100, 25, 100)",20,"{'NN__alpha': 0.001, 'NN__hidden_layer_sizes': (100, 25, 100), 'ica__n_components': 20}",0.6994219653179191,0.6994219653179191,0.6994219653179191,0.6994219653179191,0.7034883720930233,0.7002314814814815,0.0016237319954344998,17,0.7004341534008683,0.7004341534008683,0.7004341534008683,0.7004341534008683,0.6994219653179191,0.7002317157842785,0.00040487523317969123
150,0.14458460807800294,0.027518532190813554,0.0016045093536376954,0.0012439053122946075,0.0001,"(50, 50)",2,"{'NN__alpha': 0.0001, 'NN__hidden_layer_sizes': (50, 50), 'ica__n_components': 2}",0.6994219653179191,0.6994219653179191,0.6994219653179191,0.6994219653179191,0.7034883720930233,0.7002314814814815,0.0016237319954344998,17,0.7004341534008683,0.7004341534008683,0.7004341534008683,0.7004341534008683,0.6994219653179191,0.7002317157842785,0.00040487523317969123
151,0.134257173538208,0.010173184181371033,0.0013036727905273438,0.0006017685692208269,0.0001,"(50, 50)",4,"{'NN__alpha': 0.0001, 'NN__hidden_layer_sizes': (50, 50), 'ica__n_components': 4}",0.6994219653179191,0.6994219653179191,0.6994219653179191,0.6994219653179191,0.7034883720930233,0.7002314814814815,0.0016237319954344998,17,0.7004341534008683,0.7004341534008683,0.7004341534008683,0.7004341534008683,0.6994219653179191,0.7002317157842785,0.00040487523317969123
152,0.13425722122192382,0.009872158195533227,0.0011027336120605468,0.00020036708735554027,0.0001,"(50, 50)",6,"{'NN__alpha': 0.0001, 'NN__hidden_layer_sizes': (50, 50), 'ica__n_components': 6}",0.6994219653179191,0.6994219653179191,0.6994219653179191,0.6994219653179191,0.7034883720930233,0.7002314814814815,0.0016237319954344998,17,0.7004341534008683,0.7004341534008683,0.7004341534008683,0.7004341534008683,0.6994219653179191,0.7002317157842785,0.00040487523317969123
153,0.1201197624206543,0.0071928617772316905,0.0010026931762695313,2.431401974483864e-07,0.0001,"(50, 50)",8,"{'NN__alpha': 0.0001, 'NN__hidden_layer_sizes': (50, 50), 'ica__n_components': 8}",0.6994219653179191,0.6994219653179191,0.6994219653179191,0.6994219653179191,0.7034883720930233,0.7002314814814815,0.0016237319954344998,17,0.7004341534008683,0.7004341534008683,0.7004341534008683,0.7004341534008683,0.6994219653179191,0.7002317157842785,0.00040487523317969123
154,0.12182407379150391,0.005352778326263267,0.0008022308349609375,0.0002453402665425506,0.0001,"(50, 50)",10,"{'NN__alpha': 0.0001, 'NN__hidden_layer_sizes': (50, 50), 'ica__n_components': 10}",0.6994219653179191,0.6994219653179191,0.6994219653179191,0.6994219653179191,0.7034883720930233,0.7002314814814815,0.0016237319954344998,17,0.7004341534008683,0.7004341534008683,0.7004341534008683,0.7004341534008683,0.6994219653179191,0.7002317157842785,0.00040487523317969123
155,0.13245234489440919,0.009148131073773798,0.0010028362274169921,3.504023183989303e-07,0.0001,"(50, 50)",12,"{'NN__alpha': 0.0001, 'NN__hidden_layer_sizes': (50, 50), 'ica__n_components': 12}",0.6994219653179191,0.6994219653179191,0.6994219653179191,0.6994219653179191,0.7034883720930233,0.7002314814814815,0.0016237319954344998,17,0.7004341534008683,0.7004341534008683,0.7004341534008683,0.7004341534008683,0.6994219653179191,0.7002317157842785,0.00040487523317969123
156,0.18298730850219727,0.07413294734543803,0.0010026454925537109,3.568322550558034e-07,0.0001,"(50, 50)",14,"{'NN__alpha': 0.0001, 'NN__hidden_layer_sizes': (50, 50), 'ica__n_components': 14}",0.6994219653179191,0.6994219653179191,0.6994219653179191,0.6994219653179191,0.7034883720930233,0.7002314814814815,0.0016237319954344998,17,0.7004341534008683,0.7004341534008683,0.7004341534008683,0.7004341534008683,0.6994219653179191,0.7002317157842785,0.00040487523317969123
157,0.15390920639038086,0.01981370895223604,0.0010025978088378906,0.00031733591336125373,0.0001,"(50, 50)",16,"{'NN__alpha': 0.0001, 'NN__hidden_layer_sizes': (50, 50), 'ica__n_components': 16}",0.6994219653179191,0.6994219653179191,0.6994219653179191,0.6994219653179191,0.7034883720930233,0.7002314814814815,0.0016237319954344998,17,0.7004341534008683,0.7004341534008683,0.7004341534008683,0.7004341534008683,0.6994219653179191,0.7002317157842785,0.00040487523317969123
158,0.3397033214569092,0.09318794603644012,0.001102781295776367,0.0002001047347450677,0.0001,"(50, 50)",18,"{'NN__alpha': 0.0001, 'NN__hidden_layer_sizes': (50, 50), 'ica__n_components': 18}",0.6994219653179191,0.6994219653179191,0.6994219653179191,0.6994219653179191,0.7034883720930233,0.7002314814814815,0.0016237319954344998,17,0.7004341534008683,0.7004341534008683,0.7004341534008683,0.7004341534008683,0.6994219653179191,0.7002317157842785,0.00040487523317969123
159,0.35544538497924805,0.09059766444260664,0.0011028289794921876,0.0002003193185375387,0.0001,"(50, 50)",20,"{'NN__alpha': 0.0001, 'NN__hidden_layer_sizes': (50, 50), 'ica__n_components': 20}",0.6994219653179191,0.6994219653179191,0.6994219653179191,0.6994219653179191,0.7034883720930233,0.7002314814814815,0.0016237319954344998,17,0.7004341534008683,0.7004341534008683,0.7004341534008683,0.7004341534008683,0.6994219653179191,0.7002317157842785,0.00040487523317969123
160,0.06567487716674805,0.003415395759967779,0.0009017467498779296,0.00020005858536307407,0.0001,"(50,)",2,"{'NN__alpha': 0.0001, 'NN__hidden_layer_sizes': (50,), 'ica__n_components': 2}",0.6994219653179191,0.6994219653179191,0.6994219653179191,0.6994219653179191,0.7034883720930233,0.7002314814814815,0.0016237319954344998,17,0.7004341534008683,0.7004341534008683,0.7004341534008683,0.7004341534008683,0.6994219653179191,0.7002317157842785,0.00040487523317969123
161,0.07730669975280761,0.0032555448340639095,0.0008011817932128906,0.0002469207012434151,0.0001,"(50,)",4,"{'NN__alpha': 0.0001, 'NN__hidden_layer_sizes': (50,), 'ica__n_components': 4}",0.6994219653179191,0.6994219653179191,0.6994219653179191,0.6994219653179191,0.7034883720930233,0.7002314814814815,0.0016237319954344998,17,0.7004341534008683,0.7004341534008683,0.7004341534008683,0.7004341534008683,0.6994219653179191,0.7002317157842785,0.00040487523317969123
162,0.08231620788574219,0.005128949226818728,0.0007018566131591797,0.0002457104167578556,0.0001,"(50,)",6,"{'NN__alpha': 0.0001, 'NN__hidden_layer_sizes': (50,), 'ica__n_components': 6}",0.6994219653179191,0.6994219653179191,0.6994219653179191,0.6994219653179191,0.7034883720930233,0.7002314814814815,0.0016237319954344998,17,0.7004341534008683,0.7004341534008683,0.7004341534008683,0.7004341534008683,0.6994219653179191,0.7002317157842785,0.00040487523317969123
163,0.11560721397399902,0.005902832802283659,0.0005013942718505859,1.5078914929239175e-07,0.0001,"(50,)",8,"{'NN__alpha': 0.0001, 'NN__hidden_layer_sizes': (50,), 'ica__n_components': 8}",0.6127167630057804,0.6994219653179191,0.6994219653179191,0.6994219653179191,0.7034883720930233,0.6828703703703703,0.03513737579781329,190,0.6903039073806078,0.7004341534008683,0.7004341534008683,0.7004341534008683,0.6994219653179191,0.6982056665802264,0.0039702806348517776
164,0.084324312210083,0.00626488972585825,0.0006018638610839844,0.00020022446213731562,0.0001,"(50,)",10,"{'NN__alpha': 0.0001, 'NN__hidden_layer_sizes': (50,), 'ica__n_components': 10}",0.6994219653179191,0.7369942196531792,0.6994219653179191,0.6994219653179191,0.7034883720930233,0.7077546296296297,0.01471462412379179,5,0.6975397973950795,0.711287988422576,0.703328509406657,0.7004341534008683,0.6994219653179191,0.7024024827886199,0.004821063158200043
165,0.09013962745666504,0.007678648571861003,0.0010029792785644532,0.0005488584889681349,0.0001,"(50,)",12,"{'NN__alpha': 0.0001, 'NN__hidden_layer_sizes': (50,), 'ica__n_components': 12}",0.6994219653179191,0.6994219653179191,0.6994219653179191,0.6994219653179191,0.7034883720930233,0.7002314814814815,0.0016237319954344998,17,0.7004341534008683,0.7004341534008683,0.7004341534008683,0.7004341534008683,0.6994219653179191,0.7002317157842785,0.00040487523317969123
166,0.16774635314941405,0.07562762826780837,0.0008020401000976562,0.0002455740530340828,0.0001,"(50,)",14,"{'NN__alpha': 0.0001, 'NN__hidden_layer_sizes': (50,), 'ica__n_components': 14}",0.7341040462427746,0.6994219653179191,0.7138728323699421,0.6994219653179191,0.7034883720930233,0.7100694444444444,0.013137147555171029,1,0.7127351664254703,0.7105643994211288,0.7040520984081042,0.7004341534008683,0.6907514450867052,0.7037074525484555,0.007838478623904108
167,0.11219758987426758,0.01175276858497874,0.0007019996643066406,0.00024549629404235936,0.0001,"(50,)",16,"{'NN__alpha': 0.0001, 'NN__hidden_layer_sizes': (50,), 'ica__n_components': 16}",0.6994219653179191,0.6994219653179191,0.6994219653179191,0.6994219653179191,0.7034883720930233,0.7002314814814815,0.0016237319954344998,17,0.7004341534008683,0.7004341534008683,0.7004341534008683,0.7004341534008683,0.6994219653179191,0.7002317157842785,0.00040487523317969123
168,0.28666296005249026,0.0939256137739437,0.0007018566131591797,0.0002455152707302587,0.0001,"(50,)",18,"{'NN__alpha': 0.0001, 'NN__hidden_layer_sizes': (50,), 'ica__n_components': 18}",0.6994219653179191,0.6994219653179191,0.6994219653179191,0.6994219653179191,0.6715116279069767,0.6938657407407407,0.011144705968664124,179,0.7004341534008683,0.7004341534008683,0.7004341534008683,0.7004341534008683,0.6994219653179191,0.7002317157842785,0.00040487523317969123
169,0.290472412109375,0.09362758582516179,0.0008049964904785156,0.0004022997589422583,0.0001,"(50,)",20,"{'NN__alpha': 0.0001, 'NN__hidden_layer_sizes': (50,), 'ica__n_components': 20}",0.6994219653179191,0.6994219653179191,0.6994219653179191,0.6994219653179191,0.6715116279069767,0.6938657407407407,0.011144705968664124,179,0.7004341534008683,0.7004341534008683,0.7004341534008683,0.7004341534008683,0.6994219653179191,0.7002317157842785,0.00040487523317969123
170,0.056851434707641604,0.0035817281701335073,0.0006013870239257813,0.00020058185524544976,0.0001,"(25,)",2,"{'NN__alpha': 0.0001, 'NN__hidden_layer_sizes': (25,), 'ica__n_components': 2}",0.6994219653179191,0.6994219653179191,0.6994219653179191,0.6994219653179191,0.7034883720930233,0.7002314814814815,0.0016237319954344998,17,0.7004341534008683,0.7004341534008683,0.7004341534008683,0.7004341534008683,0.6994219653179191,0.7002317157842785,0.00040487523317969123
171,0.08121590614318848,0.002219724001114783,0.0006016731262207031,0.00020055787879621014,0.0001,"(25,)",4,"{'NN__alpha': 0.0001, 'NN__hidden_layer_sizes': (25,), 'ica__n_components': 4}",0.6994219653179191,0.6994219653179191,0.6994219653179191,0.6994219653179191,0.7034883720930233,0.7002314814814815,0.0016237319954344998,17,0.7004341534008683,0.7004341534008683,0.7004341534008683,0.7004341534008683,0.6994219653179191,0.7002317157842785,0.00040487523317969123
172,0.09404983520507812,0.003917094350617634,0.0007018566131591797,0.0002454183807070072,0.0001,"(25,)",6,"{'NN__alpha': 0.0001, 'NN__hidden_layer_sizes': (25,), 'ica__n_components': 6}",0.6994219653179191,0.6647398843930635,0.6502890173410405,0.6820809248554913,0.7093023255813954,0.6811342592592593,0.02166613886487766,192,0.7004341534008683,0.6700434153400868,0.6845151953690304,0.7018813314037626,0.6950867052023122,0.690392160143212,0.01186163199709623
173,0.07369532585144042,0.0055104863369820015,0.0007019519805908203,0.00024543746532320156,0.0001,"(25,)",8,"{'NN__alpha': 0.0001, 'NN__hidden_layer_sizes': (25,), 'ica__n_components': 8}",0.6994219653179191,0.6994219653179191,0.6994219653179191,0.6994219653179191,0.7034883720930233,0.7002314814814815,0.0016237319954344998,17,0.7004341534008683,0.7004341534008683,0.7004341534008683,0.7004341534008683,0.6994219653179191,0.7002317157842785,0.00040487523317969123
174,0.07379493713378907,0.005728223606201627,0.0007020950317382813,0.0002456128631251541,0.0001,"(25,)",10,"{'NN__alpha': 0.0001, 'NN__hidden_layer_sizes': (25,), 'ica__n_components': 10}",0.6994219653179191,0.6994219653179191,0.6994219653179191,0.6994219653179191,0.7034883720930233,0.7002314814814815,0.0016237319954344998,17,0.7004341534008683,0.7004341534008683,0.7004341534008683,0.7004341534008683,0.6994219653179191,0.7002317157842785,0.00040487523317969123
175,0.09625272750854492,0.013304548978629666,0.000601816177368164,0.00020048620443109246,0.0001,"(25,)",12,"{'NN__alpha': 0.0001, 'NN__hidden_layer_sizes': (25,), 'ica__n_components': 12}",0.6994219653179191,0.6994219653179191,0.6994219653179191,0.6994219653179191,0.7034883720930233,0.7002314814814815,0.0016237319954344998,17,0.7004341534008683,0.7004341534008683,0.6997105643994211,0.7004341534008683,0.6994219653179191,0.7000869979839891,0.0004348612056591474
176,0.11730961799621582,0.07513743770710944,0.0006029129028320313,0.00020018373559851094,0.0001,"(25,)",14,"{'NN__alpha': 0.0001, 'NN__hidden_layer_sizes': (25,), 'ica__n_components': 14}",0.6994219653179191,0.6994219653179191,0.6994219653179191,0.6994219653179191,0.6540697674418605,0.6903935185185185,0.018109308494536056,186,0.7004341534008683,0.7004341534008683,0.7004341534008683,0.7004341534008683,0.7030346820809249,0.7009542591368796,0.001040211472022623
177,0.1040724754333496,0.011541164527947033,0.0005014896392822266,3.234066955149302e-07,0.0001,"(25,)",16,"{'NN__alpha': 0.0001, 'NN__hidden_layer_sizes': (25,), 'ica__n_components': 16}",0.6994219653179191,0.6994219653179191,0.6994219653179191,0.6994219653179191,0.125,0.5850694444444444,0.22936891844598564,197,0.7004341534008683,0.7004341534008683,0.7004341534008683,0.7004341534008683,0.7189306358381503,0.7041334498883247,0.007398592974912788
178,0.24895768165588378,0.09206672141988548,0.0006045818328857422,0.0001991866103507042,0.0001,"(25,)",18,"{'NN__alpha': 0.0001, 'NN__hidden_layer_sizes': (25,), 'ica__n_components': 18}",0.6994219653179191,0.6994219653179191,0.6994219653179191,0.6994219653179191,0.7034883720930233,0.7002314814814815,0.0016237319954344998,17,0.7004341534008683,0.7004341534008683,0.7004341534008683,0.7004341534008683,0.6994219653179191,0.7002317157842785,0.00040487523317969123
179,0.28354926109313966,0.10007367165738394,0.000801849365234375,0.0004009252780960699,0.0001,"(25,)",20,"{'NN__alpha': 0.0001, 'NN__hidden_layer_sizes': (25,), 'ica__n_components': 20}",0.6994219653179191,0.6994219653179191,0.6994219653179191,0.6994219653179191,0.7034883720930233,0.7002314814814815,0.0016237319954344998,17,0.7004341534008683,0.7004341534008683,0.7004341534008683,0.7004341534008683,0.6994219653179191,0.7002317157842785,0.00040487523317969123
180,0.0891373634338379,0.005438397667973969,0.0008015155792236329,0.000249268438523276,0.0001,"(25, 25)",2,"{'NN__alpha': 0.0001, 'NN__hidden_layer_sizes': (25, 25), 'ica__n_components': 2}",0.6994219653179191,0.6994219653179191,0.6994219653179191,0.6994219653179191,0.7034883720930233,0.7002314814814815,0.0016237319954344998,17,0.7004341534008683,0.7004341534008683,0.7004341534008683,0.7004341534008683,0.6994219653179191,0.7002317157842785,0.00040487523317969123
181,0.09174227714538574,0.00728592781978215,0.0007016181945800782,0.00024532061825971945,0.0001,"(25, 25)",4,"{'NN__alpha': 0.0001, 'NN__hidden_layer_sizes': (25, 25), 'ica__n_components': 4}",0.6994219653179191,0.6994219653179191,0.6994219653179191,0.6994219653179191,0.7034883720930233,0.7002314814814815,0.0016237319954344998,17,0.7004341534008683,0.7004341534008683,0.7004341534008683,0.7004341534008683,0.6994219653179191,0.7002317157842785,0.00040487523317969123
182,0.12132072448730469,0.005906518224966174,0.0009023666381835938,0.0003751072896792889,0.0001,"(25, 25)",6,"{'NN__alpha': 0.0001, 'NN__hidden_layer_sizes': (25, 25), 'ica__n_components': 6}",0.6994219653179191,0.6994219653179191,0.6994219653179191,0.6994219653179191,0.7209302325581395,0.7037037037037037,0.008588334521306432,13,0.6946454413892909,0.7004341534008683,0.7004341534008683,0.7004341534008683,0.7290462427745664,0.7049988288732926,0.012230940554501248
183,0.1284395217895508,0.013664521722277495,0.000801706314086914,0.0002457880062496225,0.0001,"(25, 25)",8,"{'NN__alpha': 0.0001, 'NN__hidden_layer_sizes': (25, 25), 'ica__n_components': 8}",0.6994219653179191,0.6994219653179191,0.7138728323699421,0.6994219653179191,0.7151162790697675,0.7054398148148148,0.007391452461841375,9,0.7004341534008683,0.7004341534008683,0.7141823444283647,0.7004341534008683,0.7196531791907514,0.7070275967643443,0.008258525678399284
184,0.12132058143615723,0.0038701116543702115,0.0009027004241943359,0.0002007725898193147,0.0001,"(25, 25)",10,"{'NN__alpha': 0.0001, 'NN__hidden_layer_sizes': (25, 25), 'ica__n_components': 10}",0.6994219653179191,0.6994219653179191,0.6994219653179191,0.6994219653179191,0.7034883720930233,0.7002314814814815,0.0016237319954344998,17,0.7004341534008683,0.7004341534008683,0.7004341534008683,0.7004341534008683,0.6994219653179191,0.7002317157842785,0.00040487523317969123
185,0.12703542709350585,0.011359542080009784,0.0008022308349609375,0.0002456321177644204,0.0001,"(25, 25)",12,"{'NN__alpha': 0.0001, 'NN__hidden_layer_sizes': (25, 25), 'ica__n_components': 12}",0.6994219653179191,0.6994219653179191,0.6994219653179191,0.6994219653179191,0.7034883720930233,0.7002314814814815,0.0016237319954344998,17,0.7004341534008683,0.7004341534008683,0.7004341534008683,0.7004341534008683,0.6994219653179191,0.7002317157842785,0.00040487523317969123
186,0.19561643600463868,0.08740397581818285,0.0008021831512451172,0.00024569066851398973,0.0001,"(25, 25)",14,"{'NN__alpha': 0.0001, 'NN__hidden_layer_sizes': (25, 25), 'ica__n_components': 14}",0.6994219653179191,0.6994219653179191,0.6994219653179191,0.6994219653179191,0.7034883720930233,0.7002314814814815,0.0016237319954344998,17,0.7004341534008683,0.7004341534008683,0.7004341534008683,0.7004341534008683,0.6994219653179191,0.7002317157842785,0.00040487523317969123
187,0.1293415069580078,0.022923498082154097,0.0006016254425048828,0.00020034326679089468,0.0001,"(25, 25)",16,"{'NN__alpha': 0.0001, 'NN__hidden_layer_sizes': (25, 25), 'ica__n_components': 16}",0.6994219653179191,0.6994219653179191,0.6994219653179191,0.6994219653179191,0.7034883720930233,0.7002314814814815,0.0016237319954344998,17,0.7004341534008683,0.7004341534008683,0.7004341534008683,0.7004341534008683,0.6994219653179191,0.7002317157842785,0.00040487523317969123
188,0.2883401870727539,0.10435623379450648,0.0009022712707519531,0.0002006769392741626,0.0001,"(25, 25)",18,"{'NN__alpha': 0.0001, 'NN__hidden_layer_sizes': (25, 25), 'ica__n_components': 18}",0.6994219653179191,0.6994219653179191,0.6994219653179191,0.6994219653179191,0.7034883720930233,0.7002314814814815,0.0016237319954344998,17,0.7004341534008683,0.7004341534008683,0.7004341534008683,0.7004341534008683,0.6994219653179191,0.7002317157842785,0.00040487523317969123
189,0.28715853691101073,0.10415075969104345,0.0008021831512451172,0.00024559310703696014,0.0001,"(25, 25)",20,"{'NN__alpha': 0.0001, 'NN__hidden_layer_sizes': (25, 25), 'ica__n_components': 20}",0.6994219653179191,0.6994219653179191,0.6994219653179191,0.6994219653179191,0.7034883720930233,0.7002314814814815,0.0016237319954344998,17,0.7004341534008683,0.7004341534008683,0.7004341534008683,0.7004341534008683,0.6994219653179191,0.7002317157842785,0.00040487523317969123
190,0.17766928672790527,0.008283890015124735,0.0011028289794921876,0.00020055776542557568,0.0001,"(100, 25, 100)",2,"{'NN__alpha': 0.0001, 'NN__hidden_layer_sizes': (100, 25, 100), 'ica__n_components': 2}",0.6994219653179191,0.6994219653179191,0.6994219653179191,0.6994219653179191,0.7034883720930233,0.7002314814814815,0.0016237319954344998,17,0.7004341534008683,0.7004341534008683,0.7004341534008683,0.7004341534008683,0.6994219653179191,0.7002317157842785,0.00040487523317969123
191,0.2033371925354004,0.010252779713549206,0.0017044544219970703,0.0005111088245315247,0.0001,"(100, 25, 100)",4,"{'NN__alpha': 0.0001, 'NN__hidden_layer_sizes': (100, 25, 100), 'ica__n_components': 4}",0.6994219653179191,0.6994219653179191,0.6994219653179191,0.6994219653179191,0.7034883720930233,0.7002314814814815,0.0016237319954344998,17,0.7004341534008683,0.7004341534008683,0.7004341534008683,0.7004341534008683,0.6994219653179191,0.7002317157842785,0.00040487523317969123
192,0.1848881721496582,0.005242552928905266,0.001102590560913086,0.00020043903119118894,0.0001,"(100, 25, 100)",6,"{'NN__alpha': 0.0001, 'NN__hidden_layer_sizes': (100, 25, 100), 'ica__n_components': 6}",0.6994219653179191,0.6994219653179191,0.6994219653179191,0.6994219653179191,0.7034883720930233,0.7002314814814815,0.0016237319954344998,17,0.7004341534008683,0.7004341534008683,0.7004341534008683,0.7004341534008683,0.6994219653179191,0.7002317157842785,0.00040487523317969123
193,0.20764846801757814,0.012436164590677996,0.0012031078338623046,0.00024572966375311213,0.0001,"(100, 25, 100)",8,"{'NN__alpha': 0.0001, 'NN__hidden_layer_sizes': (100, 25, 100), 'ica__n_components': 8}",0.6994219653179191,0.6994219653179191,0.6994219653179191,0.6994219653179191,0.7034883720930233,0.7002314814814815,0.0016237319954344998,17,0.7004341534008683,0.7004341534008683,0.7004341534008683,0.7004341534008683,0.6994219653179191,0.7002317157842785,0.00040487523317969123
194,0.20243597030639648,0.01541621340917437,0.0015024185180664063,0.0003171955255835996,0.0001,"(100, 25, 100)",10,"{'NN__alpha': 0.0001, 'NN__hidden_layer_sizes': (100, 25, 100), 'ica__n_components': 10}",0.6994219653179191,0.6994219653179191,0.6994219653179191,0.6994219653179191,0.7034883720930233,0.7002314814814815,0.0016237319954344998,17,0.7004341534008683,0.7004341534008683,0.7004341534008683,0.7004341534008683,0.6994219653179191,0.7002317157842785,0.00040487523317969123
195,0.19321041107177733,0.01352881456217762,0.0012030601501464844,0.00024576841226502783,0.0001,"(100, 25, 100)",12,"{'NN__alpha': 0.0001, 'NN__hidden_layer_sizes': (100, 25, 100), 'ica__n_components': 12}",0.6994219653179191,0.6994219653179191,0.6994219653179191,0.6994219653179191,0.7034883720930233,0.7002314814814815,0.0016237319954344998,17,0.7004341534008683,0.7004341534008683,0.7004341534008683,0.7004341534008683,0.6994219653179191,0.7002317157842785,0.00040487523317969123
196,0.23712639808654784,0.07145680711261071,0.001203012466430664,0.0002460995978527946,0.0001,"(100, 25, 100)",14,"{'NN__alpha': 0.0001, 'NN__hidden_layer_sizes': (100, 25, 100), 'ica__n_components': 14}",0.6994219653179191,0.6994219653179191,0.6994219653179191,0.6994219653179191,0.7034883720930233,0.7002314814814815,0.0016237319954344998,17,0.7004341534008683,0.7004341534008683,0.7004341534008683,0.7004341534008683,0.6994219653179191,0.7002317157842785,0.00040487523317969123
197,0.1957170009613037,0.013394291845171134,0.0014039039611816405,0.00037540043964595237,0.0001,"(100, 25, 100)",16,"{'NN__alpha': 0.0001, 'NN__hidden_layer_sizes': (100, 25, 100), 'ica__n_components': 16}",0.6994219653179191,0.6994219653179191,0.6994219653179191,0.6994219653179191,0.7034883720930233,0.7002314814814815,0.0016237319954344998,17,0.7004341534008683,0.7004341534008683,0.7004341534008683,0.7004341534008683,0.6994219653179191,0.7002317157842785,0.00040487523317969123
198,0.351929235458374,0.09488556384170128,0.0014040470123291016,0.0005847867609516326,0.0001,"(100, 25, 100)",18,"{'NN__alpha': 0.0001, 'NN__hidden_layer_sizes': (100, 25, 100), 'ica__n_components': 18}",0.6994219653179191,0.6994219653179191,0.6994219653179191,0.6994219653179191,0.7034883720930233,0.7002314814814815,0.0016237319954344998,17,0.7004341534008683,0.7004341534008683,0.7004341534008683,0.7004341534008683,0.6994219653179191,0.7002317157842785,0.00040487523317969123
199,0.4073758602142334,0.08505369794024047,0.0018049716949462891,0.00040115144507050333,0.0001,"(100, 25, 100)",20,"{'NN__alpha': 0.0001, 'NN__hidden_layer_sizes': (100, 25, 100), 'ica__n_components': 20}",0.6994219653179191,0.6994219653179191,0.6994219653179191,0.6994219653179191,0.7034883720930233,0.7002314814814815,0.0016237319954344998,17,0.7004341534008683,0.7004341534008683,0.7004341534008683,0.7004341534008683,0.6994219653179191,0.7002317157842785,0.00040487523317969123
