,x,y,target
0,40.21846008300781,18.6860294342041,1.0
1,-14.796192169189453,2.947814702987671,-1.0
2,30.416967391967773,16.900259017944336,-1.0
3,41.865745544433594,-11.1466703414917,-1.0
4,39.520896911621094,-15.519540786743164,-1.0
5,-17.394329071044922,7.791367053985596,-1.0
6,2.779451370239258,1.9781423807144165,1.0
7,-42.85595703125,-13.13122844696045,1.0
8,11.412968635559082,36.09231185913086,-1.0
9,-15.451935768127441,-21.3841495513916,-1.0
10,14.27770709991455,42.92048645019531,1.0
11,-19.561368942260742,-22.579877853393555,-1.0
12,-12.990221977233887,23.357452392578125,-1.0
13,0.8129448294639587,18.238340377807617,-1.0
14,11.951751708984375,4.899693489074707,-1.0
15,12.773234367370605,35.71162796020508,1.0
16,13.062946319580078,0.8288754820823669,-1.0
17,-27.25836181640625,32.61867141723633,1.0
18,18.812578201293945,20.38870620727539,1.0
19,32.56880569458008,24.295793533325195,1.0
20,-31.529455184936523,29.576507568359375,1.0
21,40.47016525268555,20.29747772216797,1.0
22,20.079429626464844,-34.36125946044922,1.0
23,-35.113006591796875,32.57538604736328,1.0
24,-11.854647636413574,8.893168449401855,-1.0
25,-0.16242602467536926,1.1290305852890015,-1.0
26,1.0833783149719238,-46.81478500366211,1.0
27,-17.855022430419922,-13.142841339111328,1.0
28,20.101598739624023,-35.68098449707031,1.0
29,-20.07425308227539,-12.288311958312988,1.0
30,-10.44637393951416,-12.246391296386719,1.0
31,-39.287532806396484,-8.808955192565918,1.0
32,-7.555263519287109,-31.129182815551758,-1.0
33,-5.620002746582031,25.55995750427246,1.0
34,-24.657033920288086,-27.191238403320312,1.0
35,-11.931227684020996,4.731009006500244,1.0
36,3.604904890060425,15.367378234863281,1.0
37,-29.279569625854492,30.546602249145508,1.0
38,14.017516136169434,2.942188262939453,1.0
39,17.312103271484375,29.11280059814453,1.0
40,2.66890549659729,-15.353458404541016,1.0
41,-37.6607666015625,32.333106994628906,-1.0
42,-19.936063766479492,-4.199008464813232,-1.0
43,1.637563943862915,19.99628448486328,-1.0
44,-24.6314640045166,29.603076934814453,1.0
45,21.057527542114258,36.38922882080078,1.0
46,-6.653492450714111,-40.673851013183594,1.0
47,-38.79351806640625,3.3058505058288574,-1.0
48,-2.3855581283569336,-49.05894470214844,1.0
49,16.752490997314453,22.871858596801758,-1.0
50,-30.010522842407227,7.076446533203125,1.0
51,13.123205184936523,-41.868980407714844,-1.0
52,12.027259826660156,1.5338001251220703,-1.0
53,-34.70751953125,12.46961784362793,-1.0
54,19.408401489257812,18.42692756652832,-1.0
55,34.057960510253906,-2.153886556625366,1.0
56,39.742671966552734,6.25685977935791,-1.0
57,-40.35890579223633,-14.171679496765137,1.0
58,18.446027755737305,-20.305299758911133,1.0
59,29.972511291503906,-29.041120529174805,-1.0
60,-8.915270805358887,12.510554313659668,-1.0
61,-0.6116930842399597,3.163944721221924,-1.0
62,8.82529067993164,-42.177978515625,-1.0
63,-10.078490257263184,12.316635131835938,-1.0
64,37.80943298339844,-2.373645544052124,1.0
65,13.391205787658691,35.136474609375,-1.0
66,-18.43573760986328,23.431142807006836,-1.0
67,-7.826638221740723,14.839310646057129,-1.0
68,-23.745670318603516,-24.98276710510254,1.0
69,-11.152950286865234,27.0877685546875,1.0
70,-15.354063987731934,7.936880588531494,-1.0
71,4.512566566467285,36.28165054321289,1.0
72,41.21331787109375,4.493986129760742,-1.0
73,-27.52737045288086,27.829748153686523,1.0
74,25.559690475463867,-9.590150833129883,-1.0
75,33.18525314331055,-7.387905120849609,-1.0
76,40.395687103271484,24.952451705932617,1.0
77,-14.037357330322266,4.667979717254639,-1.0
78,-25.178436279296875,17.550792694091797,1.0
79,-18.595117568969727,-14.280959129333496,-1.0
80,-30.80843734741211,-15.233620643615723,-1.0
81,31.325153350830078,-7.057851791381836,1.0
82,41.1506462097168,-15.858694076538086,-1.0
83,9.05398178100586,-46.19417953491211,1.0
84,13.907015800476074,11.410460472106934,1.0
85,-25.710725784301758,32.162010192871094,1.0
86,3.42225980758667,30.60890769958496,1.0
87,19.273012161254883,33.16072082519531,-1.0
88,22.327835083007812,9.338909149169922,-1.0
89,-14.084063529968262,37.9022331237793,-1.0
90,-24.72565269470215,-14.627942085266113,-1.0
91,-14.65689468383789,27.148683547973633,-1.0
92,25.7473087310791,-34.21449661254883,-1.0
93,-19.27654457092285,20.235443115234375,1.0
94,32.25790023803711,-14.200455665588379,-1.0
95,-15.660545349121094,25.47824478149414,-1.0
96,14.695869445800781,16.159526824951172,-1.0
97,-14.916251182556152,-36.237972259521484,1.0
98,26.549365997314453,-31.814043045043945,-1.0
99,27.158342361450195,-9.077232360839844,-1.0
100,-35.88806915283203,-10.606498718261719,1.0
101,15.774001121520996,3.5610337257385254,-1.0
102,-16.02016258239746,5.822276592254639,-1.0
103,35.62538528442383,-4.210041522979736,1.0
104,-25.61631965637207,32.62443923950195,1.0
105,6.174017906188965,-0.2650841772556305,1.0
106,4.59328031539917,-35.10523986816406,1.0
107,39.803897857666016,3.661132335662842,-1.0
108,19.318960189819336,2.499906063079834,1.0
109,12.152050018310547,-42.03528594970703,1.0
110,-41.77500534057617,16.108497619628906,-1.0
111,27.557228088378906,-13.675848007202148,-1.0
112,-2.2884650230407715,-1.0540302991867065,1.0
113,-15.621912002563477,-38.81587600708008,1.0
114,-29.608461380004883,7.483235836029053,1.0
115,-26.411636352539062,31.46103858947754,1.0
116,-12.842744827270508,24.680816650390625,-1.0
117,-13.152647972106934,26.892459869384766,-1.0
118,-27.47216796875,30.72819709777832,1.0
119,-33.66546630859375,-12.072578430175781,-1.0
120,30.955398559570312,12.339713096618652,-1.0
121,-29.08685302734375,17.993947982788086,1.0
122,-2.555790901184082,-32.81820297241211,-1.0
123,17.224851608276367,-22.427270889282227,1.0
124,3.5064170360565186,-19.80369758605957,1.0
125,15.604388236999512,-2.7806339263916016,-1.0
126,-11.307130813598633,39.24025344848633,-1.0
127,3.0403990745544434,-3.5851855278015137,1.0
128,-39.96828842163086,6.9374895095825195,1.0
129,21.621313095092773,27.64480209350586,-1.0
130,-35.1199836730957,32.42127990722656,1.0
131,37.02180480957031,-15.500051498413086,-1.0
132,-12.57993221282959,38.391944885253906,-1.0
133,4.187729835510254,-12.876399993896484,1.0
134,-32.51458740234375,-16.543136596679688,-1.0
135,21.3083553314209,31.729780197143555,-1.0
136,-9.783257484436035,17.027240753173828,-1.0
137,16.441312789916992,-44.52556610107422,-1.0
138,6.515360355377197,-44.764095306396484,1.0
139,-18.17815589904785,24.730392456054688,-1.0
140,-10.439205169677734,39.92250061035156,-1.0
141,38.65550994873047,-16.56193733215332,-1.0
142,-20.37449073791504,19.768192291259766,1.0
143,39.61919403076172,-18.83185577392578,-1.0
144,-22.581562042236328,17.84572410583496,1.0
145,27.77033233642578,-33.579261779785156,-1.0
146,-26.31749725341797,-14.850568771362305,-1.0
147,14.096391677856445,27.825613021850586,-1.0
148,21.81029510498047,-35.61118698120117,-1.0
149,-9.96729850769043,-14.184679985046387,1.0
150,6.198288917541504,36.80735397338867,-1.0
151,-37.62226867675781,15.10949993133545,1.0
152,15.289849281311035,-8.533960342407227,-1.0
153,17.285966873168945,-32.247718811035156,1.0
154,-0.44232526421546936,-16.886472702026367,1.0
155,34.72018051147461,-14.834301948547363,-1.0
156,24.234050750732422,-21.725574493408203,1.0
157,-19.31606101989746,31.38363265991211,1.0
158,41.40601348876953,-17.7880802154541,-1.0
159,-45.303443908691406,2.460939645767212,1.0
160,2.9430370330810547,16.811044692993164,-1.0
161,10.994112014770508,-14.185821533203125,1.0
162,-12.682255744934082,4.847969055175781,-1.0
163,-5.422397613525391,-41.183902740478516,1.0
164,26.85001564025879,-3.320127248764038,1.0
165,26.68162727355957,11.019630432128906,1.0
166,-8.147582054138184,-15.219691276550293,1.0
167,-4.848134517669678,-7.847487449645996,1.0
168,-8.820862770080566,-32.691375732421875,1.0
169,42.63059616088867,8.935837745666504,-1.0
170,-13.425742149353027,-25.85934829711914,-1.0
171,13.184615135192871,-43.97417449951172,1.0
172,9.168463706970215,-39.12636184692383,1.0
173,-34.728271484375,30.10607147216797,1.0
174,16.86949920654297,-31.202157974243164,1.0
175,-6.712573051452637,5.41118860244751,1.0
176,-0.003585773753002286,17.679563522338867,1.0
177,-13.351741790771484,-43.53959274291992,1.0
178,27.43353843688965,-34.35703659057617,-1.0
179,-36.469581604003906,28.279010772705078,1.0
180,0.8914947509765625,-35.45017623901367,1.0
181,29.42244529724121,-30.17813491821289,-1.0
182,18.651918411254883,-36.57170867919922,1.0
183,-14.726921081542969,-24.558181762695312,1.0
184,-16.6560115814209,-8.895724296569824,-1.0
185,20.54117202758789,-26.533828735351562,-1.0
186,-19.291872024536133,-26.640323638916016,1.0
187,-23.43234634399414,-16.77237319946289,-1.0
188,2.0901119709014893,-8.416893005371094,1.0
189,-8.033153533935547,5.336481094360352,-1.0
190,33.33310317993164,6.621702671051025,-1.0
191,35.30363845825195,3.8705883026123047,-1.0
192,-32.81361389160156,13.637859344482422,-1.0
193,34.328392028808594,-8.419779777526855,-1.0
194,-28.532718658447266,-5.738885402679443,-1.0
195,29.217864990234375,-33.58802032470703,-1.0
196,-0.6059476137161255,-13.027268409729004,1.0
197,-24.264968872070312,33.322940826416016,1.0
198,33.41463088989258,11.608634948730469,-1.0
199,-31.222553253173828,-18.181859970092773,-1.0
200,-6.901830673217773,40.20641326904297,-1.0
201,28.318187713623047,-35.94108581542969,-1.0
202,-28.648839950561523,-12.573602676391602,-1.0
203,1.2961437702178955,-11.563142776489258,1.0
204,-2.1835761070251465,-35.94721984863281,-1.0
205,6.376131057739258,-13.703397750854492,1.0
206,2.1270668506622314,-4.348508358001709,-1.0
207,27.037349700927734,8.667350769042969,1.0
208,-16.8933162689209,19.89621353149414,1.0
209,4.144430160522461,-10.98239803314209,1.0
210,9.765666961669922,36.29496383666992,-1.0
211,-4.758730411529541,38.3222770690918,-1.0
212,16.06251335144043,38.58081817626953,1.0
213,35.80772399902344,-8.937006950378418,-1.0
214,-12.88046646118164,39.67108917236328,-1.0
215,-31.462888717651367,-6.87308931350708,-1.0
216,-6.6209893226623535,26.12844467163086,1.0
217,-26.289335250854492,11.515384674072266,1.0
218,7.480595588684082,-46.04588317871094,1.0
219,-19.42951011657715,-5.395742893218994,-1.0
220,-24.34520149230957,-15.979262351989746,-1.0
221,-32.537750244140625,10.101776123046875,1.0
222,11.611876487731934,-31.680177688598633,-1.0
223,13.665177345275879,38.60013961791992,1.0
224,5.5338826179504395,-46.46251678466797,1.0
225,22.694602966308594,-38.00120544433594,-1.0
226,14.13304328918457,9.92900276184082,1.0
227,21.90534210205078,-41.401771545410156,1.0
228,-20.505033493041992,-6.636402606964111,-1.0
229,-31.573740005493164,7.438868522644043,1.0
230,-20.00545883178711,-24.26643943786621,-1.0
231,6.117983818054199,1.4453078508377075,1.0
232,-25.68524932861328,11.347526550292969,1.0
233,-17.58973503112793,33.525657653808594,1.0
234,36.33868408203125,26.269872665405273,1.0
235,-39.79693603515625,17.336387634277344,-1.0
236,-24.767812728881836,33.587974548339844,1.0
237,-38.97459411621094,-13.459993362426758,1.0
238,-31.084646224975586,-14.653203010559082,-1.0
239,-28.816694259643555,-15.132317543029785,-1.0
240,37.996429443359375,6.575350761413574,-1.0
241,-20.916702270507812,-24.529212951660156,1.0
242,-26.570920944213867,30.768369674682617,1.0
243,8.60755443572998,-44.83135986328125,-1.0
244,17.15865135192871,27.15340232849121,1.0
245,4.898714542388916,-15.14918041229248,1.0
246,-0.4762963056564331,1.909220576286316,-1.0
247,31.45442008972168,28.38996696472168,1.0
248,-39.461971282958984,27.624662399291992,1.0
249,9.7849702835083,-34.562870025634766,1.0
250,-23.08436393737793,21.45889663696289,1.0
251,8.056305885314941,-19.322484970092773,1.0
252,3.272446870803833,-31.49764633178711,-1.0
253,13.91588306427002,-5.053824424743652,-1.0
254,14.374238967895508,31.794231414794922,-1.0
255,27.22895050048828,-4.269261837005615,1.0
256,31.412588119506836,18.729164123535156,-1.0
257,27.07035255432129,-10.646340370178223,-1.0
258,20.2894344329834,29.399045944213867,1.0
259,29.443906784057617,-33.41840362548828,-1.0
260,-14.999238967895508,-18.913434982299805,-1.0
261,23.180978775024414,-32.48110580444336,-1.0
262,20.67326545715332,22.240489959716797,1.0
263,27.36775779724121,-4.762974262237549,-1.0
264,20.29966163635254,37.909664154052734,1.0
265,39.61159133911133,-17.782819747924805,-1.0
266,-35.19628143310547,18.4852294921875,-1.0
267,22.146129608154297,-21.33250617980957,1.0
268,-11.271869659423828,-10.972290992736816,1.0
269,14.502077102661133,-29.894569396972656,1.0
270,-14.190447807312012,25.947265625,-1.0
271,-39.77008056640625,16.499862670898438,-1.0
272,-9.043072700500488,8.653247833251953,-1.0
273,-3.0668110847473145,-18.471351623535156,-1.0
274,-16.626726150512695,-40.94601821899414,1.0
275,40.3892936706543,18.592805862426758,1.0
276,4.522175312042236,12.500846862792969,-1.0
277,12.696866989135742,9.275711059570312,-1.0
278,17.750669479370117,-0.9427571296691895,-1.0
279,-33.49386215209961,-15.331957817077637,-1.0
280,13.198643684387207,43.03175354003906,1.0
281,-11.245161056518555,40.43098068237305,-1.0
282,-5.231714725494385,-27.463945388793945,-1.0
283,22.709835052490234,9.569390296936035,-1.0
284,-40.303836822509766,27.576990127563477,1.0
285,-20.118661880493164,-33.55809020996094,-1.0
286,-4.639144420623779,-48.31999206542969,1.0
287,-41.206321716308594,8.096672058105469,-1.0
288,-6.724664211273193,-41.07484817504883,1.0
289,1.8604512214660645,20.472871780395508,-1.0
290,16.38675308227539,-0.9395014047622681,-1.0
291,34.716957092285156,-16.762441635131836,-1.0
292,-9.085336685180664,15.823556900024414,-1.0
293,25.82447052001953,11.649542808532715,1.0
294,8.934588432312012,-31.98943328857422,-1.0
295,27.164262771606445,2.4113996028900146,1.0
296,32.79098129272461,18.88011932373047,1.0
297,-21.757673263549805,20.0471134185791,1.0
298,14.634261131286621,-4.489792346954346,1.0
299,35.27880859375,-9.724957466125488,-1.0
300,-39.548458099365234,14.542935371398926,-1.0
301,19.914382934570312,4.121381759643555,-1.0
302,-8.100411415100098,-34.354286193847656,1.0
303,-21.377243041992188,18.767608642578125,1.0
304,-15.321455955505371,26.179155349731445,-1.0
305,-21.67292022705078,22.413999557495117,1.0
306,13.323830604553223,-5.639140605926514,-1.0
307,16.21404457092285,19.27077865600586,-1.0
308,-4.202682971954346,-36.911109924316406,-1.0
309,9.424673080444336,16.56906509399414,-1.0
310,-35.42384719848633,-14.926817893981934,-1.0
311,-22.54950523376465,16.271804809570312,1.0
312,-25.204082489013672,-4.580247402191162,-1.0
313,15.05417537689209,-41.87902069091797,-1.0
314,-13.8182373046875,5.079650402069092,-1.0
315,-29.933958053588867,-6.5449724197387695,-1.0
316,-18.821029663085938,-24.216663360595703,-1.0
317,16.433961868286133,-10.513927459716797,-1.0
318,-21.335668563842773,7.890387535095215,1.0
319,16.688709259033203,-44.496002197265625,-1.0
320,18.802345275878906,36.77540588378906,1.0
321,27.039400100708008,6.217738628387451,1.0
322,17.091516494750977,8.279850959777832,1.0
323,-32.732784271240234,-12.43313980102539,-1.0
324,36.51914978027344,28.084293365478516,1.0
325,22.757427215576172,-7.712557315826416,1.0
326,21.326919555664062,-18.922304153442383,1.0
327,-38.44568634033203,-10.060248374938965,1.0
328,-14.710512161254883,-37.76963806152344,1.0
329,19.263519287109375,-0.6584365367889404,1.0
330,-10.84105110168457,10.134795188903809,-1.0
331,27.680862426757812,8.56302547454834,-1.0
332,37.79668426513672,-15.421504974365234,-1.0
333,16.679773330688477,1.5853941440582275,1.0
334,-6.605810165405273,25.496095657348633,1.0
335,23.71531105041504,-13.401835441589355,1.0
336,-45.0091667175293,-13.761297225952148,-1.0
337,-28.716951370239258,34.4042854309082,1.0
338,23.18024444580078,-34.2439079284668,-1.0
339,-23.453283309936523,29.534839630126953,1.0
340,-43.8220100402832,-11.905035972595215,1.0
341,-13.212116241455078,38.47814178466797,-1.0
342,-40.716957092285156,-8.790587425231934,1.0
343,-1.03376042842865,18.626789093017578,-1.0
344,-14.116565704345703,-38.25239181518555,1.0
345,-29.143320083618164,10.952910423278809,1.0
346,-23.68766212463379,30.07076072692871,1.0
347,37.54294967651367,3.4060592651367188,-1.0
348,9.576517105102539,-33.731834411621094,-1.0
349,42.21872329711914,-10.93482780456543,1.0
350,-39.57966995239258,28.874502182006836,1.0
351,14.904496192932129,31.734148025512695,1.0
352,-31.264577865600586,-8.41503620147705,-1.0
353,-7.8388752937316895,-37.28144073486328,1.0
354,24.70412826538086,6.067935943603516,-1.0
355,26.788171768188477,-33.08052062988281,-1.0
356,-11.821903228759766,-10.500810623168945,1.0
357,-16.110986709594727,-22.137319564819336,-1.0
358,-8.699657440185547,25.45724105834961,-1.0
359,-27.931631088256836,27.026805877685547,1.0
360,-1.7750147581100464,-32.345577239990234,-1.0
361,25.21959114074707,8.533483505249023,-1.0
362,-18.908655166625977,19.921825408935547,-1.0
363,-38.69923400878906,13.316740036010742,-1.0
364,17.216718673706055,10.16989517211914,1.0
365,14.055027961730957,41.630332946777344,1.0
366,30.919536590576172,-6.445272922515869,-1.0
367,-18.774934768676758,-4.24276876449585,1.0
368,-30.999889373779297,29.332544326782227,1.0
369,31.260351181030273,-11.733384132385254,-1.0
370,-24.57161521911621,21.73081398010254,1.0
371,30.528032302856445,-11.003684997558594,-1.0
372,-23.151948928833008,13.655513763427734,1.0
373,-40.976993560791016,11.965131759643555,-1.0
374,37.29621505737305,4.15244722366333,1.0
375,13.853254318237305,42.6361198425293,1.0
376,-45.329612731933594,4.008852481842041,-1.0
377,-0.30608388781547546,-35.90906524658203,-1.0
378,-19.04515838623047,-20.318954467773438,-1.0
379,23.617719650268555,-37.44827651977539,-1.0
380,-38.40255355834961,32.51586151123047,1.0
381,-18.34630012512207,-13.742626190185547,-1.0
382,37.76270294189453,26.935468673706055,1.0
383,-43.64288330078125,6.271697998046875,-1.0
384,-21.908937454223633,-5.352417469024658,-1.0
385,-28.562944412231445,2.328456163406372,1.0
386,41.768104553222656,9.2478666305542,-1.0
387,39.81757354736328,7.175017833709717,-1.0
388,15.844660758972168,-7.662405014038086,-1.0
389,-5.835583686828613,6.696722030639648,-1.0
390,-40.28230285644531,-12.426883697509766,1.0
391,25.293380737304688,-32.028785705566406,-1.0
392,-15.787912368774414,-35.163089752197266,1.0
393,-16.57684326171875,27.031782150268555,-1.0
394,17.476154327392578,8.51003646850586,1.0
395,-5.158442497253418,-29.231647491455078,-1.0
396,2.063973903656006,-21.246631622314453,1.0
397,-5.262797832489014,-47.731319427490234,1.0
398,-10.31921100616455,-37.824012756347656,1.0
399,-8.084498405456543,-8.922711372375488,1.0
400,37.2236213684082,-19.135604858398438,-1.0
401,-26.690980911254883,-10.3670654296875,-1.0
402,-12.320629119873047,11.721646308898926,-1.0
403,17.51310157775879,-30.230764389038086,1.0
404,-26.51191520690918,-2.125723123550415,-1.0
405,35.28413772583008,7.423741340637207,-1.0
406,-9.329119682312012,37.76507568359375,-1.0
407,-0.7529820203781128,-47.548648834228516,1.0
408,2.9330239295959473,29.766071319580078,1.0
409,-0.6036807894706726,-32.6464958190918,-1.0
410,-25.280757904052734,19.21197509765625,1.0
411,7.70364236831665,35.450557708740234,-1.0
412,-23.463403701782227,33.05366897583008,1.0
413,-10.9930419921875,11.72386360168457,-1.0
414,0.19433584809303284,-16.06590461730957,1.0
415,19.262014389038086,22.315921783447266,1.0
416,-8.794496536254883,-43.82278060913086,-1.0
417,18.669164657592773,0.9638385772705078,1.0
418,42.29435729980469,21.118440628051758,1.0
419,-13.801323890686035,-41.771697998046875,1.0
420,14.314486503601074,18.222126007080078,-1.0
421,42.171382904052734,19.835004806518555,1.0
422,40.53361511230469,-15.301634788513184,-1.0
423,30.5169734954834,-29.21089744567871,-1.0
424,3.0191667079925537,36.71186065673828,1.0
425,14.904720306396484,9.570767402648926,1.0
426,35.672550201416016,-6.609653949737549,-1.0
427,0.8830804228782654,0.741906464099884,-1.0
428,34.123390197753906,14.516976356506348,-1.0
429,-0.5198968052864075,-13.803508758544922,1.0
430,28.192428588867188,-8.657546997070312,-1.0
431,-21.883516311645508,-29.558948516845703,1.0
432,41.847984313964844,0.17236535251140594,-1.0
433,-0.7985082268714905,19.855392456054688,-1.0
434,34.422359466552734,19.674833297729492,1.0
435,-31.201967239379883,10.986104965209961,1.0
436,-8.511877059936523,-41.22255325317383,1.0
437,17.99848747253418,-34.48872756958008,-1.0
438,-41.22183609008789,29.534074783325195,1.0
439,-41.68095016479492,-15.292539596557617,1.0
440,20.149776458740234,22.213335037231445,1.0
441,27.037214279174805,17.685375213623047,1.0
442,-17.33972930908203,-12.267210960388184,1.0
443,31.703739166259766,11.621745109558105,-1.0
444,33.11643600463867,-8.907519340515137,-1.0
445,29.517929077148438,12.570161819458008,-1.0
446,-30.6622314453125,7.101591110229492,1.0
447,-16.148561477661133,4.19234037399292,-1.0
448,13.933784484863281,-24.4716739654541,-1.0
449,11.644072532653809,36.94649887084961,-1.0
450,-29.45340347290039,-12.92367172241211,-1.0
451,31.618263244628906,24.303071975708008,1.0
452,-34.12134552001953,-10.911091804504395,-1.0
453,10.293665885925293,-38.37498092651367,1.0
454,34.620948791503906,21.776020050048828,1.0
455,34.66273880004883,10.196236610412598,-1.0
456,18.032649993896484,8.842951774597168,1.0
457,-35.778934478759766,26.951229095458984,1.0
458,-41.25714874267578,-11.659198760986328,1.0
459,-39.172691345214844,7.169312477111816,-1.0
460,38.28781509399414,18.615055084228516,-1.0
461,-14.188730239868164,-41.09781265258789,1.0
462,16.95372200012207,37.18773651123047,1.0
463,6.951716899871826,-0.3766942620277405,1.0
464,-12.496260643005371,-38.2140007019043,1.0
465,18.24311637878418,-27.850975036621094,1.0
466,14.099915504455566,23.103290557861328,1.0
467,2.5662481784820557,-47.197654724121094,1.0
468,-20.089473724365234,-22.545846939086914,1.0
469,4.817694187164307,-32.296470642089844,1.0
470,-7.854596138000488,36.64427185058594,-1.0
471,-42.01308059692383,-13.851656913757324,1.0
472,4.506838798522949,14.264532089233398,-1.0
473,-22.897737503051758,19.232271194458008,1.0
474,14.697150230407715,30.958019256591797,-1.0
475,40.60836410522461,-16.860239028930664,-1.0
476,-42.70591354370117,-14.3499174118042,1.0
477,-30.814529418945312,-8.427409172058105,-1.0
478,-23.457944869995117,12.078557968139648,-1.0
479,-2.195126533508301,-8.144417762756348,1.0
480,-16.193355560302734,20.25754737854004,-1.0
481,6.6754469871521,-19.035812377929688,1.0
482,38.31159591674805,20.752910614013672,1.0
483,18.430299758911133,26.30748748779297,-1.0
484,-19.01641273498535,12.668779373168945,-1.0
485,14.646088600158691,15.934784889221191,-1.0
486,18.114133834838867,-38.40962600708008,-1.0
487,35.14348220825195,4.577993869781494,-1.0
488,16.173559188842773,39.945228576660156,1.0
489,14.987868309020996,9.13212776184082,1.0
490,-5.933938980102539,-10.037703514099121,1.0
491,-14.619853973388672,4.585605621337891,-1.0
492,-32.89030456542969,-9.309971809387207,-1.0
493,43.04163360595703,5.2381062507629395,-1.0
494,12.995128631591797,32.31595230102539,-1.0
495,18.991241455078125,12.52488899230957,-1.0
496,-29.493839263916016,10.301246643066406,1.0
497,-2.5117955207824707,-9.257049560546875,1.0
498,-26.48749542236328,33.322147369384766,1.0
499,39.374324798583984,2.1852142810821533,1.0
500,-12.51124095916748,4.6974287033081055,1.0
501,-37.000091552734375,14.550551414489746,-1.0
502,38.8542594909668,7.93020486831665,-1.0
503,17.545862197875977,-25.387178421020508,1.0
504,-26.386154174804688,-13.865823745727539,-1.0
505,8.016779899597168,-16.375591278076172,1.0
506,32.41217041015625,19.56688117980957,-1.0
507,-24.3579044342041,8.69361400604248,-1.0
508,24.49017333984375,-9.350895881652832,-1.0
509,-43.43836212158203,13.79826831817627,-1.0
510,13.704317092895508,9.857352256774902,1.0
511,30.71944236755371,17.87469482421875,-1.0
512,-10.660665512084961,12.594315528869629,-1.0
513,26.85755157470703,-10.862013816833496,-1.0
514,3.4178833961486816,19.99130630493164,-1.0
515,0.4524911940097809,18.83394432067871,-1.0
516,5.706419944763184,-47.4727897644043,1.0
517,40.843780517578125,-17.63965606689453,-1.0
518,33.52191925048828,-8.931066513061523,-1.0
519,43.14213943481445,0.3187530040740967,1.0
520,-11.674147605895996,8.180429458618164,-1.0
521,-6.734126091003418,-39.01241683959961,1.0
522,-22.354740142822266,-29.17406463623047,1.0
523,-32.61349868774414,-17.148941040039062,-1.0
524,-22.82219123840332,31.172706604003906,-1.0
525,-38.78992462158203,4.729646682739258,-1.0
526,-16.283601760864258,-3.100583553314209,-1.0
527,8.933963775634766,0.4758223295211792,1.0
528,45.34788513183594,2.1840109825134277,-1.0
529,-20.118406295776367,-33.279720306396484,-1.0
530,-24.9544677734375,9.562796592712402,1.0
531,36.22419357299805,-10.052655220031738,-1.0
532,22.04662322998047,-19.524446487426758,1.0
533,27.93172264099121,12.538763046264648,1.0
534,-41.384159088134766,-12.447565078735352,1.0
535,-15.302983283996582,-24.018024444580078,-1.0
536,33.763580322265625,0.27051880955696106,-1.0
537,-21.234506607055664,-14.877530097961426,-1.0
538,-10.101425170898438,8.776575088500977,-1.0
539,-27.291627883911133,-12.35442066192627,-1.0
540,11.913694381713867,5.55489444732666,-1.0
541,-10.550816535949707,41.91804504394531,-1.0
542,-38.10459518432617,27.279504776000977,1.0
543,13.128786087036133,31.06212615966797,-1.0
544,-40.676273345947266,30.190519332885742,1.0
545,1.7593566179275513,-17.425472259521484,1.0
546,-19.197032928466797,-14.895040512084961,-1.0
547,3.353569507598877,-16.96282196044922,1.0
548,-20.375194549560547,17.05927276611328,-1.0
549,-33.907318115234375,32.94417953491211,1.0
550,0.9313663244247437,-47.45709228515625,1.0
551,-27.334545135498047,8.265012741088867,1.0
552,-13.351993560791016,-18.30261993408203,1.0
553,-13.514570236206055,-37.85367965698242,1.0
554,-9.351068496704102,13.501713752746582,-1.0
555,-3.908266067504883,27.312244415283203,1.0
556,-39.16342544555664,10.511273384094238,-1.0
557,19.218421936035156,-29.497732162475586,-1.0
558,4.306514263153076,-16.59657859802246,1.0
559,39.78510284423828,1.7264875173568726,1.0
560,46.1089973449707,0.9743055105209351,-1.0
561,7.675090312957764,14.315376281738281,-1.0
562,0.6753437519073486,-37.792625427246094,-1.0
563,-18.527719497680664,-32.842525482177734,-1.0
564,6.803163528442383,32.662227630615234,1.0
565,21.19102668762207,-22.40187644958496,1.0
566,14.240549087524414,39.0504035949707,1.0
567,14.877776145935059,24.771869659423828,1.0
568,34.50111389160156,-5.039072513580322,1.0
569,17.494688034057617,-36.25845718383789,-1.0
570,-20.06312370300293,21.752229690551758,1.0
571,41.08740234375,-11.201690673828125,-1.0
572,-44.66717529296875,-13.931777000427246,-1.0
573,-6.526419162750244,39.588531494140625,-1.0
574,18.612035751342773,23.7603816986084,1.0
575,-24.130592346191406,-27.34152603149414,1.0
576,30.934267044067383,-8.538296699523926,1.0
577,16.45347023010254,4.276081562042236,-1.0
578,36.12348175048828,11.749576568603516,-1.0
579,-7.482676029205322,-20.355133056640625,1.0
580,38.13638687133789,-8.467765808105469,-1.0
581,-26.424230575561523,33.71330261230469,1.0
582,42.09282302856445,22.847341537475586,1.0
583,-23.86790657043457,9.828200340270996,1.0
584,40.26213836669922,5.976585388183594,-1.0
585,-13.42270278930664,2.2117016315460205,-1.0
586,-12.28513240814209,24.347888946533203,-1.0
587,40.80673599243164,-11.800420761108398,-1.0
588,-16.270957946777344,-3.1096694469451904,-1.0
589,0.08972775936126709,-14.782953262329102,1.0
590,16.378740310668945,-25.703638076782227,1.0
591,33.11407470703125,-8.322685241699219,-1.0
592,0.5302489995956421,-37.00395965576172,-1.0
593,-22.03611946105957,-20.946794509887695,-1.0
594,32.670249938964844,28.532268524169922,1.0
595,-41.366878509521484,9.90714168548584,-1.0
596,-36.330177307128906,-10.959982872009277,1.0
597,-13.933674812316895,24.804393768310547,-1.0
598,2.605830669403076,-5.386012077331543,1.0
599,-18.47336769104004,-4.970804214477539,-1.0
600,-32.437538146972656,14.189897537231445,1.0
601,14.973809242248535,-6.057710647583008,-1.0
602,31.191740036010742,23.80126190185547,-1.0
603,-18.355703353881836,19.63041877746582,1.0
604,10.968384742736816,37.33745574951172,-1.0
605,17.153600692749023,25.431537628173828,1.0
606,22.609834671020508,-34.91902542114258,-1.0
607,-0.8266735672950745,-45.868953704833984,1.0
608,17.9348201751709,-39.68937301635742,1.0
609,7.491933345794678,-19.473058700561523,1.0
610,-18.66888999938965,-3.7830488681793213,-1.0
611,31.386207580566406,-29.331308364868164,-1.0
612,-10.839310646057129,27.63665771484375,-1.0
613,-22.355464935302734,-20.78424644470215,-1.0
614,-25.009130477905273,13.112405776977539,1.0
615,-22.062114715576172,21.926542282104492,1.0
616,10.06438159942627,27.216594696044922,-1.0
617,20.71190643310547,11.68842887878418,-1.0
618,-2.8459837436676025,-46.175994873046875,1.0
619,-28.377315521240234,-4.307408332824707,1.0
620,-42.62590026855469,-13.484859466552734,1.0
621,6.859991550445557,32.73344039916992,1.0
622,22.232969284057617,-16.167888641357422,1.0
623,-12.127263069152832,-10.880620002746582,1.0
624,1.8252284526824951,-2.2908132076263428,1.0
625,-16.85911750793457,-39.619869232177734,1.0
626,6.022397041320801,11.861634254455566,-1.0
627,-35.66104507446289,16.547283172607422,-1.0
628,-31.68938636779785,-10.54911994934082,-1.0
629,15.787515640258789,41.57178497314453,1.0
630,15.527806282043457,27.00096321105957,1.0
631,37.02309799194336,23.373830795288086,1.0
632,1.2850477695465088,-2.4458420276641846,1.0
633,-38.32258605957031,1.276175856590271,-1.0
634,3.420470714569092,36.41926574707031,1.0
635,-14.861974716186523,37.693328857421875,1.0
636,7.106817245483398,-16.85457992553711,1.0
637,2.066194772720337,-36.91267776489258,-1.0
638,10.720732688903809,-45.98373794555664,1.0
639,8.023832321166992,15.933728218078613,-1.0
640,-0.158508762717247,-30.919677734375,-1.0
641,18.114543914794922,7.770657539367676,-1.0
642,-30.803264617919922,13.73617935180664,1.0
643,-15.346061706542969,38.61793518066406,-1.0
644,10.63003921508789,-39.47084045410156,-1.0
645,-6.900213718414307,-21.246135711669922,-1.0
646,-4.991209030151367,40.101654052734375,-1.0
647,17.493885040283203,-20.51080322265625,1.0
648,-30.37095832824707,9.14686393737793,1.0
649,21.600080490112305,-37.83739471435547,-1.0
650,43.45267868041992,7.644015312194824,-1.0
651,31.421161651611328,-30.52671241760254,-1.0
652,-6.595447063446045,27.352418899536133,1.0
653,-17.896377563476562,3.4959716796875,-1.0
654,0.16410738229751587,-46.519290924072266,1.0
655,-33.18843460083008,26.225759506225586,1.0
656,-25.684770584106445,29.46663475036621,1.0
657,-34.82353973388672,16.218257904052734,-1.0
658,42.477760314941406,-14.8213472366333,-1.0
659,38.15206527709961,11.2457857131958,-1.0
660,16.901748657226562,10.44028091430664,1.0
661,2.64345383644104,18.98601531982422,-1.0
662,-10.421159744262695,40.768192291259766,-1.0
663,-18.265653610229492,-18.768699645996094,-1.0
664,6.364318370819092,12.33292007446289,-1.0
665,8.588038444519043,-33.28435516357422,-1.0
666,-32.23605728149414,-15.389906883239746,-1.0
667,-0.8724234700202942,-4.0234575271606445,1.0
668,6.084840774536133,-19.75050163269043,1.0
669,31.617389678955078,17.037460327148438,1.0
670,20.698158264160156,31.345129013061523,-1.0
671,19.934246063232422,-37.06296920776367,-1.0
672,-13.800738334655762,-21.213220596313477,-1.0
673,-4.712630271911621,-28.3687801361084,-1.0
674,27.57396125793457,-10.94149112701416,-1.0
675,24.067243576049805,-13.01879596710205,1.0
676,26.40738868713379,3.8546864986419678,1.0
677,-23.431964874267578,-6.921288013458252,-1.0
678,-15.276299476623535,-12.036355018615723,1.0
679,26.761184692382812,8.821264266967773,-1.0
680,32.023529052734375,18.006114959716797,-1.0
681,36.57363510131836,24.2149658203125,1.0
682,-8.412578582763672,-33.15541076660156,1.0
683,-9.83941650390625,-18.467626571655273,1.0
684,-43.17975616455078,14.589740753173828,-1.0
685,0.43228036165237427,-44.86241149902344,1.0
686,-1.3917720317840576,-20.083084106445312,1.0
687,9.697921752929688,-31.7974796295166,-1.0
688,20.261573791503906,0.6518418192863464,1.0
689,-5.709624767303467,-41.61631393432617,1.0
690,-32.04195785522461,27.401409149169922,1.0
691,39.57179641723633,25.66892433166504,1.0
692,22.250797271728516,-35.40699005126953,-1.0
693,20.9691162109375,-39.913726806640625,1.0
694,33.89085388183594,13.830933570861816,-1.0
695,13.922794342041016,-0.2692796289920807,-1.0
696,18.7685604095459,-22.920801162719727,1.0
697,35.123626708984375,18.815834045410156,1.0
698,-4.097206115722656,-12.966231346130371,-1.0
699,27.653329849243164,1.8945592641830444,1.0
700,-16.11114501953125,28.247068405151367,-1.0
701,37.55799102783203,-14.978241920471191,-1.0
702,1.9973920583724976,-20.469600677490234,1.0
703,10.005187034606934,-43.34989929199219,1.0
704,-20.552398681640625,12.441508293151855,1.0
705,27.709993362426758,-17.334739685058594,-1.0
706,-26.228832244873047,-15.296137809753418,-1.0
707,-8.216741561889648,-43.62510681152344,1.0
708,8.51832389831543,0.4310098886489868,1.0
709,5.795612812042236,14.676370620727539,1.0
710,-1.9232161045074463,-30.775493621826172,-1.0
711,17.628171920776367,38.839012145996094,1.0
712,-23.72003173828125,13.586891174316406,1.0
713,-24.892187118530273,16.488201141357422,1.0
714,-28.569135665893555,34.591983795166016,1.0
715,3.844191789627075,1.429029941558838,1.0
716,-18.69100570678711,-16.639881134033203,1.0
717,42.97334289550781,8.610608100891113,-1.0
718,-23.202491760253906,19.088979721069336,1.0
719,17.835962295532227,1.1952030658721924,1.0
720,-2.7412352561950684,-5.006984233856201,1.0
721,14.0266695022583,43.095829010009766,1.0
722,20.041921615600586,28.45844078063965,-1.0
723,-0.7351002097129822,37.62459182739258,-1.0
724,12.522302627563477,32.43232345581055,1.0
725,18.023208618164062,-33.152374267578125,-1.0
726,4.540044784545898,18.772411346435547,-1.0
727,6.089081764221191,-47.9431266784668,1.0
728,15.090859413146973,-42.08039855957031,-1.0
729,-6.5148024559021,-9.917889595031738,1.0
730,38.304840087890625,19.759557723999023,1.0
731,-14.298019409179688,23.568504333496094,-1.0
732,38.35455322265625,7.182657718658447,-1.0
733,-9.660258293151855,41.43619155883789,-1.0
734,15.554434776306152,-38.263938903808594,-1.0
735,-0.30456364154815674,-40.986572265625,1.0
736,-41.41735076904297,-14.444937705993652,1.0
737,37.04453659057617,1.4353432655334473,1.0
738,1.5459176301956177,-33.11979675292969,-1.0
739,21.644664764404297,4.657934665679932,-1.0
740,13.440529823303223,37.19637680053711,1.0
741,32.55202865600586,24.998125076293945,1.0
742,35.14208984375,-5.735005855560303,-1.0
743,22.714658737182617,11.011200904846191,1.0
744,-2.0073254108428955,-47.976707458496094,1.0
745,-39.79037094116211,-10.860454559326172,1.0
746,-22.50945472717285,20.961788177490234,1.0
747,7.3889384269714355,-0.8000389337539673,1.0
748,-11.909671783447266,-37.447052001953125,1.0
749,-9.641068458557129,35.34771728515625,-1.0
750,27.700950622558594,6.787512302398682,1.0
751,-3.8856379985809326,-31.51386260986328,-1.0
752,-27.778175354003906,7.4702982902526855,1.0
753,25.538028717041016,-18.988309860229492,1.0
754,-43.877662658691406,6.276551246643066,-1.0
755,-38.86856460571289,31.518028259277344,1.0
756,10.485184669494629,-45.985137939453125,-1.0
757,5.0998921394348145,-12.148579597473145,1.0
758,-32.88054275512695,-17.28382682800293,-1.0
759,-29.26195526123047,-14.424439430236816,-1.0
760,-34.21392822265625,18.511966705322266,-1.0
761,12.393030166625977,28.854618072509766,-1.0
762,37.56346130371094,2.6404082775115967,-1.0
763,23.730440139770508,-10.763864517211914,-1.0
764,15.334029197692871,8.099493980407715,1.0
765,-31.760547637939453,13.377643585205078,1.0
766,-30.07554054260254,-16.525758743286133,-1.0
767,9.969192504882812,-17.079984664916992,1.0
768,-44.77650833129883,8.038106918334961,1.0
769,-29.131425857543945,-6.3768205642700195,-1.0
770,-8.259732246398926,14.996622085571289,-1.0
771,-30.802799224853516,-15.783492088317871,-1.0
772,4.978228569030762,19.364925384521484,-1.0
773,-18.466007232666016,-1.908037781715393,-1.0
774,-20.199378967285156,31.236549377441406,1.0
775,-10.659337997436523,-14.832159042358398,1.0
776,34.88854217529297,22.60968017578125,1.0
777,27.77701759338379,-5.400332927703857,-1.0
778,-18.89317512512207,-11.894580841064453,1.0
779,-24.330825805664062,-14.00748062133789,-1.0
780,31.55481719970703,-8.358367919921875,-1.0
781,-11.766053199768066,-8.895013809204102,1.0
782,27.73872947692871,-35.154781341552734,-1.0
783,19.402666091918945,-20.957979202270508,1.0
784,28.03659439086914,-5.2172675132751465,1.0
785,-10.601152420043945,5.594863414764404,1.0
786,21.46567726135254,27.81586265563965,1.0
787,3.285395622253418,-5.33087158203125,1.0
788,-15.010293006896973,36.046875,1.0
789,-17.380460739135742,-17.540985107421875,1.0
790,22.33108901977539,-36.40217208862305,-1.0
791,1.677904725074768,-33.59028244018555,-1.0
792,38.13386917114258,3.542201519012451,-1.0
793,25.259057998657227,5.560440540313721,-1.0
794,-34.133750915527344,30.250690460205078,1.0
795,12.934735298156738,-42.43361282348633,-1.0
796,-0.5196744799613953,-18.369686126708984,1.0
797,15.627317428588867,36.99337387084961,1.0
798,-43.381446838378906,16.540679931640625,-1.0
799,-12.474263191223145,37.223697662353516,-1.0
800,33.81156921386719,26.327856063842773,1.0
801,-3.5206246376037598,17.909183502197266,-1.0
802,33.19731903076172,-12.469932556152344,-1.0
803,-14.761674880981445,-41.690731048583984,1.0
804,23.491594314575195,-7.221121311187744,1.0
805,-20.371994018554688,-2.6868295669555664,-1.0
806,36.9434700012207,-4.544351577758789,1.0
807,35.27344512939453,20.220638275146484,1.0
808,1.377274990081787,-10.88551139831543,1.0
809,-12.747528076171875,22.82969856262207,-1.0
810,-8.717979431152344,5.203032970428467,-1.0
811,-17.33437728881836,-18.5125789642334,-1.0
812,-19.943418502807617,13.250033378601074,1.0
813,-11.537303924560547,-20.865549087524414,-1.0
814,12.160812377929688,41.44184875488281,1.0
815,-29.983579635620117,-12.77510929107666,-1.0
816,4.5114006996154785,-48.024208068847656,1.0
817,-30.212736129760742,5.00258731842041,1.0
818,4.682717800140381,-33.658103942871094,1.0
819,26.75477409362793,-8.666834831237793,-1.0
820,15.50008487701416,25.71207618713379,-1.0
821,19.307348251342773,-25.412843704223633,1.0
822,25.093059539794922,-34.60978698730469,1.0
823,-39.4554328918457,-12.701515197753906,1.0
824,-20.485132217407227,-19.667057037353516,-1.0
825,-40.53892135620117,19.696805953979492,-1.0
826,13.97775650024414,26.277103424072266,-1.0
827,-0.9549474120140076,-1.6815487146377563,-1.0
828,-31.135089874267578,-7.427029132843018,1.0
829,34.52130126953125,-11.20769214630127,-1.0
830,5.1492767333984375,-9.688040733337402,1.0
831,-29.580076217651367,-15.208471298217773,-1.0
832,3.1594958305358887,1.3602330684661865,1.0
833,-17.197818756103516,2.8755898475646973,-1.0
834,-29.05409049987793,27.721389770507812,1.0
835,-23.523849487304688,35.122398376464844,1.0
836,-20.62724494934082,-17.956361770629883,-1.0
837,12.147314071655273,-5.846653461456299,-1.0
838,15.81132698059082,39.80491256713867,1.0
839,17.105899810791016,41.054141998291016,1.0
840,15.991964340209961,-9.18329906463623,-1.0
841,35.027225494384766,-8.453182220458984,-1.0
842,-0.2990512251853943,-35.096561431884766,-1.0
843,13.194185256958008,30.57988166809082,-1.0
844,36.690189361572266,0.7233484983444214,1.0
845,11.419833183288574,-44.73341751098633,-1.0
846,1.0312119722366333,-30.300537109375,-1.0
847,-34.1521110534668,26.7097110748291,1.0
848,14.084748268127441,-23.63970375061035,-1.0
849,-17.70743179321289,30.5079402923584,1.0
850,10.168301582336426,-16.189191818237305,1.0
851,-7.466257572174072,-20.10669708251953,1.0
852,14.104073524475098,27.443254470825195,-1.0
853,36.481048583984375,18.950477600097656,1.0
854,16.197134017944336,-11.116458892822266,-1.0
855,-11.972589492797852,24.193431854248047,1.0
856,-6.382076740264893,-35.39240646362305,1.0
857,-7.608531951904297,-41.7061653137207,1.0
858,4.894699573516846,-12.705482482910156,1.0
859,12.701738357543945,-7.121026992797852,1.0
860,-18.70061683654785,29.949460983276367,1.0
861,14.593305587768555,-6.3582282066345215,-1.0
862,-4.399760723114014,27.54705810546875,1.0
863,17.691856384277344,3.6399877071380615,-1.0
864,-15.992379188537598,-36.12028884887695,1.0
865,-39.941341400146484,7.756550312042236,-1.0
866,-3.86623215675354,-33.25265121459961,-1.0
867,19.765979766845703,4.095217704772949,-1.0
868,44.51542282104492,6.209949016571045,1.0
869,3.623077869415283,-1.9604412317276,1.0
870,-28.80811882019043,-0.6041964292526245,-1.0
871,-19.65326499938965,-7.4222612380981445,-1.0
872,-5.264307975769043,28.593141555786133,1.0
873,-0.2844322621822357,-30.461458206176758,-1.0
874,37.83116149902344,-9.73703670501709,-1.0
875,23.55131721496582,-22.059309005737305,1.0
876,-14.468033790588379,-13.762736320495605,-1.0
877,-31.300140380859375,34.23142623901367,1.0
878,-19.963224411010742,-19.302492141723633,-1.0
879,-16.074413299560547,-23.70735740661621,-1.0
880,16.36972427368164,39.69814682006836,1.0
881,-21.42167854309082,-5.032803535461426,-1.0
882,17.291278839111328,-36.631500244140625,1.0
883,18.518104553222656,-19.249582290649414,1.0
884,33.307064056396484,-10.407095909118652,-1.0
885,-5.573189735412598,39.682613372802734,-1.0
886,17.78550148010254,-30.75296401977539,-1.0
887,41.319190979003906,0.308591365814209,-1.0
888,2.310885429382324,-15.064874649047852,1.0
889,37.922279357910156,5.259425640106201,-1.0
890,-12.856803894042969,-11.43793773651123,-1.0
891,-20.024560928344727,-25.502399444580078,-1.0
892,-18.181697845458984,29.25252342224121,1.0
893,-18.134151458740234,22.462663650512695,-1.0
894,34.125213623046875,-6.263942241668701,-1.0
895,-4.841818809509277,-48.975460052490234,1.0
896,-27.31553077697754,-14.408756256103516,-1.0
897,-32.25227355957031,28.738998413085938,1.0
898,4.73827600479126,15.226300239562988,-1.0
899,7.181138038635254,37.10905456542969,1.0
900,-10.611565589904785,42.72954559326172,1.0
901,32.975460052490234,27.831436157226562,1.0
902,37.37286376953125,-16.469772338867188,-1.0
903,-6.530843734741211,-21.579614639282227,1.0
904,21.05966567993164,-17.460737228393555,1.0
905,38.99769592285156,21.13805389404297,1.0
906,-8.589008331298828,-40.742252349853516,1.0
907,-7.564603328704834,-8.710811614990234,-1.0
908,-13.313474655151367,-34.65288162231445,-1.0
909,21.2451114654541,-36.14911651611328,1.0
910,-3.7544541358947754,-10.24169921875,1.0
911,-29.729764938354492,6.0250749588012695,1.0
912,-20.53658103942871,17.49683380126953,1.0
913,-7.474062919616699,17.168819427490234,-1.0
914,-19.620512008666992,18.78803062438965,1.0
915,-18.81370735168457,26.49180793762207,-1.0
916,21.55782699584961,-15.58669662475586,1.0
917,7.717048168182373,16.410114288330078,-1.0
918,19.54896354675293,-0.5200130343437195,1.0
919,-33.61296081542969,26.10409164428711,1.0
920,-26.617420196533203,8.204809188842773,-1.0
921,17.698204040527344,-28.87253761291504,1.0
922,-28.257450103759766,4.460433006286621,1.0
923,35.7041015625,24.828718185424805,1.0
924,17.641090393066406,36.73469161987305,1.0
925,-13.047150611877441,26.267602920532227,-1.0
926,-44.48720932006836,4.874966621398926,1.0
927,37.5080451965332,-1.3708568811416626,1.0
928,35.555145263671875,20.92003631591797,1.0
929,19.68010711669922,32.09219741821289,1.0
930,-37.48142623901367,3.651829481124878,1.0
931,37.92075729370117,22.818187713623047,1.0
932,-1.805049180984497,-30.243375778198242,-1.0
933,-25.09554672241211,-13.708603858947754,-1.0
934,7.070784091949463,13.441509246826172,-1.0
935,-33.693424224853516,12.565176010131836,-1.0
936,37.86418151855469,-6.4231414794921875,-1.0
937,27.516237258911133,-32.791038513183594,-1.0
938,4.2556304931640625,-15.22846508026123,1.0
939,-20.349870681762695,-23.171846389770508,1.0
940,-9.749665260314941,40.643104553222656,-1.0
941,26.689481735229492,-9.31068229675293,-1.0
942,-30.0738525390625,14.538069725036621,1.0
943,20.619611740112305,-16.93113136291504,1.0
944,-29.289024353027344,34.07229995727539,1.0
945,-28.966535568237305,12.206917762756348,1.0
946,37.568260192871094,9.370142936706543,-1.0
947,38.92044448852539,21.390731811523438,1.0
948,38.70812225341797,-13.850582122802734,-1.0
949,18.87803840637207,22.84480094909668,-1.0
950,-13.078082084655762,41.90827178955078,-1.0
951,44.509761810302734,7.026259422302246,-1.0
952,-14.291254043579102,-23.37983512878418,1.0
953,14.725090980529785,-0.44881972670555115,-1.0
954,37.0306510925293,1.3333122730255127,1.0
955,19.541677474975586,12.046381950378418,-1.0
956,15.433674812316895,-6.217935562133789,-1.0
957,-31.43989372253418,29.080930709838867,1.0
958,-13.480183601379395,-36.91923904418945,1.0
959,3.409553289413452,-4.5164265632629395,1.0
960,-16.184974670410156,-20.58782386779785,-1.0
961,37.12224578857422,-1.1073344945907593,1.0
962,15.91396713256836,-31.688413619995117,1.0
963,22.071435928344727,-20.208993911743164,1.0
964,-19.43890953063965,-2.6496963500976562,-1.0
965,6.827573299407959,34.83112716674805,-1.0
966,-18.692472457885742,-34.47625732421875,-1.0
967,31.168895721435547,20.244117736816406,-1.0
968,32.229217529296875,28.659793853759766,1.0
969,18.890174865722656,-28.88950538635254,1.0
970,-13.672121047973633,1.1584811210632324,-1.0
971,37.788204193115234,24.7237491607666,1.0
972,0.018145138397812843,-32.39154815673828,-1.0
973,-42.31297302246094,14.043408393859863,-1.0
974,-12.6004056930542,27.99360466003418,-1.0
975,3.432159900665283,15.466573715209961,1.0
976,18.208717346191406,31.786624908447266,-1.0
977,18.148160934448242,19.9255313873291,-1.0
978,-41.82731628417969,-11.97218132019043,1.0
979,-1.5346920490264893,-19.512737274169922,1.0
980,32.57490921020508,20.952363967895508,1.0
981,-5.019865036010742,28.152326583862305,1.0
982,-20.69386863708496,-16.83466148376465,-1.0
983,-17.22784423828125,31.522008895874023,1.0
984,40.08850860595703,-20.162063598632812,-1.0
985,-3.6884586811065674,38.975826263427734,-1.0
986,2.1799535751342773,-3.7259559631347656,1.0
987,-27.39276695251465,5.25824499130249,1.0
988,16.793548583984375,3.4715304374694824,1.0
989,-25.6629581451416,-2.852001190185547,1.0
990,-34.785362243652344,27.046470642089844,1.0
991,36.989097595214844,26.232484817504883,1.0
992,-11.981133460998535,37.72848129272461,-1.0
993,-33.99197006225586,29.235519409179688,1.0
994,33.71664047241211,26.521387100219727,-1.0
995,40.031410217285156,22.482851028442383,1.0
996,-42.468929290771484,7.663296699523926,1.0
997,-4.805771827697754,-10.093767166137695,1.0
998,5.94417667388916,2.2977042198181152,-1.0
999,-16.472103118896484,6.423293113708496,-1.0
1000,18.469324111938477,39.66939163208008,-1.0
1001,7.0564351081848145,12.335941314697266,-1.0
1002,-19.15865135192871,25.364578247070312,-1.0
1003,9.339402198791504,-32.23008728027344,-1.0
1004,-12.040016174316406,-42.286434173583984,1.0
1005,-9.408838272094727,10.050320625305176,-1.0
1006,-11.013797760009766,9.83583927154541,-1.0
1007,-15.845561027526855,24.78484344482422,-1.0
1008,-0.6578913331031799,-17.35063362121582,1.0
1009,-43.32817459106445,16.891002655029297,-1.0
1010,8.106261253356934,-17.31464385986328,1.0
1011,-22.51897430419922,-4.03715181350708,-1.0
1012,36.77792739868164,25.056095123291016,1.0
1013,-15.00197982788086,-40.9335823059082,1.0
1014,23.815908432006836,5.950407028198242,-1.0
1015,-39.2192268371582,-9.885238647460938,1.0
1016,-25.001121520996094,21.969594955444336,1.0
1017,-10.522806167602539,-14.230232238769531,1.0
1018,-23.43613624572754,10.921895980834961,1.0
1019,-32.58074951171875,13.127398490905762,-1.0
1020,39.41823196411133,8.262386322021484,-1.0
1021,32.74742126464844,-10.186145782470703,-1.0
1022,4.446857452392578,1.919795036315918,1.0
1023,-21.44743537902832,35.79839324951172,-1.0
1024,6.780763149261475,18.301559448242188,-1.0
1025,-17.05791473388672,28.762496948242188,1.0
1026,28.184894561767578,-36.48966979980469,-1.0
1027,22.831247329711914,-19.570945739746094,1.0
1028,-0.6438031196594238,-7.819534778594971,1.0
1029,-23.71573257446289,21.55838394165039,1.0
1030,14.12465763092041,-29.9637508392334,-1.0
1031,0.8529753684997559,-45.5390739440918,1.0
1032,19.650068283081055,21.157991409301758,1.0
1033,-7.541394233703613,5.866519451141357,-1.0
1034,16.69354820251465,-38.22049331665039,-1.0
1035,13.460123062133789,-24.116168975830078,-1.0
1036,26.619598388671875,-10.026141166687012,-1.0
1037,-43.2094841003418,7.41402530670166,-1.0
1038,-19.86663055419922,37.5284538269043,-1.0
1039,-32.81847381591797,9.176542282104492,1.0
1040,-33.4257926940918,31.807432174682617,1.0
1041,17.06580352783203,36.22627639770508,-1.0
1042,17.619258880615234,-44.23900604248047,-1.0
1043,-20.750518798828125,-3.2573812007904053,-1.0
1044,0.9024562239646912,-49.2428092956543,1.0
1045,-23.71845817565918,-2.73225736618042,1.0
1046,-40.311912536621094,-9.543998718261719,-1.0
1047,-0.20209084451198578,-10.700539588928223,1.0
1048,-26.233781814575195,19.958765029907227,1.0
1049,-25.362377166748047,14.680802345275879,1.0
1050,-45.03913497924805,9.198212623596191,-1.0
1051,3.0309433937072754,-47.57536315917969,1.0
1052,15.326833724975586,37.80965805053711,1.0
1053,11.61197566986084,-42.70651626586914,1.0
1054,10.432291984558105,28.351097106933594,-1.0
1055,-16.251150131225586,-28.746299743652344,1.0
1056,2.948362112045288,20.982234954833984,-1.0
1057,4.002556324005127,20.65749740600586,-1.0
1058,-5.363946914672852,7.393972873687744,1.0
1059,-35.88730239868164,11.666515350341797,-1.0
1060,-15.54825210571289,28.5435848236084,-1.0
1061,39.19536209106445,19.98987579345703,1.0
1062,38.23396682739258,27.69957733154297,1.0
1063,-1.0016636848449707,-12.813142776489258,1.0
1064,-10.869805335998535,11.608043670654297,-1.0
1065,-14.051677703857422,-24.762361526489258,1.0
1066,-10.039045333862305,36.466331481933594,-1.0
1067,14.635968208312988,-1.1549171209335327,-1.0
1068,-18.516586303710938,-35.39305114746094,-1.0
1069,0.9120432138442993,-16.7457275390625,1.0
1070,40.750667572021484,-13.918400764465332,-1.0
1071,-9.765616416931152,-16.34508514404297,-1.0
1072,-24.491241455078125,31.687786102294922,1.0
1073,-40.398109436035156,14.322601318359375,-1.0
1074,-20.2659854888916,13.23504638671875,1.0
1075,-17.552207946777344,-24.761865615844727,1.0
1076,15.583087921142578,0.15379010140895844,1.0
1077,6.030691623687744,13.740657806396484,-1.0
1078,-2.9442129135131836,-9.93598461151123,1.0
1079,26.196918487548828,-18.426204681396484,1.0
1080,-0.09001217782497406,-12.265839576721191,1.0
1081,-28.117271423339844,-0.3480377197265625,1.0
1082,-32.58257293701172,27.675052642822266,1.0
1083,40.75209045410156,21.94577407836914,1.0
1084,40.33387756347656,2.560659408569336,-1.0
1085,-8.685664176940918,37.601051330566406,-1.0
1086,-26.624814987182617,29.914533615112305,1.0
1087,3.8360395431518555,2.667889356613159,-1.0
1088,-36.05405807495117,17.25947380065918,-1.0
1089,24.55959701538086,-32.4344596862793,-1.0
1090,15.186254501342773,-27.05937957763672,-1.0
1091,-30.226354598999023,-2.014599084854126,1.0
1092,18.093616485595703,20.10859489440918,-1.0
1093,4.018251419067383,-16.56753921508789,1.0
1094,-28.23764419555664,-12.331694602966309,-1.0
1095,-26.31456184387207,13.228453636169434,1.0
1096,-6.366270542144775,16.5842227935791,-1.0
1097,33.55316925048828,-3.7256717681884766,1.0
1098,19.500459671020508,18.501861572265625,1.0
1099,5.462373733520508,-34.45163345336914,1.0
1100,30.621501922607422,-10.946929931640625,-1.0
1101,-38.1162223815918,27.98033905029297,1.0
1102,-1.0884965658187866,-36.392642974853516,-1.0
1103,-28.0019588470459,17.02816390991211,1.0
1104,10.973292350769043,-35.07365417480469,1.0
1105,42.71349334716797,-0.9838240742683411,-1.0
1106,38.58710861206055,6.536242485046387,-1.0
1107,15.233742713928223,-10.891376495361328,-1.0
1108,16.013294219970703,-6.673515319824219,-1.0
1109,-14.19608211517334,28.613679885864258,-1.0
1110,-17.123783111572266,-9.311697006225586,1.0
1111,21.343029022216797,-19.02265739440918,1.0
1112,27.987934112548828,-30.250822067260742,-1.0
1113,27.98813247680664,-34.63836669921875,-1.0
1114,30.622848510742188,-7.020523548126221,-1.0
1115,6.843347072601318,-12.930827140808105,1.0
1116,28.71696662902832,-38.11942672729492,-1.0
1117,4.076352119445801,19.758407592773438,-1.0
1118,-38.719730377197266,-1.6644909381866455,-1.0
1119,-19.565156936645508,31.083951950073242,1.0
1120,-36.89518737792969,11.870298385620117,-1.0
1121,-16.746723175048828,-9.111199378967285,1.0
1122,17.2705135345459,-27.652393341064453,1.0
1123,12.497103691101074,34.58147048950195,-1.0
1124,-20.62714385986328,8.819831848144531,1.0
1125,0.7646602988243103,0.16739581525325775,-1.0
1126,-36.62958526611328,-7.9528584480285645,-1.0
1127,-26.624006271362305,-9.766351699829102,-1.0
1128,20.7469539642334,11.624021530151367,-1.0
1129,-4.758077621459961,-41.69158935546875,1.0
1130,17.83457374572754,-39.24009704589844,1.0
1131,-29.55467414855957,5.210790634155273,1.0
1132,-38.722808837890625,-1.985629677772522,-1.0
1133,-41.316219329833984,13.946172714233398,-1.0
1134,-30.25506591796875,32.825897216796875,1.0
1135,31.598060607910156,20.58083724975586,-1.0
1136,28.061424255371094,-6.933806896209717,1.0
1137,-41.67128372192383,30.741985321044922,1.0
1138,14.308588981628418,18.210615158081055,-1.0
1139,-1.0860000848770142,-16.779117584228516,1.0
1140,43.620296478271484,-13.459399223327637,-1.0
1141,-10.664315223693848,37.296024322509766,-1.0
1142,-11.253270149230957,34.3736572265625,1.0
1143,19.74540138244629,26.9169864654541,-1.0
1144,-5.786048412322998,-11.449556350708008,1.0
1145,34.267242431640625,-11.39627742767334,-1.0
1146,13.844252586364746,29.720911026000977,1.0
1147,-9.412766456604004,-12.412203788757324,1.0
1148,19.90178108215332,-28.238971710205078,-1.0
1149,15.52418041229248,-27.007905960083008,1.0
1150,-19.397567749023438,-29.1444149017334,-1.0
1151,-9.946901321411133,-16.470718383789062,1.0
1152,-4.655996322631836,-33.859371185302734,-1.0
1153,-12.875933647155762,2.9792582988739014,-1.0
1154,5.166861057281494,36.135555267333984,1.0
1155,-16.938318252563477,-28.483661651611328,1.0
1156,19.921897888183594,18.469011306762695,1.0
1157,-9.970319747924805,9.885858535766602,-1.0
1158,23.68230438232422,-33.234214782714844,-1.0
1159,-40.37589645385742,8.12140941619873,-1.0
1160,-30.20670509338379,33.377132415771484,1.0
1161,-18.564640045166016,29.44033432006836,1.0
1162,40.937034606933594,-12.590188026428223,-1.0
1163,-39.208980560302734,11.545185089111328,-1.0
1164,-12.80128288269043,-42.42139434814453,1.0
1165,-15.131560325622559,-39.96733856201172,1.0
1166,-14.154099464416504,-42.3016471862793,-1.0
1167,37.18975067138672,20.22178840637207,1.0
1168,19.933679580688477,-16.678810119628906,-1.0
1169,1.6104483604431152,35.363319396972656,1.0
1170,-37.5209846496582,14.0997896194458,-1.0
1171,26.830284118652344,16.511686325073242,-1.0
1172,-19.70147705078125,-23.477745056152344,-1.0
1173,23.872974395751953,-7.943400859832764,1.0
1174,-7.201901912689209,-36.684608459472656,1.0
1175,-13.4475679397583,-40.760498046875,-1.0
1176,-14.169337272644043,-17.025087356567383,-1.0
1177,2.187035322189331,-7.073370933532715,-1.0
1178,35.631343841552734,25.11188316345215,1.0
1179,1.4377411603927612,-46.458370208740234,1.0
1180,-39.599464416503906,28.59920883178711,1.0
1181,19.331605911254883,37.34834289550781,1.0
1182,-19.11857032775879,-32.0349235534668,-1.0
1183,-14.438576698303223,35.32776641845703,1.0
1184,-17.263765335083008,37.9251708984375,-1.0
1185,-8.308303833007812,39.35797882080078,1.0
1186,9.157505989074707,-44.664913177490234,-1.0
1187,35.909339904785156,-3.1657843589782715,1.0
1188,-42.5582389831543,12.202373504638672,-1.0
1189,28.65900421142578,13.433431625366211,-1.0
1190,-22.922517776489258,18.240631103515625,1.0
1191,22.23746109008789,-8.863019943237305,1.0
1192,22.093490600585938,-14.89520263671875,1.0
1193,-10.14195728302002,24.72648048400879,-1.0
1194,17.345455169677734,40.0703239440918,1.0
1195,-7.26235818862915,8.718239784240723,-1.0
1196,-0.7977526187896729,-5.494405746459961,1.0
1197,-7.8187575340271,35.11315155029297,-1.0
1198,15.600817680358887,-9.524502754211426,-1.0
1199,6.636648654937744,35.6876335144043,-1.0
1200,-6.865622043609619,-32.698150634765625,1.0
1201,42.54460144042969,20.058773040771484,1.0
1202,-21.679231643676758,14.360124588012695,1.0
1203,10.961706161499023,-32.553016662597656,1.0
1204,-17.158164978027344,33.98515701293945,-1.0
1205,-14.661924362182617,-15.042438507080078,-1.0
1206,10.87900161743164,27.59378433227539,-1.0
1207,-10.6703519821167,8.287728309631348,-1.0
1208,-27.36641502380371,-8.62520980834961,-1.0
1209,5.575921535491943,19.243080139160156,-1.0
1210,-33.61210632324219,-8.928055763244629,-1.0
1211,-10.938672065734863,38.07617950439453,-1.0
1212,16.00201416015625,-10.902692794799805,-1.0
1213,-26.96593475341797,-8.902270317077637,-1.0
1214,44.731163024902344,3.748199939727783,-1.0
1215,19.141342163085938,-38.38778305053711,1.0
1216,37.59808349609375,25.694854736328125,1.0
1217,-21.150426864624023,-28.916030883789062,1.0
1218,39.68342208862305,-16.93846321105957,-1.0
1219,-6.783951282501221,-29.434457778930664,-1.0
1220,24.4818058013916,-37.33704376220703,-1.0
1221,-1.6790729761123657,-31.144563674926758,-1.0
1222,-36.91840744018555,30.566070556640625,1.0
1223,-39.77735137939453,20.06421661376953,1.0
1224,-33.95426940917969,26.85950469970703,1.0
1225,-41.63254165649414,-11.21315860748291,1.0
1226,-21.608245849609375,-24.900630950927734,-1.0
1227,-24.573192596435547,13.39864444732666,1.0
1228,-36.73941421508789,-7.930461883544922,1.0
1229,-5.708542346954346,5.955556869506836,1.0
1230,30.449317932128906,-30.60348892211914,-1.0
1231,1.1214247941970825,-36.42402648925781,-1.0
1232,-43.66169357299805,13.15578556060791,-1.0
1233,20.80640983581543,33.448734283447266,1.0
1234,18.65427589416504,-40.79469299316406,1.0
1235,-23.58824920654297,35.026187896728516,1.0
1236,3.3552849292755127,17.807697296142578,-1.0
1237,10.194607734680176,30.901636123657227,-1.0
1238,16.359088897705078,-26.16065216064453,-1.0
1239,-17.41339683532715,-34.258304595947266,1.0
1240,-8.620108604431152,15.583748817443848,-1.0
1241,-40.41297912597656,12.325183868408203,-1.0
1242,-21.1108341217041,20.8056640625,-1.0
1243,32.03284454345703,23.698835372924805,-1.0
1244,13.41418743133545,42.17082977294922,1.0
1245,7.238356113433838,35.28660202026367,1.0
1246,-6.498439311981201,-49.46435546875,1.0
1247,4.09121561050415,-33.17784118652344,1.0
1248,-6.27067232131958,-12.675524711608887,-1.0
1249,-43.39396667480469,15.947641372680664,-1.0
1250,-26.61520767211914,19.654367446899414,1.0
1251,-3.0350341796875,-31.362234115600586,-1.0
1252,11.974648475646973,24.934389114379883,1.0
1253,-33.14309310913086,-7.972507476806641,-1.0
1254,26.40696907043457,9.340725898742676,-1.0
1255,-36.43700408935547,29.26230239868164,1.0
1256,33.49420928955078,6.060633659362793,-1.0
1257,-13.934465408325195,-39.58523941040039,1.0
1258,31.412824630737305,11.766180038452148,-1.0
1259,38.26493835449219,-16.130783081054688,-1.0
1260,27.47055435180664,-28.50389862060547,1.0
1261,-1.7407952547073364,-5.581539630889893,1.0
1262,-14.403535842895508,29.118131637573242,-1.0
1263,15.707386016845703,-29.595056533813477,1.0
1264,34.25056076049805,11.481496810913086,-1.0
1265,-42.442386627197266,4.781062126159668,-1.0
1266,-30.46826171875,34.56901550292969,1.0
1267,-35.7568473815918,32.07002639770508,1.0
1268,-4.730026721954346,-12.645142555236816,-1.0
1269,13.222811698913574,25.765731811523438,-1.0
1270,15.177172660827637,32.681068420410156,1.0
1271,18.140962600708008,24.585145950317383,-1.0
1272,33.82535934448242,22.525779724121094,1.0
1273,-33.523033142089844,17.88558006286621,1.0
1274,-4.850939750671387,-27.797109603881836,-1.0
1275,30.57849884033203,-14.198256492614746,-1.0
1276,-33.84383010864258,35.272613525390625,-1.0
1277,-36.28157424926758,14.979789733886719,-1.0
1278,-39.156700134277344,13.365766525268555,-1.0
1279,33.333614349365234,25.322229385375977,1.0
1280,-21.555084228515625,-14.254138946533203,-1.0
1281,-25.478612899780273,20.636926651000977,1.0
1282,40.116302490234375,23.776803970336914,1.0
1283,-39.31249237060547,31.78769302368164,1.0
1284,-41.6043815612793,-16.352312088012695,1.0
1285,-33.9670524597168,-16.232337951660156,-1.0
1286,5.740686893463135,-36.18096923828125,1.0
1287,-0.9755622148513794,-48.660606384277344,1.0
1288,-7.159575462341309,-9.100980758666992,1.0
1289,-6.854101657867432,-37.97438430786133,1.0
1290,-17.83257484436035,-12.130609512329102,-1.0
1291,16.65743637084961,9.249083518981934,1.0
1292,16.433605194091797,10.96304988861084,1.0
1293,35.789817810058594,-6.757460594177246,-1.0
1294,10.378920555114746,-15.91209888458252,1.0
1295,-6.177026748657227,-37.1414680480957,1.0
1296,10.951534271240234,-47.03599548339844,1.0
1297,8.658722877502441,-12.430038452148438,1.0
1298,-2.1517529487609863,-0.8108554482460022,1.0
1299,-35.097816467285156,-10.38607406616211,1.0
1300,21.733312606811523,-38.768882751464844,-1.0
1301,45.851409912109375,1.548099160194397,-1.0
1302,10.86754322052002,26.87987518310547,-1.0
1303,-16.143335342407227,-15.318277359008789,-1.0
1304,-7.39961051940918,33.89971160888672,-1.0
1305,-27.697647094726562,10.117112159729004,1.0
1306,-26.37031364440918,28.64860725402832,1.0
1307,13.176426887512207,37.902156829833984,1.0
1308,-39.04890060424805,4.720553398132324,-1.0
1309,-22.03921127319336,-27.448657989501953,1.0
1310,11.260046005249023,-37.38899230957031,1.0
1311,-14.566658020019531,-0.8399423956871033,-1.0
1312,1.9301422834396362,-17.117496490478516,1.0
1313,-25.696361541748047,8.07738208770752,1.0
1314,42.69039535522461,-1.0133888721466064,-1.0
1315,-11.90859603881836,-8.895102500915527,1.0
1316,31.282499313354492,18.139436721801758,1.0
1317,21.153486251831055,-19.381425857543945,1.0
1318,10.988714218139648,34.105316162109375,-1.0
1319,6.065207004547119,-35.757049560546875,1.0
1320,-6.46549654006958,-34.94963836669922,1.0
1321,-4.023656368255615,-48.447479248046875,1.0
1322,-11.337562561035156,-15.03853988647461,1.0
1323,-32.60894012451172,-18.077808380126953,-1.0
1324,-17.79206657409668,24.019710540771484,-1.0
1325,-6.271547794342041,-28.82168197631836,-1.0
1326,-44.98712158203125,7.730545997619629,1.0
1327,36.75465774536133,4.776422500610352,1.0
1328,-8.98664665222168,5.948681354522705,-1.0
1329,16.604103088378906,-43.315128326416016,1.0
1330,-28.535490036010742,16.602603912353516,1.0
1331,35.13737487792969,27.988468170166016,1.0
1332,14.972655296325684,27.73314666748047,-1.0
1333,44.020511627197266,3.9134340286254883,-1.0
1334,-8.146480560302734,-34.81956481933594,1.0
1335,3.3697690963745117,-5.53070592880249,-1.0
1336,3.3351402282714844,30.5855655670166,1.0
1337,-2.6961023807525635,-10.6285982131958,1.0
1338,-19.153186798095703,-12.622124671936035,-1.0
1339,4.0603437423706055,-46.8710823059082,1.0
1340,16.23456382751465,40.146568298339844,1.0
1341,-19.015256881713867,-13.439337730407715,-1.0
1342,-9.378064155578613,13.990432739257812,-1.0
1343,-30.071712493896484,-1.468785047531128,1.0
1344,-45.44389343261719,3.815284252166748,1.0
1345,-14.672933578491211,24.678674697875977,1.0
1346,8.474384307861328,-13.726349830627441,1.0
1347,17.61111068725586,-41.842994689941406,-1.0
1348,-0.06168351694941521,-32.19571304321289,-1.0
1349,22.23735237121582,-17.94827651977539,1.0
1350,-31.418102264404297,-3.9001364707946777,-1.0
1351,1.7631216049194336,19.064964294433594,-1.0
1352,-44.83810806274414,8.71320629119873,-1.0
1353,-12.046001434326172,40.378509521484375,-1.0
1354,15.258282661437988,-2.6823320388793945,-1.0
1355,-1.2338099479675293,-2.404374599456787,1.0
1356,-29.421308517456055,-8.449986457824707,1.0
1357,-26.047256469726562,19.06736946105957,-1.0
1358,31.153440475463867,-31.314037322998047,-1.0
1359,33.47705841064453,12.288716316223145,-1.0
1360,30.993053436279297,-10.899177551269531,-1.0
1361,-20.834991455078125,12.187314987182617,1.0
1362,-19.163789749145508,-0.21460554003715515,-1.0
1363,-2.139233112335205,-5.852138996124268,1.0
1364,-26.36214828491211,8.767695426940918,1.0
1365,11.247385025024414,-48.25521469116211,-1.0
1366,-0.046121709048748016,-0.7115827798843384,-1.0
1367,15.110672950744629,-43.857887268066406,-1.0
1368,-16.608034133911133,7.925076484680176,-1.0
1369,-24.70281982421875,-4.770273208618164,-1.0
1370,23.829959869384766,4.666634559631348,-1.0
1371,-18.900732040405273,23.79571533203125,-1.0
1372,11.893468856811523,-32.10383224487305,1.0
1373,-12.720837593078613,28.585947036743164,-1.0
1374,36.249290466308594,12.365937232971191,-1.0
1375,-7.378849029541016,39.926544189453125,-1.0
1376,24.05091094970703,-21.88445472717285,1.0
1377,41.294883728027344,21.41996192932129,1.0
1378,-8.95242977142334,12.57027530670166,-1.0
1379,26.902999877929688,4.133487701416016,-1.0
1380,-40.307373046875,13.199132919311523,-1.0
1381,6.570869445800781,-18.772449493408203,1.0
1382,24.113981246948242,10.195048332214355,-1.0
1383,8.41761302947998,-40.13231658935547,1.0
1384,-19.487205505371094,-33.86033630371094,-1.0
1385,19.049976348876953,-35.232845306396484,1.0
1386,-15.731650352478027,5.1795454025268555,-1.0
1387,-23.575082778930664,-14.96276569366455,-1.0
1388,41.38185501098633,20.386215209960938,1.0
1389,-22.26359748840332,11.661608695983887,1.0
1390,-17.54539680480957,34.97589874267578,1.0
1391,-28.164634704589844,-5.17723274230957,1.0
1392,-25.04067039489746,-3.564086675643921,-1.0
1393,10.999512672424316,-34.673194885253906,-1.0
1394,27.98167610168457,-33.85202407836914,-1.0
1395,-12.928238868713379,-25.910627365112305,1.0
1396,34.01578140258789,13.991387367248535,-1.0
1397,-21.908390045166016,-6.1256327629089355,-1.0
1398,43.35773468017578,4.077526092529297,-1.0
1399,-22.240131378173828,-23.379880905151367,1.0
1400,36.26885986328125,21.63743019104004,1.0
1401,-40.38990783691406,-15.602285385131836,1.0
1402,3.873103380203247,-11.924503326416016,1.0
1403,15.064786911010742,-2.0438547134399414,-1.0
1404,39.244258880615234,3.4116950035095215,-1.0
1405,12.381503105163574,-45.55699920654297,1.0
1406,-37.0923957824707,31.086029052734375,1.0
1407,7.931390762329102,-17.75296401977539,1.0
1408,31.87815284729004,27.889955520629883,1.0
1409,-36.69868087768555,-0.2940519452095032,-1.0
1410,15.024553298950195,32.99362564086914,1.0
1411,-20.355464935302734,-27.461658477783203,-1.0
1412,34.662174224853516,-14.378588676452637,-1.0
1413,-22.848052978515625,35.21862030029297,1.0
1414,-23.799293518066406,16.51480484008789,1.0
1415,-28.38218116760254,9.99919605255127,1.0
1416,-0.3628900945186615,-45.518310546875,1.0
1417,-12.58708381652832,12.150168418884277,-1.0
1418,-31.968610763549805,34.0278434753418,1.0
1419,3.038010597229004,-33.45158004760742,1.0
1420,18.677448272705078,2.0583369731903076,1.0
1421,-19.40529441833496,-6.191861152648926,-1.0
1422,-19.90151023864746,22.155771255493164,-1.0
1423,4.673412322998047,-0.04163522273302078,1.0
1424,-37.92286682128906,31.88385581970215,1.0
1425,10.096786499023438,-34.788047790527344,-1.0
1426,10.571358680725098,-38.086952209472656,1.0
1427,13.225361824035645,42.58831787109375,1.0
1428,-39.01090621948242,-12.650721549987793,1.0
1429,-6.162008762359619,-33.5576057434082,-1.0
1430,-18.08147430419922,37.82731628417969,1.0
1431,-17.567075729370117,-21.03690528869629,1.0
1432,39.0125846862793,4.819152355194092,-1.0
1433,34.21107864379883,19.2742862701416,1.0
1434,0.8849027752876282,-44.66730880737305,1.0
1435,-13.79284954071045,26.84981346130371,-1.0
1436,11.62407112121582,4.363534927368164,-1.0
1437,-19.897300720214844,-29.20984649658203,1.0
1438,-29.768051147460938,-1.080265998840332,1.0
1439,7.077276229858398,-14.847512245178223,1.0
1440,24.186206817626953,-19.947673797607422,1.0
1441,7.365860462188721,19.285106658935547,-1.0
1442,9.933249473571777,-40.079830169677734,1.0
1443,-14.690070152282715,-40.68659973144531,1.0
1444,-40.721092224121094,28.388954162597656,1.0
1445,-26.827899932861328,9.841797828674316,1.0
1446,-34.14619827270508,18.908370971679688,-1.0
1447,45.23170471191406,2.3856334686279297,-1.0
1448,10.240158081054688,30.296890258789062,-1.0
1449,-22.549842834472656,32.81878662109375,1.0
1450,-18.227693557739258,21.910358428955078,-1.0
1451,-8.940715789794922,15.748418807983398,-1.0
1452,7.716715335845947,-32.466068267822266,-1.0
1453,27.258968353271484,16.109394073486328,-1.0
1454,-35.16887283325195,29.247060775756836,1.0
1455,-1.7810131311416626,-9.004257202148438,1.0
1456,16.096811294555664,-35.709495544433594,-1.0
1457,-20.704620361328125,-15.680644989013672,-1.0
1458,-25.666149139404297,20.881750106811523,1.0
1459,39.96536636352539,24.040878295898438,1.0
1460,19.949607849121094,26.113046646118164,1.0
1461,4.197179794311523,18.49786949157715,-1.0
1462,1.0699681043624878,-21.371475219726562,1.0
1463,17.017532348632812,-35.8448371887207,-1.0
1464,15.758692741394043,-30.662229537963867,1.0
1465,-0.788823664188385,1.2801926136016846,1.0
1466,-34.51201629638672,11.619917869567871,-1.0
1467,-42.141754150390625,12.716361045837402,-1.0
1468,-10.118844032287598,8.956357955932617,-1.0
1469,7.544903755187988,-0.1581401526927948,1.0
1470,29.79092025756836,-34.548397064208984,1.0
1471,21.88625144958496,33.3603401184082,-1.0
1472,-40.817344665527344,-13.761693000793457,1.0
1473,32.36020278930664,17.95345687866211,1.0
1474,-6.863801002502441,-40.272708892822266,1.0
1475,3.593101739883423,-12.108161926269531,1.0
1476,35.01847839355469,6.9202728271484375,1.0
1477,4.702708721160889,-46.69641876220703,1.0
1478,38.16750717163086,11.054019927978516,-1.0
1479,3.06017804145813,15.56397533416748,-1.0
1480,-18.899396896362305,-35.391632080078125,-1.0
1481,23.508995056152344,-7.824949264526367,1.0
1482,8.680098533630371,-41.248538970947266,1.0
1483,-31.485137939453125,-15.501432418823242,-1.0
1484,-0.6008762717247009,3.0477311611175537,-1.0
1485,27.53679084777832,-18.214792251586914,1.0
1486,-11.91264533996582,-11.39005184173584,1.0
1487,5.084477424621582,16.597087860107422,-1.0
1488,1.1234065294265747,35.62169647216797,1.0
1489,27.491275787353516,-13.992756843566895,1.0
1490,-6.587380409240723,16.480810165405273,1.0
1491,-43.598472595214844,9.089883804321289,-1.0
1492,14.014824867248535,25.719152450561523,-1.0
1493,-0.6321507692337036,-43.605106353759766,1.0
1494,10.93700885772705,-44.479217529296875,1.0
1495,0.8280668258666992,-35.374202728271484,-1.0
1496,3.1034772396087646,-34.96510696411133,1.0
1497,37.75526428222656,19.51923179626465,1.0
1498,-1.470073938369751,-4.655268669128418,1.0
1499,41.61417770385742,6.08611536026001,-1.0
1500,-3.0296525955200195,-36.43169403076172,-1.0
1501,6.164162635803223,-32.88832473754883,-1.0
1502,17.26527214050293,37.67697525024414,1.0
1503,-16.425823211669922,-40.88905715942383,1.0
1504,-9.514676094055176,-3.952789068222046,-1.0
1505,-23.02190589904785,-4.584068298339844,-1.0
1506,-22.466020584106445,-13.935355186462402,-1.0
1507,-12.09184455871582,39.03294372558594,-1.0
1508,19.552249908447266,-21.802141189575195,1.0
1509,-14.639628410339355,-0.7786179780960083,-1.0
1510,-29.705636978149414,9.12480640411377,1.0
1511,-11.309497833251953,5.532063007354736,-1.0
1512,-16.32921028137207,-15.090958595275879,-1.0
1513,16.32036781311035,37.69926452636719,1.0
1514,-18.064653396606445,-2.4638240337371826,-1.0
1515,12.420059204101562,-46.760135650634766,-1.0
1516,1.6666091680526733,-45.0134391784668,1.0
1517,9.101237297058105,35.612606048583984,1.0
1518,34.799373626708984,5.205224514007568,1.0
1519,33.02719497680664,10.446513175964355,-1.0
1520,26.422607421875,-27.947538375854492,-1.0
1521,-7.633959770202637,-42.315189361572266,1.0
1522,5.616926193237305,11.030264854431152,1.0
1523,-10.7448148727417,42.98859786987305,-1.0
1524,-37.6970329284668,-3.025254726409912,-1.0
1525,36.1029052734375,23.549287796020508,1.0
1526,22.385845184326172,-16.493871688842773,1.0
1527,4.959536552429199,13.631205558776855,-1.0
1528,24.266681671142578,-36.61594009399414,-1.0
1529,-34.83163833618164,-16.827987670898438,-1.0
1530,1.9716070890426636,14.724650382995605,1.0
1531,-27.60201644897461,29.39678955078125,1.0
1532,1.07595956325531,-18.82012939453125,1.0
1533,-33.134037017822266,-6.681206226348877,-1.0
1534,5.3872833251953125,0.46949461102485657,1.0
1535,-24.666297912597656,18.049100875854492,1.0
1536,-22.177614212036133,-29.82147979736328,1.0
1537,13.874414443969727,35.447174072265625,1.0
1538,43.04660415649414,6.635076999664307,-1.0
1539,19.992511749267578,34.15533447265625,1.0
1540,-40.169715881347656,12.376845359802246,-1.0
1541,15.785906791687012,1.0650261640548706,-1.0
1542,-38.969757080078125,28.275026321411133,1.0
1543,16.515233993530273,31.758991241455078,-1.0
1544,-14.88927936553955,37.842288970947266,-1.0
1545,-2.0692148208618164,37.96579360961914,-1.0
1546,-13.23166561126709,-37.32233428955078,1.0
1547,-21.250064849853516,-5.637956142425537,-1.0
1548,-11.345860481262207,13.956439971923828,-1.0
1549,15.061601638793945,0.1486499160528183,-1.0
1550,27.35100555419922,17.375446319580078,-1.0
1551,-30.703453063964844,-2.0006158351898193,1.0
1552,20.361522674560547,0.21872803568840027,1.0
1553,12.02564811706543,28.666147232055664,-1.0
1554,-24.804197311401367,30.749000549316406,1.0
1555,38.45353317260742,-13.661971092224121,-1.0
1556,34.931365966796875,20.28766632080078,1.0
1557,1.1491150856018066,-11.17965316772461,1.0
1558,18.16993522644043,-35.186851501464844,-1.0
1559,-43.16069030761719,-15.799816131591797,1.0
1560,-14.305785179138184,-12.955042839050293,-1.0
1561,-1.5249284505844116,37.779666900634766,-1.0
1562,-30.391361236572266,9.33610725402832,1.0
1563,-6.7164130210876465,-10.003181457519531,1.0
1564,44.10871124267578,6.295934677124023,-1.0
1565,-31.04108238220215,9.623488426208496,1.0
1566,-19.806468963623047,-16.306974411010742,-1.0
1567,35.47974395751953,8.082865715026855,-1.0
1568,9.440835952758789,-13.554142951965332,1.0
1569,-16.91568946838379,37.46415710449219,-1.0
1570,-40.571197509765625,-8.056456565856934,1.0
1571,0.9658491015434265,-19.431053161621094,1.0
1572,-18.080493927001953,11.92975902557373,-1.0
1573,-26.96076011657715,30.02744483947754,1.0
1574,12.596170425415039,41.321380615234375,1.0
1575,35.40447998046875,26.65528678894043,1.0
1576,-11.902556419372559,-19.829988479614258,-1.0
1577,14.109158515930176,23.748191833496094,-1.0
1578,-34.571773529052734,-12.684401512145996,-1.0
1579,-5.147493362426758,40.43137741088867,-1.0
1580,-37.19917678833008,2.881744146347046,1.0
1581,10.00895881652832,-45.881412506103516,-1.0
1582,24.068523406982422,-33.994441986083984,-1.0
1583,-17.08278465270996,22.747766494750977,-1.0
1584,29.414548873901367,-28.92236328125,-1.0
1585,-31.738506317138672,-5.291782379150391,-1.0
1586,-31.358901977539062,-7.497133255004883,1.0
1587,22.025161743164062,-21.153745651245117,1.0
1588,-19.77090835571289,20.783462524414062,1.0
1589,5.35209846496582,-48.10178756713867,1.0
1590,33.0257568359375,-6.359889030456543,-1.0
1591,0.10702180862426758,-47.46714782714844,1.0
1592,-25.370223999023438,30.758769989013672,1.0
1593,-35.63707733154297,29.72455406188965,1.0
1594,16.36020278930664,2.4918744564056396,1.0
1595,6.655647277832031,-9.64661979675293,1.0
1596,18.208227157592773,9.916382789611816,1.0
1597,6.02710485458374,36.33437728881836,1.0
1598,23.960329055786133,-15.394189834594727,1.0
1599,34.078948974609375,-0.05312381684780121,-1.0
1600,-39.300716400146484,-8.898276329040527,1.0
1601,24.54943084716797,4.540832996368408,-1.0
1602,16.882652282714844,27.40599250793457,1.0
1603,-33.218101501464844,9.797440528869629,1.0
1604,-22.10361671447754,14.876002311706543,1.0
1605,8.490479469299316,-19.566247940063477,1.0
1606,-2.947094440460205,-31.082639694213867,-1.0
1607,-40.093841552734375,8.909905433654785,-1.0
1608,-2.1885204315185547,-34.62229919433594,-1.0
1609,-14.670821189880371,35.109947204589844,1.0
1610,37.267112731933594,21.901010513305664,1.0
1611,-40.048336029052734,30.621623992919922,1.0
1612,-1.2708505392074585,-43.95518112182617,1.0
1613,39.83913803100586,5.949192047119141,-1.0
1614,-22.89430046081543,32.19571304321289,1.0
1615,3.0515708923339844,-19.62148094177246,1.0
1616,11.27695369720459,-15.7753267288208,1.0
1617,-44.227752685546875,-14.052947998046875,1.0
1618,-0.19930396974086761,-19.327465057373047,-1.0
1619,-3.289921998977661,-34.738487243652344,-1.0
1620,-36.4738655090332,1.834505319595337,-1.0
1621,17.930988311767578,-20.973892211914062,1.0
1622,8.564923286437988,16.384336471557617,-1.0
1623,-20.912851333618164,8.707152366638184,-1.0
1624,21.18817901611328,4.382372856140137,-1.0
1625,-26.91086769104004,18.586040496826172,1.0
1626,3.129019021987915,-32.449337005615234,-1.0
1627,-1.3863108158111572,-22.380929946899414,1.0
1628,-21.520856857299805,-20.57056999206543,-1.0
1629,15.107559204101562,-9.566010475158691,-1.0
1630,-24.396760940551758,32.01795196533203,1.0
1631,5.549127578735352,-10.883302688598633,1.0
1632,15.740180015563965,-1.472843885421753,1.0
1633,-23.052589416503906,-16.106224060058594,-1.0
1634,13.859151840209961,-9.384183883666992,1.0
1635,-0.2880896329879761,-9.316150665283203,1.0
1636,-15.96833324432373,-36.61078643798828,1.0
1637,-19.02250862121582,-21.421579360961914,-1.0
1638,1.0042567253112793,-3.1033592224121094,1.0
1639,-1.1743639707565308,-47.97526550292969,1.0
1640,-5.165406227111816,-5.919250011444092,1.0
1641,21.661632537841797,32.605621337890625,-1.0
1642,-35.24607849121094,16.276477813720703,-1.0
1643,-20.797653198242188,-26.476720809936523,1.0
1644,38.43703842163086,26.670183181762695,1.0
1645,-44.390533447265625,13.649592399597168,-1.0
1646,20.074386596679688,-23.71153450012207,1.0
1647,28.56242561340332,-30.84070587158203,-1.0
1648,29.927696228027344,-33.171058654785156,-1.0
1649,-2.545353889465332,-47.82286071777344,1.0
1650,40.894630432128906,3.435741901397705,1.0
1651,-11.825177192687988,36.246097564697266,-1.0
1652,27.56374740600586,-28.39473533630371,-1.0
1653,-4.734928131103516,-38.57465362548828,1.0
1654,18.178686141967773,-24.688570022583008,1.0
1655,-21.77065658569336,32.30192184448242,1.0
1656,-16.332483291625977,7.512402534484863,-1.0
1657,-4.947486400604248,38.60858917236328,-1.0
1658,0.11694981157779694,-3.3900563716888428,1.0
1659,30.74541473388672,-12.89156436920166,-1.0
1660,-25.094741821289062,-13.737391471862793,-1.0
1661,-1.8927428722381592,-8.668503761291504,1.0
1662,-8.205428123474121,-12.144609451293945,-1.0
1663,15.14391803741455,28.61979103088379,-1.0
1664,-15.80955696105957,-12.549344062805176,1.0
1665,-8.689860343933105,25.409591674804688,1.0
1666,17.978666305541992,29.453062057495117,-1.0
1667,34.430660247802734,-4.429738521575928,-1.0
1668,23.8067684173584,-27.23059844970703,-1.0
1669,-8.54729175567627,36.83454895019531,-1.0
1670,37.02481460571289,28.71099281311035,1.0
1671,-39.385597229003906,29.479032516479492,1.0
1672,22.804868698120117,11.008858680725098,-1.0
1673,28.092748641967773,-32.33054733276367,-1.0
1674,7.2765212059021,12.934990882873535,1.0
1675,31.057025909423828,-14.097626686096191,-1.0
1676,-1.7424367666244507,18.610511779785156,-1.0
1677,30.39088249206543,-31.659273147583008,-1.0
1678,-43.155696868896484,8.081441879272461,1.0
1679,-39.236114501953125,11.578582763671875,-1.0
1680,5.490434169769287,18.578943252563477,-1.0
1681,9.2523193359375,-40.91775894165039,-1.0
1682,-30.612272262573242,-12.501779556274414,-1.0
1683,-5.231468677520752,-28.88553237915039,-1.0
1684,42.722900390625,-0.23589354753494263,1.0
1685,-42.366756439208984,6.050522804260254,-1.0
1686,-34.266719818115234,18.784664154052734,-1.0
1687,22.58232307434082,-15.619200706481934,1.0
1688,-4.397997856140137,17.436384201049805,-1.0
1689,32.576026916503906,10.684388160705566,1.0
1690,17.025697708129883,-24.022165298461914,1.0
1691,34.29654312133789,-3.785431146621704,1.0
1692,-11.927103996276855,27.071788787841797,-1.0
1693,5.788543224334717,-13.98832893371582,1.0
1694,-29.938270568847656,8.319775581359863,-1.0
1695,14.716839790344238,33.414066314697266,-1.0
1696,-30.973966598510742,-3.1536929607391357,1.0
1697,-41.96702194213867,16.239120483398438,-1.0
1698,-15.238163948059082,-22.46628761291504,-1.0
1699,-19.938655853271484,-2.56868314743042,-1.0
1700,30.901641845703125,18.967113494873047,-1.0
1701,-6.920377254486084,-11.70277214050293,1.0
1702,-33.46024703979492,13.408552169799805,-1.0
1703,-13.219734191894531,-11.875865936279297,-1.0
1704,5.63247013092041,1.6817559003829956,1.0
1705,-23.53643226623535,-16.38072395324707,1.0
1706,1.090434193611145,-12.92869758605957,1.0
1707,5.1882734298706055,-10.92247486114502,1.0
1708,42.66017532348633,2.942777633666992,-1.0
1709,-7.888874053955078,-35.123409271240234,1.0
1710,18.825231552124023,36.330753326416016,1.0
1711,17.53782081604004,0.7465613484382629,1.0
1712,1.7566030025482178,18.658300399780273,-1.0
1713,7.916347503662109,-32.76124572753906,-1.0
1714,-42.875572204589844,5.135481357574463,1.0
1715,37.7511100769043,-1.028989315032959,1.0
1716,-38.674747467041016,26.19586753845215,1.0
1717,-43.08213424682617,6.426563262939453,-1.0
1718,7.243796348571777,-15.636518478393555,1.0
1719,-7.733410358428955,-36.90565872192383,1.0
1720,37.031917572021484,-19.29290008544922,-1.0
1721,20.861923217773438,-34.69783020019531,-1.0
1722,-9.290268898010254,4.8370680809021,1.0
1723,-5.286839962005615,5.840808391571045,1.0
1724,8.024295806884766,-14.666410446166992,1.0
1725,18.578685760498047,34.48902130126953,1.0
1726,-23.66527557373047,-13.479747772216797,-1.0
1727,15.210298538208008,-7.674867630004883,-1.0
1728,25.6373348236084,-33.26492691040039,-1.0
1729,-13.48862075805664,-41.23455047607422,1.0
1730,-4.547308921813965,18.011262893676758,1.0
1731,-7.71743631362915,-32.28234100341797,-1.0
1732,-32.26632308959961,26.470712661743164,1.0
1733,20.191980361938477,-36.12685012817383,-1.0
1734,-16.38497543334961,-27.627283096313477,1.0
1735,-5.537966728210449,-39.88982391357422,1.0
1736,2.217190742492676,37.31656265258789,-1.0
1737,-20.129924774169922,-26.52204132080078,1.0
1738,-9.70932388305664,24.9083251953125,-1.0
1739,-8.904603958129883,-39.48418426513672,1.0
1740,-33.5621337890625,34.94084548950195,1.0
1741,7.583370685577393,10.734326362609863,-1.0
1742,6.284666061401367,-14.692654609680176,1.0
1743,-6.979191780090332,-33.239112854003906,1.0
1744,2.0330114364624023,19.510583877563477,-1.0
1745,14.87957763671875,10.21108341217041,1.0
1746,18.742368698120117,-21.281789779663086,1.0
1747,21.886144638061523,-34.47380447387695,-1.0
1748,-24.522703170776367,-20.413686752319336,1.0
1749,-14.595512390136719,8.473504066467285,1.0
1750,-41.90324783325195,30.454519271850586,1.0
1751,-4.967519760131836,-26.2847900390625,-1.0
1752,22.10694122314453,-38.55757141113281,-1.0
1753,-27.96121597290039,-3.860978841781616,-1.0
1754,23.901426315307617,4.916731357574463,-1.0
1755,5.737509727478027,19.847122192382812,-1.0
1756,8.495526313781738,39.118221282958984,-1.0
1757,43.64455795288086,-13.679060935974121,-1.0
1758,-26.170467376708984,17.365076065063477,-1.0
1759,37.37449645996094,-13.306465148925781,-1.0
1760,4.98660945892334,-19.967851638793945,1.0
1761,38.237770080566406,-14.011080741882324,-1.0
1762,17.81533432006836,29.88364601135254,-1.0
1763,2.822683811187744,37.00411605834961,1.0
1764,36.248497009277344,20.266101837158203,1.0
1765,2.369952440261841,-7.7043776512146,-1.0
1766,0.9974104762077332,0.4394179582595825,-1.0
1767,-20.56835174560547,-33.33210754394531,-1.0
1768,26.548830032348633,-28.106853485107422,-1.0
1769,13.891461372375488,-24.29683494567871,-1.0
1770,6.163668632507324,-12.409991264343262,1.0
1771,-18.715225219726562,-17.749305725097656,-1.0
1772,9.494539260864258,-35.19395446777344,1.0
1773,-12.135265350341797,14.172746658325195,-1.0
1774,17.24772071838379,23.604093551635742,1.0
1775,33.70896911621094,-15.181150436401367,-1.0
1776,8.075809478759766,-44.30104446411133,1.0
1777,-30.146387100219727,4.882952690124512,1.0
1778,-40.417537689208984,14.23823070526123,-1.0
1779,-5.13549280166626,7.849869251251221,1.0
1780,-17.663196563720703,25.65241241455078,-1.0
1781,33.492462158203125,23.843307495117188,-1.0
1782,18.657997131347656,32.83376693725586,-1.0
1783,-12.157180786132812,-36.97869110107422,1.0
1784,-25.092260360717773,-5.577795505523682,-1.0
1785,6.139125823974609,-36.266963958740234,1.0
1786,-25.748552322387695,-3.7604291439056396,1.0
1787,26.94795036315918,-13.829710006713867,1.0
1788,-14.150957107543945,-18.33403778076172,-1.0
1789,14.342987060546875,-5.855885028839111,-1.0
1790,5.287840843200684,2.023054361343384,-1.0
1791,15.84571647644043,19.247112274169922,-1.0
1792,-37.15304183959961,2.3268935680389404,1.0
1793,8.144340515136719,-30.942873001098633,-1.0
1794,34.656044006347656,11.573909759521484,-1.0
1795,-20.70569610595703,-4.2408576011657715,-1.0
1796,27.85177993774414,8.04288387298584,1.0
1797,-7.992549419403076,35.92799758911133,-1.0
1798,31.596296310424805,12.593056678771973,-1.0
1799,-17.057231903076172,-15.632429122924805,1.0
1800,18.478939056396484,-31.345130920410156,1.0
1801,-40.68667984008789,-6.330134391784668,-1.0
1802,-20.103633880615234,-5.860624313354492,-1.0
1803,5.067323684692383,20.43415069580078,-1.0
1804,10.348403930664062,-40.98135757446289,1.0
1805,10.139615058898926,-39.57726287841797,1.0
1806,-38.157257080078125,14.19245719909668,-1.0
1807,-21.781837463378906,9.713631629943848,1.0
1808,39.971710205078125,-18.529743194580078,-1.0
1809,14.800531387329102,-28.020137786865234,-1.0
1810,-6.703196048736572,-30.979644775390625,-1.0
1811,-33.8470344543457,-11.51111125946045,-1.0
1812,-4.340970039367676,38.97395706176758,-1.0
1813,7.725442886352539,10.21403980255127,-1.0
1814,2.998486280441284,1.2986172437667847,1.0
1815,14.517024040222168,-7.890693664550781,-1.0
1816,41.51490020751953,19.41672134399414,1.0
1817,-3.553854465484619,-6.027766227722168,1.0
1818,-41.795127868652344,-8.294998168945312,-1.0
1819,2.200819730758667,14.990084648132324,1.0
