,mean_fit_time,std_fit_time,mean_score_time,std_score_time,param_NN__alpha,param_NN__hidden_layer_sizes,param_filter__n,params,split0_test_score,split1_test_score,split2_test_score,split3_test_score,split4_test_score,mean_test_score,std_test_score,rank_test_score,split0_train_score,split1_train_score,split2_train_score,split3_train_score,split4_train_score,mean_train_score,std_train_score
0,0.20124149322509766,0.0061199171037986,0.005315923690795898,0.0010312474065208934,0.1,"(50, 50)",2,"{'NN__alpha': 0.1, 'NN__hidden_layer_sizes': (50, 50), 'filter__n': 2}",0.630057803468208,0.7196531791907514,0.8034682080924855,0.8554913294797688,0.4680232558139535,0.6956018518518519,0.13687601769114646,176,0.8147612156295224,0.7923299565846599,0.7713458755426917,0.7583212735166426,0.7369942196531792,0.7747505081853392,0.026895881897281575
1,0.24375672340393068,0.01765826628243258,0.004311656951904297,0.0004010081601279661,0.1,"(50, 50)",4,"{'NN__alpha': 0.1, 'NN__hidden_layer_sizes': (50, 50), 'filter__n': 4}",0.7687861271676301,0.8728323699421965,0.7283236994219653,0.838150289017341,0.8023255813953488,0.8020833333333334,0.05073534546909934,5,0.8552821997105644,0.829232995658466,0.85383502170767,0.7973950795947902,0.846820809248555,0.8365132211840092,0.021641609852860347
2,0.30541481971740725,0.0642757350557466,0.005414342880249024,0.0010704172672107233,0.1,"(50, 50)",6,"{'NN__alpha': 0.1, 'NN__hidden_layer_sizes': (50, 50), 'filter__n': 6}",0.5664739884393064,0.7861271676300579,0.8034682080924855,0.6416184971098265,0.5930232558139535,0.6782407407407407,0.09841791200016094,189,0.8813314037626628,0.8603473227206947,0.8958031837916064,0.8422575976845152,0.8641618497109826,0.8687802715340924,0.018350288177862304
3,0.3215655326843262,0.01931973504261489,0.0062180042266845705,0.0008130861674839811,0.1,"(50, 50)",8,"{'NN__alpha': 0.1, 'NN__hidden_layer_sizes': (50, 50), 'filter__n': 8}",0.5809248554913294,0.6705202312138728,0.7861271676300579,0.7196531791907514,0.8023255813953488,0.7118055555555556,0.08075113210503668,137,0.9059334298118669,0.9117221418234442,0.9001447178002895,0.8900144717800289,0.9002890173410405,0.901620755711334,0.007201322114433768
4,0.347335147857666,0.0531868631276371,0.005013465881347656,0.0003171850741032435,0.1,"(50, 50)",10,"{'NN__alpha': 0.1, 'NN__hidden_layer_sizes': (50, 50), 'filter__n': 10}",0.6473988439306358,0.7543352601156069,0.7456647398843931,0.6878612716763006,0.7645348837209303,0.7199074074074074,0.04499992980677796,117,0.9413892908827786,0.8965267727930536,0.9363241678726484,0.9109985528219972,0.8959537572254336,0.9162385083191824,0.019305317201532363
5,0.3281864643096924,0.04786926655285285,0.004712581634521484,0.0006013712312286494,0.1,"(50, 50)",12,"{'NN__alpha': 0.1, 'NN__hidden_layer_sizes': (50, 50), 'filter__n': 12}",0.6560693641618497,0.7369942196531792,0.7456647398843931,0.7687861271676301,0.75,0.7314814814814815,0.039140740536134595,85,0.9659913169319826,0.951519536903039,0.9645441389290883,0.9261939218523878,0.930635838150289,0.9477769505533574,0.016652648819382228
6,0.3724027156829834,0.03777828766926734,0.006116676330566406,0.001566320380455127,0.1,"(50, 50)",14,"{'NN__alpha': 0.1, 'NN__hidden_layer_sizes': (50, 50), 'filter__n': 14}",0.6676300578034682,0.7485549132947977,0.7456647398843931,0.7456647398843931,0.7616279069767442,0.7337962962962963,0.03362786199185779,80,0.967438494934877,0.967438494934877,0.9717800289435601,0.9573082489146165,0.971820809248555,0.9671572153952972,0.005296789401637381
7,0.39476470947265624,0.04524554563484132,0.0063169002532958984,0.001635358308281357,0.1,"(50, 50)",16,"{'NN__alpha': 0.1, 'NN__hidden_layer_sizes': (50, 50), 'filter__n': 16}",0.7456647398843931,0.7947976878612717,0.7774566473988439,0.7658959537572254,0.6802325581395349,0.7528935185185185,0.039594910295602526,57,0.9934876989869754,0.9775687409551375,0.9884225759768451,0.9667149059334298,0.9804913294797688,0.9813370502664313,0.009236508458640645
8,0.41571917533874514,0.04749007730593939,0.005715703964233399,0.0006799344853497053,0.1,"(50, 50)",18,"{'NN__alpha': 0.1, 'NN__hidden_layer_sizes': (50, 50), 'filter__n': 18}",0.7716763005780347,0.7976878612716763,0.8179190751445087,0.7745664739884393,0.6831395348837209,0.7690972222222222,0.04603439249008242,43,0.9927641099855282,0.9869753979739508,0.9869753979739508,0.9862518089725036,0.9595375722543352,0.9825008574320538,0.011719722545441015
9,0.41973533630371096,0.07185433306569443,0.005815649032592773,0.0011693524073680545,0.1,"(50, 50)",20,"{'NN__alpha': 0.1, 'NN__hidden_layer_sizes': (50, 50), 'filter__n': 20}",0.7716763005780347,0.7976878612716763,0.8179190751445087,0.7745664739884393,0.6831395348837209,0.7690972222222222,0.04603439249008242,43,0.9927641099855282,0.9869753979739508,0.9869753979739508,0.9862518089725036,0.9595375722543352,0.9825008574320538,0.011719722545441015
10,0.18349380493164064,0.01279793195960502,0.0049132823944091795,0.0009723233063413099,0.1,"(50,)",2,"{'NN__alpha': 0.1, 'NN__hidden_layer_sizes': (50,), 'filter__n': 2}",0.630057803468208,0.7196531791907514,0.8034682080924855,0.6994219653179191,0.7034883720930233,0.7112268518518519,0.05546992716173746,139,0.8147612156295224,0.7923299565846599,0.7713458755426917,0.7004341534008683,0.6994219653179191,0.7556586332951323,0.04753166684328102
11,0.22520623207092286,0.01073132513058996,0.0053142070770263675,0.0007504883453967331,0.1,"(50,)",4,"{'NN__alpha': 0.1, 'NN__hidden_layer_sizes': (50,), 'filter__n': 4}",0.7687861271676301,0.8728323699421965,0.7283236994219653,0.838150289017341,0.8023255813953488,0.8020833333333334,0.05073534546909934,5,0.8552821997105644,0.829232995658466,0.85383502170767,0.7973950795947902,0.846820809248555,0.8365132211840092,0.021641609852860347
12,0.22129616737365723,0.024073045171971712,0.005312204360961914,0.0010821304058996181,0.1,"(50,)",6,"{'NN__alpha': 0.1, 'NN__hidden_layer_sizes': (50,), 'filter__n': 6}",0.630057803468208,0.8554913294797688,0.7225433526011561,0.6184971098265896,0.7034883720930233,0.7060185185185185,0.0849627089671359,151,0.8683068017366136,0.8574529667149059,0.8437047756874095,0.8176555716353111,0.7752890173410405,0.8324818266230561,0.03323785954481881
13,0.27474174499511717,0.030888874925629247,0.005314302444458008,0.0008743202368641261,0.1,"(50,)",8,"{'NN__alpha': 0.1, 'NN__hidden_layer_sizes': (50,), 'filter__n': 8}",0.6069364161849711,0.7369942196531792,0.7052023121387283,0.6011560693641619,0.48255813953488375,0.6267361111111112,0.08952499014040537,197,0.9081041968162084,0.9066570188133141,0.8784370477568741,0.869753979739508,0.8930635838150289,0.8912031653881869,0.015172138478851462
14,0.28848929405212403,0.019991104571602893,0.005018949508666992,0.0008328769968350634,0.1,"(50,)",10,"{'NN__alpha': 0.1, 'NN__hidden_layer_sizes': (50,), 'filter__n': 10}",0.6705202312138728,0.7225433526011561,0.7398843930635838,0.8121387283236994,0.7122093023255814,0.7314814814814815,0.04637686274785046,85,0.914616497829233,0.9044862518089725,0.9276410998552822,0.88205499276411,0.8959537572254336,0.9049505198966064,0.015579833082216039
15,0.2986037254333496,0.014559398659821823,0.005114173889160157,0.0006652897001362642,0.1,"(50,)",12,"{'NN__alpha': 0.1, 'NN__hidden_layer_sizes': (50,), 'filter__n': 12}",0.661849710982659,0.7890173410404624,0.6965317919075145,0.6358381502890174,0.7761627906976745,0.7118055555555556,0.06099343759913467,137,0.947178002894356,0.9312590448625181,0.9551374819102749,0.9247467438494935,0.9082369942196532,0.9333116535472591,0.01658283358709608
16,0.31624836921691896,0.061288160752803446,0.005414724349975586,0.0010706093631862007,0.1,"(50,)",14,"{'NN__alpha': 0.1, 'NN__hidden_layer_sizes': (50,), 'filter__n': 14}",0.6705202312138728,0.6936416184971098,0.6907514450867052,0.7052023121387283,0.7703488372093024,0.7060185185185185,0.03396528461888237,151,0.9652677279305355,0.9204052098408104,0.9725036179450073,0.9565846599131693,0.9219653179190751,0.9473453067097195,0.021951911554876042
17,0.3745112895965576,0.0202947290945279,0.005813217163085938,0.0010330555109783184,0.1,"(50,)",16,"{'NN__alpha': 0.1, 'NN__hidden_layer_sizes': (50,), 'filter__n': 16}",0.7052023121387283,0.8034682080924855,0.6647398843930635,0.7398843930635838,0.6482558139534884,0.7123842592592593,0.05564295595394921,134,0.9659913169319826,0.9732272069464544,0.9811866859623734,0.9609261939218524,0.9761560693641619,0.9714974946253649,0.007220042152661302
18,0.41220836639404296,0.03401937632048906,0.005214023590087891,0.001079682197419281,0.1,"(50,)",18,"{'NN__alpha': 0.1, 'NN__hidden_layer_sizes': (50,), 'filter__n': 18}",0.7052023121387283,0.846820809248555,0.7543352601156069,0.7341040462427746,0.7209302325581395,0.7523148148148148,0.04996080826666488,58,0.9811866859623734,0.9696092619392185,0.975397973950796,0.9652677279305355,0.9869942196531792,0.9756911738872205,0.0077933733557864465
19,0.4117106914520264,0.03649431103302749,0.005011749267578125,0.0008978080843722284,0.1,"(50,)",20,"{'NN__alpha': 0.1, 'NN__hidden_layer_sizes': (50,), 'filter__n': 20}",0.7052023121387283,0.846820809248555,0.7543352601156069,0.7341040462427746,0.7209302325581395,0.7523148148148148,0.04996080826666488,58,0.9811866859623734,0.9696092619392185,0.975397973950796,0.9652677279305355,0.9869942196531792,0.9756911738872205,0.0077933733557864465
20,0.16033177375793456,0.007618561210954444,0.0056152820587158205,0.0008627534550929842,0.1,"(25,)",2,"{'NN__alpha': 0.1, 'NN__hidden_layer_sizes': (25,), 'filter__n': 2}",0.6994219653179191,0.6994219653179191,0.6994219653179191,0.6994219653179191,0.7034883720930233,0.7002314814814815,0.0016237319954344998,168,0.7004341534008683,0.7004341534008683,0.7004341534008683,0.7004341534008683,0.6994219653179191,0.7002317157842785,0.00040487523317969123
21,0.20936388969421388,0.03339004835816323,0.005013608932495117,0.0008390785827674782,0.1,"(25,)",4,"{'NN__alpha': 0.1, 'NN__hidden_layer_sizes': (25,), 'filter__n': 4}",0.7687861271676301,0.8728323699421965,0.7630057803468208,0.6994219653179191,0.6715116279069767,0.7552083333333334,0.06954896945104479,52,0.8552821997105644,0.829232995658466,0.804630969609262,0.7004341534008683,0.8041907514450867,0.7987542139648495,0.0526408506997711
22,0.2262087345123291,0.026146221202543635,0.00461273193359375,0.0007368443875714493,0.1,"(25,)",6,"{'NN__alpha': 0.1, 'NN__hidden_layer_sizes': (25,), 'filter__n': 6}",0.5664739884393064,0.6271676300578035,0.7225433526011561,0.5028901734104047,0.7616279069767442,0.6359953703703703,0.09577475676956301,193,0.8769898697539797,0.7539797395079595,0.8437047756874095,0.8133140376266281,0.8569364161849711,0.8289849677521897,0.04283407322753923
23,0.30602545738220216,0.030706681549675697,0.0067614555358886715,0.0005826344942490698,0.1,"(25,)",8,"{'NN__alpha': 0.1, 'NN__hidden_layer_sizes': (25,), 'filter__n': 8}",0.6820809248554913,0.7803468208092486,0.7572254335260116,0.8352601156069365,0.5523255813953488,0.7216435185185185,0.09771808986806486,112,0.8871201157742402,0.8929088277858177,0.8900144717800289,0.8835021707670043,0.8569364161849711,0.8820964004584123,0.012960271235891966
24,0.32286949157714845,0.07185263869594637,0.0062163352966308595,0.0016351770467370882,0.1,"(25,)",10,"{'NN__alpha': 0.1, 'NN__hidden_layer_sizes': (25,), 'filter__n': 10}",0.6994219653179191,0.7427745664739884,0.7514450867052023,0.6242774566473989,0.5843023255813954,0.6805555555555556,0.06581164585843202,188,0.8784370477568741,0.894356005788712,0.9204052098408104,0.9052098408104197,0.8186416184971098,0.8834099445387853,0.03516636788112389
25,0.3431243896484375,0.05413669026575888,0.005213403701782226,0.0005107255777203977,0.1,"(25,)",12,"{'NN__alpha': 0.1, 'NN__hidden_layer_sizes': (25,), 'filter__n': 12}",0.653179190751445,0.7196531791907514,0.7312138728323699,0.6647398843930635,0.7354651162790697,0.7008101851851852,0.03478573739116112,164,0.934876989869754,0.9442836468885673,0.9616497829232996,0.9175108538350217,0.8952312138728323,0.930710497477895,0.022767694591571585
26,0.3326977252960205,0.043949076292872515,0.00601649284362793,0.0007765414269532686,0.1,"(25,)",14,"{'NN__alpha': 0.1, 'NN__hidden_layer_sizes': (25,), 'filter__n': 14}",0.6589595375722543,0.7369942196531792,0.7167630057803468,0.6820809248554913,0.7034883720930233,0.6996527777777778,0.027095104179654536,172,0.9290882778581766,0.9486251808972503,0.9493487698986975,0.9450072358900145,0.8388728323699421,0.9221884593828162,0.04229983563225175
27,0.3761123180389404,0.025554941718959105,0.005815744400024414,0.00092995822496111,0.1,"(25,)",16,"{'NN__alpha': 0.1, 'NN__hidden_layer_sizes': (25,), 'filter__n': 16}",0.6878612716763006,0.815028901734104,0.7514450867052023,0.7832369942196532,0.6133720930232558,0.7303240740740741,0.07190613685981484,90,0.9450072358900145,0.9602026049204052,0.9261939218523878,0.9645441389290883,0.9696531791907514,0.9531202161565295,0.01577878881641507
28,0.330689525604248,0.04582870501384039,0.0054146766662597655,0.0008020640748394874,0.1,"(25,)",18,"{'NN__alpha': 0.1, 'NN__hidden_layer_sizes': (25,), 'filter__n': 18}",0.684971098265896,0.7225433526011561,0.7254335260115607,0.8410404624277457,0.5872093023255814,0.7123842592592593,0.0814787874160233,134,0.975397973950796,0.894356005788712,0.9536903039073806,0.9630969609261939,0.9595375722543352,0.9492157633654836,0.028334960914158037
29,0.32066936492919923,0.05139777408774325,0.0060100555419921875,0.0009039024708472082,0.1,"(25,)",20,"{'NN__alpha': 0.1, 'NN__hidden_layer_sizes': (25,), 'filter__n': 20}",0.684971098265896,0.7225433526011561,0.7254335260115607,0.8410404624277457,0.5872093023255814,0.7123842592592593,0.0814787874160233,134,0.975397973950796,0.894356005788712,0.9536903039073806,0.9630969609261939,0.9595375722543352,0.9492157633654836,0.028334960914158037
30,0.21357288360595703,0.012376179039134799,0.005414581298828125,0.0008626313490562987,0.1,"(25, 25)",2,"{'NN__alpha': 0.1, 'NN__hidden_layer_sizes': (25, 25), 'filter__n': 2}",0.630057803468208,0.7196531791907514,0.8034682080924855,0.8554913294797688,0.7034883720930233,0.7424768518518519,0.07899185110513277,72,0.8147612156295224,0.7923299565846599,0.7713458755426917,0.7583212735166426,0.6994219653179191,0.7672360573182871,0.0389447287904305
31,0.24374098777770997,0.009893159481235833,0.006618070602416992,0.0010708280942375028,0.1,"(25, 25)",4,"{'NN__alpha': 0.1, 'NN__hidden_layer_sizes': (25, 25), 'filter__n': 4}",0.7687861271676301,0.8583815028901735,0.8034682080924855,0.838150289017341,0.5261627906976745,0.7592592592592593,0.1201645255671141,48,0.8321273516642547,0.8096960926193922,0.8234442836468886,0.7973950795947902,0.8374277456647399,0.820018110638013,0.014695668484567503
32,0.28947858810424804,0.03577014752120053,0.005615091323852539,0.0012035490366397554,0.1,"(25, 25)",6,"{'NN__alpha': 0.1, 'NN__hidden_layer_sizes': (25, 25), 'filter__n': 6}",0.630057803468208,0.8554913294797688,0.653179190751445,0.6705202312138728,0.7616279069767442,0.7141203703703703,0.0836078811589901,129,0.8683068017366136,0.8589001447178003,0.8813314037626628,0.8523878437047757,0.8569364161849711,0.8635725220213647,0.010283553126306941
33,0.34091777801513673,0.00866590288928654,0.005215072631835937,0.0011240407253453688,0.1,"(25, 25)",8,"{'NN__alpha': 0.1, 'NN__hidden_layer_sizes': (25, 25), 'filter__n': 8}",0.6560693641618497,0.7254335260115607,0.7774566473988439,0.6127167630057804,0.8023255813953488,0.7146990740740741,0.07149145484740409,128,0.8965267727930536,0.9037626628075254,0.9001447178002895,0.8892908827785818,0.9002890173410405,0.8980028107040982,0.0049207068423774486
34,0.3277905941009521,0.026148866085592644,0.005017375946044922,0.0007825505426582599,0.1,"(25, 25)",10,"{'NN__alpha': 0.1, 'NN__hidden_layer_sizes': (25, 25), 'filter__n': 10}",0.6994219653179191,0.7456647398843931,0.7630057803468208,0.7427745664739884,0.6133720930232558,0.7129629629629629,0.05389541779261572,130,0.9073806078147613,0.9059334298118669,0.9211287988422576,0.9088277858176556,0.9089595375722543,0.9104460319717591,0.005453628108703796
35,0.3515469551086426,0.032326269964037965,0.0060160160064697266,0.000951630333130818,0.1,"(25, 25)",12,"{'NN__alpha': 0.1, 'NN__hidden_layer_sizes': (25, 25), 'filter__n': 12}",0.7167630057803468,0.7601156069364162,0.6589595375722543,0.8034682080924855,0.6947674418604651,0.7268518518518519,0.05044970882753812,99,0.9406657018813314,0.9479015918958031,0.9442836468885673,0.9218523878437048,0.9263005780346821,0.9362007813088177,0.010257364378733603
36,0.39325928688049316,0.030599344400226786,0.005120468139648437,0.0011571632549612018,0.1,"(25, 25)",14,"{'NN__alpha': 0.1, 'NN__hidden_layer_sizes': (25, 25), 'filter__n': 14}",0.7109826589595376,0.8323699421965318,0.7023121387283237,0.6560693641618497,0.6075581395348837,0.7019675925925926,0.07494918873079172,160,0.959479015918958,0.9638205499276411,0.9616497829232996,0.9667149059334298,0.9689306358381503,0.9641189781082957,0.0033942929968308606
37,0.4617427349090576,0.05279628264381201,0.006718063354492187,0.0005111930436048013,0.1,"(25, 25)",16,"{'NN__alpha': 0.1, 'NN__hidden_layer_sizes': (25, 25), 'filter__n': 16}",0.7283236994219653,0.7890173410404624,0.7514450867052023,0.8352601156069365,0.6686046511627907,0.7546296296296297,0.056145659619106426,56,0.9848046309696092,0.9623733719247467,0.9826338639652678,0.9725036179450073,0.990606936416185,0.9785844842441632,0.009994039775999192
38,0.42013096809387207,0.0198900349682142,0.006617975234985351,0.0004911083700459803,0.1,"(25, 25)",18,"{'NN__alpha': 0.1, 'NN__hidden_layer_sizes': (25, 25), 'filter__n': 18}",0.7543352601156069,0.8063583815028902,0.8265895953757225,0.7832369942196532,0.7383720930232558,0.7818287037037037,0.03239364689536422,27,0.9862518089725036,0.9573082489146165,0.984081041968162,0.9855282199710564,0.9841040462427746,0.9794546732138226,0.011104711535093436
39,0.3990743160247803,0.028572672002989234,0.005414342880249024,0.0012442165485822968,0.1,"(25, 25)",20,"{'NN__alpha': 0.1, 'NN__hidden_layer_sizes': (25, 25), 'filter__n': 20}",0.7543352601156069,0.8063583815028902,0.8265895953757225,0.7832369942196532,0.7383720930232558,0.7818287037037037,0.03239364689536422,27,0.9862518089725036,0.9573082489146165,0.984081041968162,0.9855282199710564,0.9841040462427746,0.9794546732138226,0.011104711535093436
40,0.30762858390808107,0.009929406647085732,0.005815839767456055,0.0011255679113212826,0.1,"(100, 25, 100)",2,"{'NN__alpha': 0.1, 'NN__hidden_layer_sizes': (100, 25, 100), 'filter__n': 2}",0.630057803468208,0.7196531791907514,0.8034682080924855,0.8554913294797688,0.4680232558139535,0.6956018518518519,0.13687601769114646,176,0.8147612156295224,0.7923299565846599,0.7713458755426917,0.7583212735166426,0.7369942196531792,0.7747505081853392,0.026895881897281575
41,0.3529504299163818,0.047714965494828634,0.006416749954223633,0.0007369417682283208,0.1,"(100, 25, 100)",4,"{'NN__alpha': 0.1, 'NN__hidden_layer_sizes': (100, 25, 100), 'filter__n': 4}",0.7687861271676301,0.8728323699421965,0.7283236994219653,0.838150289017341,0.8023255813953488,0.8020833333333334,0.05073534546909934,5,0.8552821997105644,0.829232995658466,0.85383502170767,0.7973950795947902,0.846820809248555,0.8365132211840092,0.021641609852860347
42,0.401882266998291,0.045862379199814014,0.006517219543457031,0.0013449023314514598,0.1,"(100, 25, 100)",6,"{'NN__alpha': 0.1, 'NN__hidden_layer_sizes': (100, 25, 100), 'filter__n': 6}",0.5664739884393064,0.7341040462427746,0.8034682080924855,0.7485549132947977,0.7616279069767442,0.7228009259259259,0.08157651280669057,107,0.8813314037626628,0.8589001447178003,0.8958031837916064,0.8560057887120116,0.8569364161849711,0.8697953874338105,0.016023093536864968
43,0.4226375579833984,0.043068391659682334,0.0062163352966308595,0.001292002686305299,0.1,"(100, 25, 100)",8,"{'NN__alpha': 0.1, 'NN__hidden_layer_sizes': (100, 25, 100), 'filter__n': 8}",0.6184971098265896,0.7225433526011561,0.7861271676300579,0.7167630057803468,0.8023255813953488,0.7291666666666666,0.06486227907821777,94,0.9059334298118669,0.91027496382055,0.9001447178002895,0.8892908827785818,0.9002890173410405,0.9011866023104658,0.007050248386506199
44,0.4262518405914307,0.045759030021694735,0.0064753532409667965,0.0014699152547817014,0.1,"(100, 25, 100)",10,"{'NN__alpha': 0.1, 'NN__hidden_layer_sizes': (100, 25, 100), 'filter__n': 10}",0.6271676300578035,0.7196531791907514,0.7485549132947977,0.815028901734104,0.7151162790697675,0.7251157407407407,0.06062689323325371,103,0.9457308248914617,0.9088277858176556,0.9341534008683068,0.9066570188133141,0.9067919075144508,0.9204321875810377,0.016363174502518067
45,0.44289207458496094,0.05327161166713817,0.00701904296875,0.0007090112053210001,0.1,"(100, 25, 100)",12,"{'NN__alpha': 0.1, 'NN__hidden_layer_sizes': (100, 25, 100), 'filter__n': 12}",0.6589595375722543,0.7138728323699421,0.7427745664739884,0.7774566473988439,0.7616279069767442,0.7309027777777778,0.04176771906184587,88,0.8769898697539797,0.9500723589001447,0.9681620839363242,0.9363241678726484,0.9299132947976878,0.9322923550521569,0.030604072635932303
46,0.482499361038208,0.06477103397188115,0.006116247177124024,0.0015007600472439434,0.1,"(100, 25, 100)",14,"{'NN__alpha': 0.1, 'NN__hidden_layer_sizes': (100, 25, 100), 'filter__n': 14}",0.7023121387283237,0.7716763005780347,0.7514450867052023,0.8439306358381503,0.8343023255813954,0.7806712962962963,0.052825703267211185,30,0.9782923299565847,0.9616497829232996,0.9688856729377714,0.9696092619392185,0.9696531791907514,0.9696180453895252,0.0052777665810844875
47,0.6035301685333252,0.13215146423485985,0.005514717102050782,0.0008391071029479851,0.1,"(100, 25, 100)",16,"{'NN__alpha': 0.1, 'NN__hidden_layer_sizes': (100, 25, 100), 'filter__n': 16}",0.661849710982659,0.869942196531792,0.8728323699421965,0.8063583815028902,0.8023255813953488,0.8026620370370371,0.07658496638513161,4,0.9992764109985528,1.0,1.0,0.9681620839363242,0.9920520231213873,0.9918981036112529,0.012240450901120217
48,0.5397566318511963,0.08996118954736455,0.005514669418334961,0.0007090112919076268,0.1,"(100, 25, 100)",18,"{'NN__alpha': 0.1, 'NN__hidden_layer_sizes': (100, 25, 100), 'filter__n': 18}",0.6994219653179191,0.8786127167630058,0.8236994219653179,0.8034682080924855,0.7936046511627907,0.7997685185185185,0.05818858920871609,23,0.9963820549927641,0.9963820549927641,0.9942112879884226,0.9891461649782923,0.9956647398843931,0.9943572605673273,0.00272345047052325
49,0.5340406417846679,0.09387726264339351,0.006117057800292969,0.0007371168266589392,0.1,"(100, 25, 100)",20,"{'NN__alpha': 0.1, 'NN__hidden_layer_sizes': (100, 25, 100), 'filter__n': 20}",0.6994219653179191,0.8786127167630058,0.8236994219653179,0.8034682080924855,0.7936046511627907,0.7997685185185185,0.05818858920871609,23,0.9963820549927641,0.9963820549927641,0.9942112879884226,0.9891461649782923,0.9956647398843931,0.9943572605673273,0.00272345047052325
50,0.2157808780670166,0.013503162379841617,0.005815839767456055,0.0009825817325236745,0.01,"(50, 50)",2,"{'NN__alpha': 0.01, 'NN__hidden_layer_sizes': (50, 50), 'filter__n': 2}",0.630057803468208,0.7196531791907514,0.8034682080924855,0.8554913294797688,0.4680232558139535,0.6956018518518519,0.13687601769114646,176,0.8147612156295224,0.7923299565846599,0.7713458755426917,0.7583212735166426,0.7369942196531792,0.7747505081853392,0.026895881897281575
51,0.27213282585144044,0.03087326508257642,0.006116437911987305,0.0008623930094494503,0.01,"(50, 50)",4,"{'NN__alpha': 0.01, 'NN__hidden_layer_sizes': (50, 50), 'filter__n': 4}",0.7687861271676301,0.8728323699421965,0.7283236994219653,0.838150289017341,0.8023255813953488,0.8020833333333334,0.05073534546909934,5,0.8552821997105644,0.829232995658466,0.85383502170767,0.7973950795947902,0.846820809248555,0.8365132211840092,0.021641609852860347
52,0.3592670440673828,0.03634925849989622,0.0067307472229003905,0.0005186526315174079,0.01,"(50, 50)",6,"{'NN__alpha': 0.01, 'NN__hidden_layer_sizes': (50, 50), 'filter__n': 6}",0.5664739884393064,0.7861271676300579,0.8034682080924855,0.6416184971098265,0.5930232558139535,0.6782407407407407,0.09841791200016094,189,0.8813314037626628,0.8603473227206947,0.8958031837916064,0.8422575976845152,0.8641618497109826,0.8687802715340924,0.018350288177862304
53,0.37299227714538574,0.017833069787299295,0.007018852233886719,0.0023936654954170946,0.01,"(50, 50)",8,"{'NN__alpha': 0.01, 'NN__hidden_layer_sizes': (50, 50), 'filter__n': 8}",0.5924855491329479,0.7543352601156069,0.7976878612716763,0.7196531791907514,0.8023255813953488,0.7332175925925926,0.07664742528098561,81,0.9059334298118669,0.9037626628075254,0.9001447178002895,0.8900144717800289,0.9002890173410405,0.9000288599081502,0.005462129701150914
54,0.3717036247253418,0.04637850716303009,0.006818199157714843,0.0008742550535822572,0.01,"(50, 50)",10,"{'NN__alpha': 0.01, 'NN__hidden_layer_sizes': (50, 50), 'filter__n': 10}",0.6473988439306358,0.7369942196531792,0.7456647398843931,0.6878612716763006,0.7645348837209303,0.7164351851851852,0.04282600834809308,118,0.9413892908827786,0.8979739507959479,0.9363241678726484,0.9109985528219972,0.8959537572254336,0.9165279439197611,0.019016303744376763
55,0.3650115966796875,0.04952044002285133,0.0065920352935791016,0.001388102837099983,0.01,"(50, 50)",12,"{'NN__alpha': 0.01, 'NN__hidden_layer_sizes': (50, 50), 'filter__n': 12}",0.6560693641618497,0.7369942196531792,0.7456647398843931,0.7687861271676301,0.7325581395348837,0.7280092592592593,0.03810383753659367,96,0.967438494934877,0.951519536903039,0.9645441389290883,0.9261939218523878,0.930635838150289,0.9480663861539362,0.016976147287094456
56,0.934616231918335,0.33927384902342655,0.012232780456542969,0.007527684366634199,0.01,"(50, 50)",14,"{'NN__alpha': 0.01, 'NN__hidden_layer_sizes': (50, 50), 'filter__n': 14}",0.6705202312138728,0.7485549132947977,0.7514450867052023,0.7369942196531792,0.752906976744186,0.7320601851851852,0.03129568380570242,84,0.9688856729377714,0.967438494934877,0.9717800289435601,0.9573082489146165,0.971820809248555,0.9674466509958759,0.005343584420383533
57,1.877956247329712,1.503908790395527,0.028376102447509766,0.028560560160208415,0.01,"(50, 50)",16,"{'NN__alpha': 0.01, 'NN__hidden_layer_sizes': (50, 50), 'filter__n': 16}",0.7456647398843931,0.8121387283236994,0.8005780346820809,0.7658959537572254,0.6802325581395349,0.7609953703703703,0.046774029953544086,45,0.9913169319826338,0.9804630969609262,0.9963820549927641,0.9667149059334298,0.9826589595375722,0.9835071898814652,0.010185489874694609
58,0.4577322483062744,0.1687031446456901,0.0056149959564208984,0.0009191385960140456,0.01,"(50, 50)",18,"{'NN__alpha': 0.01, 'NN__hidden_layer_sizes': (50, 50), 'filter__n': 18}",0.7543352601156069,0.7976878612716763,0.8208092485549133,0.7947976878612717,0.6831395348837209,0.7702546296296297,0.04842079020759429,37,0.9855282199710564,0.9876989869753979,0.9869753979739508,0.9768451519536903,0.9602601156069365,0.9794615744962064,0.010360100243934633
59,0.3913534641265869,0.04027123626952308,0.005715465545654297,0.00068007510494517,0.01,"(50, 50)",20,"{'NN__alpha': 0.01, 'NN__hidden_layer_sizes': (50, 50), 'filter__n': 20}",0.7543352601156069,0.7976878612716763,0.8208092485549133,0.7947976878612717,0.6831395348837209,0.7702546296296297,0.04842079020759429,37,0.9855282199710564,0.9876989869753979,0.9869753979739508,0.9768451519536903,0.9602601156069365,0.9794615744962064,0.010360100243934633
60,0.20515198707580568,0.010660757352706175,0.0045124530792236325,0.0007768182609285375,0.01,"(50,)",2,"{'NN__alpha': 0.01, 'NN__hidden_layer_sizes': (50,), 'filter__n': 2}",0.630057803468208,0.7196531791907514,0.8034682080924855,0.8554913294797688,0.7034883720930233,0.7424768518518519,0.07899185110513277,72,0.8147612156295224,0.7923299565846599,0.7713458755426917,0.7583212735166426,0.6994219653179191,0.7672360573182871,0.0389447287904305
61,0.2615038871765137,0.011262220901814377,0.007019758224487305,0.001345241924985684,0.01,"(50,)",4,"{'NN__alpha': 0.01, 'NN__hidden_layer_sizes': (50,), 'filter__n': 4}",0.7687861271676301,0.8728323699421965,0.7283236994219653,0.838150289017341,0.8023255813953488,0.8020833333333334,0.05073534546909934,5,0.8552821997105644,0.829232995658466,0.85383502170767,0.7973950795947902,0.846820809248555,0.8365132211840092,0.021641609852860347
62,0.2274120807647705,0.01971663205803978,0.005915784835815429,0.0012032509133546863,0.01,"(50,)",6,"{'NN__alpha': 0.01, 'NN__hidden_layer_sizes': (50,), 'filter__n': 6}",0.630057803468208,0.8554913294797688,0.7225433526011561,0.6184971098265896,0.7034883720930233,0.7060185185185185,0.0849627089671359,151,0.8683068017366136,0.8574529667149059,0.8437047756874095,0.8176555716353111,0.7752890173410405,0.8324818266230561,0.03323785954481881
63,0.31003484725952146,0.048187627544145094,0.00661773681640625,0.000584549718699373,0.01,"(50,)",8,"{'NN__alpha': 0.01, 'NN__hidden_layer_sizes': (50,), 'filter__n': 8}",0.6069364161849711,0.7109826589595376,0.7052023121387283,0.6011560693641619,0.48255813953488375,0.6215277777777778,0.08351378352201155,198,0.9081041968162084,0.9073806078147613,0.8784370477568741,0.869753979739508,0.8930635838150289,0.891347883188476,0.015321568272722191
64,0.30792889595031736,0.016407234253013787,0.005214262008666992,0.0009300507191495555,0.01,"(50,)",10,"{'NN__alpha': 0.01, 'NN__hidden_layer_sizes': (50,), 'filter__n': 10}",0.6647398843930635,0.7225433526011561,0.7398843930635838,0.8121387283236994,0.7122093023255814,0.7303240740740741,0.047929928311057614,90,0.9160636758321273,0.9044862518089725,0.9276410998552822,0.88205499276411,0.9002890173410405,0.9061070075203066,0.01534814418225882
65,0.33209381103515623,0.011487977951232731,0.005916023254394531,0.00037509480871186047,0.01,"(50,)",12,"{'NN__alpha': 0.01, 'NN__hidden_layer_sizes': (50,), 'filter__n': 12}",0.661849710982659,0.7890173410404624,0.6965317919075145,0.6358381502890174,0.7587209302325582,0.7083333333333334,0.05763488418015971,142,0.9457308248914617,0.9312590448625181,0.9551374819102749,0.9247467438494935,0.9082369942196532,0.9330222179466803,0.016349270055345727
66,0.45412282943725585,0.16013930141711546,0.0065173149108886715,0.0010515289472429637,0.01,"(50,)",14,"{'NN__alpha': 0.01, 'NN__hidden_layer_sizes': (50,), 'filter__n': 14}",0.6705202312138728,0.6936416184971098,0.684971098265896,0.7052023121387283,0.7703488372093024,0.7048611111111112,0.034559103450778075,157,0.9652677279305355,0.9204052098408104,0.9725036179450073,0.9565846599131693,0.9219653179190751,0.9473453067097195,0.021951911554876042
67,0.38202838897705077,0.036455941482220804,0.005415153503417969,0.0009186391225679898,0.01,"(50,)",16,"{'NN__alpha': 0.01, 'NN__hidden_layer_sizes': (50,), 'filter__n': 16}",0.7052023121387283,0.8034682080924855,0.6763005780346821,0.7398843930635838,0.6511627906976745,0.7152777777777778,0.05311695297932266,125,0.9659913169319826,0.9739507959479016,0.9848046309696092,0.9609261939218524,0.9761560693641619,0.9723658014271015,0.008283736976822722
68,0.44048595428466797,0.03397011138950685,0.005715656280517578,0.0008739647828132365,0.01,"(50,)",18,"{'NN__alpha': 0.01, 'NN__hidden_layer_sizes': (50,), 'filter__n': 18}",0.7138728323699421,0.846820809248555,0.7543352601156069,0.7225433526011561,0.7209302325581395,0.7517361111111112,0.04958109872853245,60,0.984081041968162,0.9703328509406657,0.975397973950796,0.9775687409551375,0.986271676300578,0.9787304568230677,0.005804714687404079
69,0.44499807357788085,0.036482212820410934,0.0061165809631347655,0.000862432029411716,0.01,"(50,)",20,"{'NN__alpha': 0.01, 'NN__hidden_layer_sizes': (50,), 'filter__n': 20}",0.7138728323699421,0.846820809248555,0.7543352601156069,0.7225433526011561,0.7209302325581395,0.7517361111111112,0.04958109872853245,60,0.984081041968162,0.9703328509406657,0.975397973950796,0.9775687409551375,0.986271676300578,0.9787304568230677,0.005804714687404079
70,0.16725029945373535,0.008075784456327785,0.006016397476196289,0.001186374439298467,0.01,"(25,)",2,"{'NN__alpha': 0.01, 'NN__hidden_layer_sizes': (25,), 'filter__n': 2}",0.6994219653179191,0.6994219653179191,0.6994219653179191,0.6994219653179191,0.7034883720930233,0.7002314814814815,0.0016237319954344998,168,0.7004341534008683,0.7004341534008683,0.7004341534008683,0.7004341534008683,0.6994219653179191,0.7002317157842785,0.00040487523317969123
71,0.21267237663269042,0.03475127288778886,0.0049135684967041016,0.0006652683633168532,0.01,"(25,)",4,"{'NN__alpha': 0.01, 'NN__hidden_layer_sizes': (25,), 'filter__n': 4}",0.7687861271676301,0.8728323699421965,0.7630057803468208,0.6994219653179191,0.6715116279069767,0.7552083333333334,0.06954896945104479,52,0.8552821997105644,0.829232995658466,0.804630969609262,0.7004341534008683,0.8041907514450867,0.7987542139648495,0.0526408506997711
72,0.22209787368774414,0.02206383072453336,0.0051135063171386715,0.000862575968802904,0.01,"(25,)",6,"{'NN__alpha': 0.01, 'NN__hidden_layer_sizes': (25,), 'filter__n': 6}",0.5664739884393064,0.6271676300578035,0.7225433526011561,0.5028901734104047,0.7616279069767442,0.6359953703703703,0.09577475676956301,193,0.8769898697539797,0.7539797395079595,0.8437047756874095,0.8133140376266281,0.8569364161849711,0.8289849677521897,0.04283407322753923
73,0.27333903312683105,0.02335842877157554,0.005715465545654297,0.0008738716679629675,0.01,"(25,)",8,"{'NN__alpha': 0.01, 'NN__hidden_layer_sizes': (25,), 'filter__n': 8}",0.6820809248554913,0.7803468208092486,0.7572254335260116,0.8352601156069365,0.5523255813953488,0.7216435185185185,0.09771808986806486,112,0.8871201157742402,0.8929088277858177,0.8900144717800289,0.8835021707670043,0.8569364161849711,0.8820964004584123,0.012960271235891966
74,0.308530855178833,0.05735480453788419,0.005615043640136719,0.0009723232011107156,0.01,"(25,)",10,"{'NN__alpha': 0.01, 'NN__hidden_layer_sizes': (25,), 'filter__n': 10}",0.6994219653179191,0.7427745664739884,0.7514450867052023,0.630057803468208,0.5843023255813954,0.6817129629629629,0.0648556086843268,185,0.8784370477568741,0.894356005788712,0.9204052098408104,0.8900144717800289,0.8186416184971098,0.8803708707327071,0.033780383669772214
75,0.3415233135223389,0.03641972860949344,0.0053141117095947266,0.0006801736166362744,0.01,"(25,)",12,"{'NN__alpha': 0.01, 'NN__hidden_layer_sizes': (25,), 'filter__n': 12}",0.6416184971098265,0.7312138728323699,0.7312138728323699,0.6647398843930635,0.7354651162790697,0.7008101851851852,0.039639868846243716,164,0.934876989869754,0.9399421128798843,0.9616497829232996,0.9175108538350217,0.8952312138728323,0.9298421906761585,0.022311710555542322
76,0.326278018951416,0.06352564688275733,0.0065176963806152345,3.5040231839893024e-07,0.01,"(25,)",14,"{'NN__alpha': 0.01, 'NN__hidden_layer_sizes': (25,), 'filter__n': 14}",0.6791907514450867,0.7485549132947977,0.7167630057803468,0.6965317919075145,0.7034883720930233,0.7089120370370371,0.023247325268366575,141,0.8892908827785818,0.9486251808972503,0.9493487698986975,0.9457308248914617,0.8388728323699421,0.9143736981671868,0.044066353314488785
77,0.38493857383728025,0.03853490315268162,0.005815839767456055,0.000511239877871424,0.01,"(25,)",16,"{'NN__alpha': 0.01, 'NN__hidden_layer_sizes': (25,), 'filter__n': 16}",0.6878612716763006,0.8121387283236994,0.7543352601156069,0.7687861271676301,0.6104651162790697,0.7268518518518519,0.07043321028280058,99,0.9464544138929089,0.9602026049204052,0.9261939218523878,0.9652677279305355,0.9696531791907514,0.9535543695573978,0.015745329075549694
78,0.33379855155944826,0.04705503536546775,0.005414295196533203,0.0009724560047509219,0.01,"(25,)",18,"{'NN__alpha': 0.01, 'NN__hidden_layer_sizes': (25,), 'filter__n': 18}",0.684971098265896,0.7283236994219653,0.7427745664739884,0.8410404624277457,0.5843023255813954,0.7164351851851852,0.08336655197719554,118,0.975397973950796,0.9001447178002895,0.9616497829232996,0.9623733719247467,0.9617052023121387,0.9522542097822541,0.02657453093253856
79,0.3353024959564209,0.042930969039984355,0.005214071273803711,0.0010798282465266445,0.01,"(25,)",20,"{'NN__alpha': 0.01, 'NN__hidden_layer_sizes': (25,), 'filter__n': 20}",0.684971098265896,0.7283236994219653,0.7427745664739884,0.8410404624277457,0.5843023255813954,0.7164351851851852,0.08336655197719554,118,0.975397973950796,0.9001447178002895,0.9616497829232996,0.9623733719247467,0.9617052023121387,0.9522542097822541,0.02657453093253856
80,0.22550644874572753,0.034830591809857966,0.0056152820587158205,0.000918743170477364,0.01,"(25, 25)",2,"{'NN__alpha': 0.01, 'NN__hidden_layer_sizes': (25, 25), 'filter__n': 2}",0.630057803468208,0.7196531791907514,0.8034682080924855,0.8554913294797688,0.7034883720930233,0.7424768518518519,0.07899185110513277,72,0.8147612156295224,0.7923299565846599,0.7713458755426917,0.7583212735166426,0.6994219653179191,0.7672360573182871,0.0389447287904305
81,0.24656434059143068,0.009933912616548225,0.005814838409423828,0.0007500937596331748,0.01,"(25, 25)",4,"{'NN__alpha': 0.01, 'NN__hidden_layer_sizes': (25, 25), 'filter__n': 4}",0.7687861271676301,0.8583815028901735,0.8034682080924855,0.838150289017341,0.5261627906976745,0.7592592592592593,0.1201645255671141,48,0.8321273516642547,0.8096960926193922,0.8234442836468886,0.7973950795947902,0.8374277456647399,0.820018110638013,0.014695668484567503
82,0.2994095802307129,0.04050764123231955,0.006116390228271484,0.0008624262635325104,0.01,"(25, 25)",6,"{'NN__alpha': 0.01, 'NN__hidden_layer_sizes': (25, 25), 'filter__n': 6}",0.5664739884393064,0.8554913294797688,0.653179190751445,0.6705202312138728,0.7616279069767442,0.7013888888888888,0.0988847074240818,161,0.8769898697539797,0.8589001447178003,0.8813314037626628,0.8523878437047757,0.8569364161849711,0.8653091356248378,0.011586975500317053
83,0.32918610572814944,0.01651698513324714,0.005314493179321289,0.0008153914373520457,0.01,"(25, 25)",8,"{'NN__alpha': 0.01, 'NN__hidden_layer_sizes': (25, 25), 'filter__n': 8}",0.6560693641618497,0.7254335260115607,0.7687861271676301,0.6127167630057804,0.8023255813953488,0.7129629629629629,0.07003683873655214,130,0.8965267727930536,0.9037626628075254,0.9001447178002895,0.8892908827785818,0.9002890173410405,0.8980028107040982,0.0049207068423774486
84,0.34372777938842775,0.03439187021648723,0.005715465545654297,0.0009297318844322222,0.01,"(25, 25)",10,"{'NN__alpha': 0.01, 'NN__hidden_layer_sizes': (25, 25), 'filter__n': 10}",0.6878612716763006,0.7456647398843931,0.7485549132947977,0.7427745664739884,0.6133720930232558,0.7077546296296297,0.05214646877343177,147,0.9059334298118669,0.9059334298118669,0.9356005788712012,0.9088277858176556,0.9089595375722543,0.9130509523769689,0.011352345315843733
85,0.34542999267578123,0.013777731196017301,0.005715322494506836,0.0010324757504555466,0.01,"(25, 25)",12,"{'NN__alpha': 0.01, 'NN__hidden_layer_sizes': (25, 25), 'filter__n': 12}",0.7225433526011561,0.7716763005780347,0.6560693641618497,0.7687861271676301,0.6947674418604651,0.7228009259259259,0.04415702213305828,107,0.9392185238784371,0.9435600578871202,0.9457308248914617,0.9232995658465991,0.9263005780346821,0.9356219101076599,0.009130907716034385
86,0.37039694786071775,0.02744246838593804,0.005815744400024414,0.0006800682075559297,0.01,"(25, 25)",14,"{'NN__alpha': 0.01, 'NN__hidden_layer_sizes': (25, 25), 'filter__n': 14}",0.7109826589595376,0.7890173410404624,0.7023121387283237,0.6502890173410405,0.6075581395348837,0.6921296296296297,0.06120397432933082,184,0.9587554269175108,0.951519536903039,0.9602026049204052,0.9667149059334298,0.9689306358381503,0.9612246221025069,0.006178284340317585
87,0.40699567794799807,0.05242471219313101,0.005214309692382813,0.0006798292398657509,0.01,"(25, 25)",16,"{'NN__alpha': 0.01, 'NN__hidden_layer_sizes': (25, 25), 'filter__n': 16}",0.7283236994219653,0.7803468208092486,0.7023121387283237,0.8323699421965318,0.6802325581395349,0.7447916666666666,0.05508385096552123,70,0.9848046309696092,0.9616497829232996,0.959479015918958,0.9717800289435601,0.990606936416185,0.9736640790343225,0.012331109317978414
88,0.39285802841186523,0.017555879488940215,0.0056151866912841795,0.00102236255753526,0.01,"(25, 25)",18,"{'NN__alpha': 0.01, 'NN__hidden_layer_sizes': (25, 25), 'filter__n': 18}",0.7427745664739884,0.8092485549132948,0.8236994219653179,0.7745664739884393,0.7412790697674418,0.7783564814814815,0.03365731827253336,31,0.9710564399421129,0.9580318379160637,0.983357452966715,0.9848046309696092,0.9848265895953757,0.9764153902779753,0.010545076707724605
89,0.3966679573059082,0.03381088277436356,0.007119369506835937,0.0023597045205754844,0.01,"(25, 25)",20,"{'NN__alpha': 0.01, 'NN__hidden_layer_sizes': (25, 25), 'filter__n': 20}",0.7427745664739884,0.8092485549132948,0.8236994219653179,0.7745664739884393,0.7412790697674418,0.7783564814814815,0.03365731827253336,31,0.9710564399421129,0.9580318379160637,0.983357452966715,0.9848046309696092,0.9848265895953757,0.9764153902779753,0.010545076707724605
90,0.30472073554992674,0.006570530967245015,0.006016159057617187,0.0007089777820932247,0.01,"(100, 25, 100)",2,"{'NN__alpha': 0.01, 'NN__hidden_layer_sizes': (100, 25, 100), 'filter__n': 2}",0.630057803468208,0.7196531791907514,0.8034682080924855,0.8554913294797688,0.4680232558139535,0.6956018518518519,0.13687601769114646,176,0.8147612156295224,0.7923299565846599,0.7713458755426917,0.7583212735166426,0.7369942196531792,0.7747505081853392,0.026895881897281575
91,0.38814511299133303,0.03826500208916366,0.006818437576293945,0.0016955112442036534,0.01,"(100, 25, 100)",4,"{'NN__alpha': 0.01, 'NN__hidden_layer_sizes': (100, 25, 100), 'filter__n': 4}",0.7687861271676301,0.8728323699421965,0.7283236994219653,0.838150289017341,0.8023255813953488,0.8020833333333334,0.05073534546909934,5,0.8552821997105644,0.829232995658466,0.85383502170767,0.7973950795947902,0.846820809248555,0.8365132211840092,0.021641609852860347
92,0.43587374687194824,0.031300451359049186,0.006718158721923828,0.00040096045515061263,0.01,"(100, 25, 100)",6,"{'NN__alpha': 0.01, 'NN__hidden_layer_sizes': (100, 25, 100), 'filter__n': 6}",0.5664739884393064,0.7341040462427746,0.8034682080924855,0.7485549132947977,0.7616279069767442,0.7228009259259259,0.08157651280669057,107,0.8813314037626628,0.8589001447178003,0.8958031837916064,0.8560057887120116,0.8569364161849711,0.8697953874338105,0.016023093536864968
93,0.4549252033233643,0.04590661879451302,0.0069182395935058595,0.001284434289181895,0.01,"(100, 25, 100)",8,"{'NN__alpha': 0.01, 'NN__hidden_layer_sizes': (100, 25, 100), 'filter__n': 8}",0.6184971098265896,0.7225433526011561,0.7976878612716763,0.7167630057803468,0.8023255813953488,0.7314814814814815,0.06702405364854873,85,0.9059334298118669,0.91027496382055,0.9001447178002895,0.8892908827785818,0.9002890173410405,0.9011866023104658,0.007050248386506199
94,0.4941298007965088,0.056302837378268106,0.006718254089355469,0.0006800048740157164,0.01,"(100, 25, 100)",10,"{'NN__alpha': 0.01, 'NN__hidden_layer_sizes': (100, 25, 100), 'filter__n': 10}",0.6271676300578035,0.6271676300578035,0.7485549132947977,0.815028901734104,0.7151162790697675,0.7065972222222222,0.07244099049401195,150,0.9457308248914617,0.9160636758321273,0.9341534008683068,0.9066570188133141,0.9067919075144508,0.921879365583932,0.015573808350903518
95,0.495333194732666,0.07677096759702741,0.0066181659698486325,0.0008619385763481487,0.01,"(100, 25, 100)",12,"{'NN__alpha': 0.01, 'NN__hidden_layer_sizes': (100, 25, 100), 'filter__n': 12}",0.6589595375722543,0.7369942196531792,0.7543352601156069,0.7774566473988439,0.8313953488372093,0.7517361111111112,0.05625001570270171,60,0.8784370477568741,0.951519536903039,0.9681620839363242,0.9363241678726484,0.9263005780346821,0.9321486829007135,0.030360401163459647
96,0.5609099864959717,0.04535537606230066,0.007821321487426758,0.0008145636544031009,0.01,"(100, 25, 100)",14,"{'NN__alpha': 0.01, 'NN__hidden_layer_sizes': (100, 25, 100), 'filter__n': 14}",0.6994219653179191,0.7716763005780347,0.7514450867052023,0.8554913294797688,0.8401162790697675,0.7835648148148148,0.057663261191891996,25,0.9775687409551375,0.9630969609261939,0.9688856729377714,0.9696092619392185,0.9710982658959537,0.9700517805308551,0.004637347754817707
97,0.7346777439117431,0.17037088194984917,0.007820987701416015,0.00024598275103807814,0.01,"(100, 25, 100)",16,"{'NN__alpha': 0.01, 'NN__hidden_layer_sizes': (100, 25, 100), 'filter__n': 16}",0.6589595375722543,0.8815028901734104,0.8728323699421965,0.861271676300578,0.8052325581395349,0.8159722222222222,0.08292984471214263,1,0.9992764109985528,0.9992764109985528,1.0,0.9384949348769899,0.9927745664739884,0.9859644646696168,0.02387947163342766
98,0.701488733291626,0.11907033441131931,0.007520103454589843,0.0005492499389105867,0.01,"(100, 25, 100)",18,"{'NN__alpha': 0.01, 'NN__hidden_layer_sizes': (100, 25, 100), 'filter__n': 18}",0.7023121387283237,0.8757225433526011,0.8323699421965318,0.8034682080924855,0.7965116279069767,0.8020833333333334,0.05717688803404116,5,0.9963820549927641,0.9963820549927641,0.9942112879884226,0.9898697539797395,0.994942196531792,0.9943574696970965,0.0023958613549971354
99,0.8169999122619629,0.16317290586264116,0.00872344970703125,0.000873849900100128,0.01,"(100, 25, 100)",20,"{'NN__alpha': 0.01, 'NN__hidden_layer_sizes': (100, 25, 100), 'filter__n': 20}",0.7023121387283237,0.8757225433526011,0.8323699421965318,0.8034682080924855,0.7965116279069767,0.8020833333333334,0.05717688803404116,5,0.9963820549927641,0.9963820549927641,0.9942112879884226,0.9898697539797395,0.994942196531792,0.9943574696970965,0.0023958613549971354
100,0.3368066787719727,0.019482619085641792,0.008422756195068359,0.000971998618101951,0.001,"(50, 50)",2,"{'NN__alpha': 0.001, 'NN__hidden_layer_sizes': (50, 50), 'filter__n': 2}",0.630057803468208,0.7196531791907514,0.8034682080924855,0.8554913294797688,0.4680232558139535,0.6956018518518519,0.13687601769114646,176,0.8147612156295224,0.7923299565846599,0.7713458755426917,0.7583212735166426,0.7369942196531792,0.7747505081853392,0.026895881897281575
101,0.44028539657592775,0.0369015501110602,0.00842280387878418,0.0007370064501356805,0.001,"(50, 50)",4,"{'NN__alpha': 0.001, 'NN__hidden_layer_sizes': (50, 50), 'filter__n': 4}",0.7687861271676301,0.8728323699421965,0.7283236994219653,0.838150289017341,0.8023255813953488,0.8020833333333334,0.05073534546909934,5,0.8552821997105644,0.829232995658466,0.85383502170767,0.7973950795947902,0.846820809248555,0.8365132211840092,0.021641609852860347
102,0.48169698715209963,0.06909962636065861,0.007921409606933594,0.0008024217256718605,0.001,"(50, 50)",6,"{'NN__alpha': 0.001, 'NN__hidden_layer_sizes': (50, 50), 'filter__n': 6}",0.5664739884393064,0.7861271676300579,0.8034682080924855,0.6416184971098265,0.5930232558139535,0.6782407407407407,0.09841791200016094,189,0.8813314037626628,0.8603473227206947,0.8958031837916064,0.8422575976845152,0.8641618497109826,0.8687802715340924,0.018350288177862304
103,0.4345700740814209,0.013665580801589975,0.007821607589721679,0.0006799415546403724,0.001,"(50, 50)",8,"{'NN__alpha': 0.001, 'NN__hidden_layer_sizes': (50, 50), 'filter__n': 8}",0.5924855491329479,0.7543352601156069,0.7976878612716763,0.7196531791907514,0.8023255813953488,0.7332175925925926,0.07664742528098561,81,0.9059334298118669,0.9008683068017366,0.9001447178002895,0.8900144717800289,0.9002890173410405,0.8994499887069924,0.005181934619793948
104,0.4474046230316162,0.04256340442894025,0.007720518112182617,0.00024563276573083597,0.001,"(50, 50)",10,"{'NN__alpha': 0.001, 'NN__hidden_layer_sizes': (50, 50), 'filter__n': 10}",0.6473988439306358,0.7369942196531792,0.7456647398843931,0.6416184971098265,0.7645348837209303,0.7071759259259259,0.05201589655134333,148,0.9413892908827786,0.8979739507959479,0.9363241678726484,0.9066570188133141,0.8959537572254336,0.9156596371180244,0.019345233281236666
105,0.4743770122528076,0.048487519724039384,0.008823680877685546,0.00262615252283648,0.001,"(50, 50)",12,"{'NN__alpha': 0.001, 'NN__hidden_layer_sizes': (50, 50), 'filter__n': 12}",0.6560693641618497,0.7369942196531792,0.7456647398843931,0.7687861271676301,0.7325581395348837,0.7280092592592593,0.03810383753659367,96,0.967438494934877,0.951519536903039,0.9645441389290883,0.9261939218523878,0.930635838150289,0.9480663861539362,0.016976147287094456
106,0.543964433670044,0.05249858450336809,0.008422756195068359,0.0002009395745105579,0.001,"(50, 50)",14,"{'NN__alpha': 0.001, 'NN__hidden_layer_sizes': (50, 50), 'filter__n': 14}",0.6705202312138728,0.7485549132947977,0.7456647398843931,0.7369942196531792,0.752906976744186,0.7309027777777778,0.030657755820759452,88,0.9688856729377714,0.9696092619392185,0.9717800289435601,0.9558610709117221,0.971820809248555,0.9675913687961654,0.005979632844518386
107,0.5656228542327881,0.10846580699215495,0.007520246505737305,0.0003169592365757234,0.001,"(50, 50)",16,"{'NN__alpha': 0.001, 'NN__hidden_layer_sizes': (50, 50), 'filter__n': 16}",0.7456647398843931,0.8121387283236994,0.8005780346820809,0.7658959537572254,0.6802325581395349,0.7609953703703703,0.046774029953544086,45,0.9913169319826338,0.9811866859623734,0.9963820549927641,0.9659913169319826,0.9819364161849711,0.983362681210945,0.010404880423802717
108,0.5180944919586181,0.06815994933999008,0.008121871948242187,0.0007363122570093426,0.001,"(50, 50)",18,"{'NN__alpha': 0.001, 'NN__hidden_layer_sizes': (50, 50), 'filter__n': 18}",0.7543352601156069,0.7976878612716763,0.8208092485549133,0.7947976878612717,0.6831395348837209,0.7702546296296297,0.04842079020759429,37,0.9862518089725036,0.9876989869753979,0.9869753979739508,0.9775687409551375,0.9602601156069365,0.9797510100967853,0.010414218831062137
109,0.5074565887451172,0.05579455275345061,0.0077211856842041016,0.00040066422042397737,0.001,"(50, 50)",20,"{'NN__alpha': 0.001, 'NN__hidden_layer_sizes': (50, 50), 'filter__n': 20}",0.7543352601156069,0.7976878612716763,0.8208092485549133,0.7947976878612717,0.6831395348837209,0.7702546296296297,0.04842079020759429,37,0.9862518089725036,0.9876989869753979,0.9869753979739508,0.9775687409551375,0.9602601156069365,0.9797510100967853,0.010414218831062137
110,0.2543799877166748,0.020687179180712414,0.007219123840332031,0.00024524344644937955,0.001,"(50,)",2,"{'NN__alpha': 0.001, 'NN__hidden_layer_sizes': (50,), 'filter__n': 2}",0.630057803468208,0.7196531791907514,0.8034682080924855,0.8554913294797688,0.7034883720930233,0.7424768518518519,0.07899185110513277,72,0.8147612156295224,0.7923299565846599,0.7713458755426917,0.7583212735166426,0.6994219653179191,0.7672360573182871,0.0389447287904305
111,0.3079230308532715,0.021694367207935668,0.007119178771972656,0.00037543881981755696,0.001,"(50,)",4,"{'NN__alpha': 0.001, 'NN__hidden_layer_sizes': (50,), 'filter__n': 4}",0.7687861271676301,0.8728323699421965,0.7283236994219653,0.838150289017341,0.8023255813953488,0.8020833333333334,0.05073534546909934,5,0.8552821997105644,0.829232995658466,0.85383502170767,0.7973950795947902,0.846820809248555,0.8365132211840092,0.021641609852860347
112,0.30050363540649416,0.04157296930022313,0.008322000503540039,0.0007504628714460588,0.001,"(50,)",6,"{'NN__alpha': 0.001, 'NN__hidden_layer_sizes': (50,), 'filter__n': 6}",0.630057803468208,0.8554913294797688,0.7225433526011561,0.6184971098265896,0.7034883720930233,0.7060185185185185,0.0849627089671359,151,0.8683068017366136,0.8574529667149059,0.8437047756874095,0.8176555716353111,0.7752890173410405,0.8324818266230561,0.03323785954481881
113,0.40688791275024416,0.06296700814678656,0.00731954574584961,0.0006802017563929597,0.001,"(50,)",8,"{'NN__alpha': 0.001, 'NN__hidden_layer_sizes': (50,), 'filter__n': 8}",0.6069364161849711,0.7109826589595376,0.7052023121387283,0.6011560693641619,0.48255813953488375,0.6215277777777778,0.08351378352201155,198,0.9081041968162084,0.9073806078147613,0.8784370477568741,0.869753979739508,0.8930635838150289,0.891347883188476,0.015321568272722191
114,0.4762733936309814,0.031058613767812153,0.009023618698120118,0.0020796335634810613,0.001,"(50,)",10,"{'NN__alpha': 0.001, 'NN__hidden_layer_sizes': (50,), 'filter__n': 10}",0.6647398843930635,0.7225433526011561,0.7398843930635838,0.8121387283236994,0.7122093023255814,0.7303240740740741,0.047929928311057614,90,0.9160636758321273,0.9044862518089725,0.9276410998552822,0.88205499276411,0.9002890173410405,0.9061070075203066,0.01534814418225882
115,0.47507028579711913,0.05770918473138594,0.008121204376220704,0.0009722840077683992,0.001,"(50,)",12,"{'NN__alpha': 0.001, 'NN__hidden_layer_sizes': (50,), 'filter__n': 12}",0.661849710982659,0.7890173410404624,0.6965317919075145,0.6358381502890174,0.7587209302325582,0.7083333333333334,0.05763488418015971,142,0.9457308248914617,0.9312590448625181,0.9551374819102749,0.9247467438494935,0.9082369942196532,0.9330222179466803,0.016349270055345727
116,0.4802855968475342,0.1236357080388288,0.00691680908203125,0.00037469718255128703,0.001,"(50,)",14,"{'NN__alpha': 0.001, 'NN__hidden_layer_sizes': (50,), 'filter__n': 14}",0.6705202312138728,0.6936416184971098,0.684971098265896,0.7052023121387283,0.7703488372093024,0.7048611111111112,0.034559103450778075,157,0.9652677279305355,0.9204052098408104,0.9725036179450073,0.9565846599131693,0.9219653179190751,0.9473453067097195,0.021951911554876042
117,0.4953242301940918,0.05605620903697615,0.007622671127319336,0.0010257308317001845,0.001,"(50,)",16,"{'NN__alpha': 0.001, 'NN__hidden_layer_sizes': (50,), 'filter__n': 16}",0.7052023121387283,0.8034682080924855,0.6763005780346821,0.7398843930635838,0.6511627906976745,0.7152777777777778,0.05311695297932266,125,0.9659913169319826,0.9739507959479016,0.9848046309696092,0.9609261939218524,0.9761560693641619,0.9723658014271015,0.008283736976822722
118,0.6312877178192139,0.03884276306305684,0.007921457290649414,0.0013227074881451593,0.001,"(50,)",18,"{'NN__alpha': 0.001, 'NN__hidden_layer_sizes': (50,), 'filter__n': 18}",0.7138728323699421,0.846820809248555,0.7543352601156069,0.7196531791907514,0.7238372093023255,0.7517361111111112,0.049596100111874174,60,0.984081041968162,0.9703328509406657,0.975397973950796,0.9775687409551375,0.986271676300578,0.9787304568230677,0.005804714687404079
119,0.5503714084625244,0.04895653384191855,0.007520055770874024,0.0008385941877962654,0.001,"(50,)",20,"{'NN__alpha': 0.001, 'NN__hidden_layer_sizes': (50,), 'filter__n': 20}",0.7138728323699421,0.846820809248555,0.7543352601156069,0.7196531791907514,0.7238372093023255,0.7517361111111112,0.049596100111874174,60,0.984081041968162,0.9703328509406657,0.975397973950796,0.9775687409551375,0.986271676300578,0.9787304568230677,0.005804714687404079
120,0.20805625915527343,0.0024147376363893077,0.006918478012084961,0.0003753239583158147,0.001,"(25,)",2,"{'NN__alpha': 0.001, 'NN__hidden_layer_sizes': (25,), 'filter__n': 2}",0.6994219653179191,0.6994219653179191,0.6994219653179191,0.6994219653179191,0.7034883720930233,0.7002314814814815,0.0016237319954344998,168,0.7004341534008683,0.7004341534008683,0.7004341534008683,0.7004341534008683,0.6994219653179191,0.7002317157842785,0.00040487523317969123
121,0.2760378360748291,0.03915914125816327,0.007018899917602539,0.0005493371350297989,0.001,"(25,)",4,"{'NN__alpha': 0.001, 'NN__hidden_layer_sizes': (25,), 'filter__n': 4}",0.7687861271676301,0.8728323699421965,0.7630057803468208,0.6994219653179191,0.6715116279069767,0.7552083333333334,0.06954896945104479,52,0.8552821997105644,0.829232995658466,0.804630969609262,0.7004341534008683,0.8041907514450867,0.7987542139648495,0.0526408506997711
122,0.29147930145263673,0.03712582407859564,0.007118797302246094,0.0004909818257590556,0.001,"(25,)",6,"{'NN__alpha': 0.001, 'NN__hidden_layer_sizes': (25,), 'filter__n': 6}",0.5664739884393064,0.6271676300578035,0.7225433526011561,0.5028901734104047,0.7616279069767442,0.6359953703703703,0.09577475676956301,193,0.8769898697539797,0.7539797395079595,0.8437047756874095,0.8133140376266281,0.8569364161849711,0.8289849677521897,0.04283407322753923
123,0.3614663600921631,0.03117346140605458,0.00731964111328125,0.0004011154458231424,0.001,"(25,)",8,"{'NN__alpha': 0.001, 'NN__hidden_layer_sizes': (25,), 'filter__n': 8}",0.6820809248554913,0.7803468208092486,0.7572254335260116,0.8352601156069365,0.5523255813953488,0.7216435185185185,0.09771808986806486,112,0.8871201157742402,0.8929088277858177,0.8900144717800289,0.8835021707670043,0.8569364161849711,0.8820964004584123,0.012960271235891966
124,0.39595866203308105,0.07000444412036307,0.0072196006774902345,0.00024553471822966476,0.001,"(25,)",10,"{'NN__alpha': 0.001, 'NN__hidden_layer_sizes': (25,), 'filter__n': 10}",0.6994219653179191,0.7427745664739884,0.7514450867052023,0.630057803468208,0.5843023255813954,0.6817129629629629,0.0648556086843268,185,0.8784370477568741,0.8958031837916064,0.9204052098408104,0.8900144717800289,0.8186416184971098,0.880660306333286,0.03390494071183087
125,0.4386723041534424,0.043706982951392984,0.007219076156616211,0.0002451843623177694,0.001,"(25,)",12,"{'NN__alpha': 0.001, 'NN__hidden_layer_sizes': (25,), 'filter__n': 12}",0.6416184971098265,0.7312138728323699,0.7312138728323699,0.6647398843930635,0.7354651162790697,0.7008101851851852,0.039639868846243716,164,0.934876989869754,0.9399421128798843,0.9616497829232996,0.9175108538350217,0.8952312138728323,0.9298421906761585,0.022311710555542322
126,0.4182720184326172,0.07893711788359366,0.00731968879699707,0.00040078209951306486,0.001,"(25,)",14,"{'NN__alpha': 0.001, 'NN__hidden_layer_sizes': (25,), 'filter__n': 14}",0.6791907514450867,0.7456647398843931,0.7167630057803468,0.6965317919075145,0.7034883720930233,0.7083333333333334,0.022268651274422388,142,0.8892908827785818,0.9493487698986975,0.9493487698986975,0.9457308248914617,0.8388728323699421,0.9145184159674763,0.04417964311624679
127,0.48850603103637696,0.04394050124756723,0.007519769668579102,0.0006338423531662505,0.001,"(25,)",16,"{'NN__alpha': 0.001, 'NN__hidden_layer_sizes': (25,), 'filter__n': 16}",0.6878612716763006,0.8121387283236994,0.7543352601156069,0.7687861271676301,0.6104651162790697,0.7268518518518519,0.07043321028280058,99,0.9464544138929089,0.9602026049204052,0.9254703328509407,0.9652677279305355,0.9696531791907514,0.9534096517571082,0.015997445054690404
128,0.43787059783935545,0.06428822412778241,0.007119083404541015,0.0008022606934130194,0.001,"(25,)",18,"{'NN__alpha': 0.001, 'NN__hidden_layer_sizes': (25,), 'filter__n': 18}",0.684971098265896,0.7283236994219653,0.7427745664739884,0.8410404624277457,0.5843023255813954,0.7164351851851852,0.08336655197719554,118,0.9746743849493488,0.9001447178002895,0.9616497829232996,0.9630969609261939,0.9617052023121387,0.9522542097822541,0.0265074582559691
129,0.43616619110107424,0.05967252413308949,0.008221864700317383,0.002164142024313009,0.001,"(25,)",20,"{'NN__alpha': 0.001, 'NN__hidden_layer_sizes': (25,), 'filter__n': 20}",0.684971098265896,0.7283236994219653,0.7427745664739884,0.8410404624277457,0.5843023255813954,0.7164351851851852,0.08336655197719554,118,0.9746743849493488,0.9001447178002895,0.9616497829232996,0.9630969609261939,0.9617052023121387,0.9522542097822541,0.0265074582559691
130,0.2852626800537109,0.023827450250199216,0.0070188045501708984,0.0003169588276806238,0.001,"(25, 25)",2,"{'NN__alpha': 0.001, 'NN__hidden_layer_sizes': (25, 25), 'filter__n': 2}",0.630057803468208,0.7196531791907514,0.8034682080924855,0.8554913294797688,0.7034883720930233,0.7424768518518519,0.07899185110513277,72,0.8147612156295224,0.7923299565846599,0.7713458755426917,0.7583212735166426,0.6994219653179191,0.7672360573182871,0.0389447287904305
131,0.3150421142578125,0.01452913821877659,0.007321453094482422,0.0005101742593875565,0.001,"(25, 25)",4,"{'NN__alpha': 0.001, 'NN__hidden_layer_sizes': (25, 25), 'filter__n': 4}",0.7687861271676301,0.8583815028901735,0.8034682080924855,0.838150289017341,0.5261627906976745,0.7592592592592593,0.1201645255671141,48,0.8321273516642547,0.8096960926193922,0.8234442836468886,0.7973950795947902,0.8374277456647399,0.820018110638013,0.014695668484567503
132,0.37279648780822755,0.05219379650122727,0.006918764114379883,0.00020031954554864106,0.001,"(25, 25)",6,"{'NN__alpha': 0.001, 'NN__hidden_layer_sizes': (25, 25), 'filter__n': 6}",0.5664739884393064,0.8554913294797688,0.653179190751445,0.6705202312138728,0.7616279069767442,0.7013888888888888,0.0988847074240818,161,0.8769898697539797,0.8589001447178003,0.8813314037626628,0.8523878437047757,0.8569364161849711,0.8653091356248378,0.011586975500317053
133,0.43596539497375486,0.019720837000405427,0.007219362258911133,0.0005113244800144241,0.001,"(25, 25)",8,"{'NN__alpha': 0.001, 'NN__hidden_layer_sizes': (25, 25), 'filter__n': 8}",0.6560693641618497,0.7254335260115607,0.7687861271676301,0.6127167630057804,0.8023255813953488,0.7129629629629629,0.07003683873655214,130,0.8965267727930536,0.9037626628075254,0.9001447178002895,0.8892908827785818,0.9002890173410405,0.8980028107040982,0.0049207068423774486
134,0.4697556972503662,0.0366191978169945,0.007219362258911133,0.0004012348924035615,0.001,"(25, 25)",10,"{'NN__alpha': 0.001, 'NN__hidden_layer_sizes': (25, 25), 'filter__n': 10}",0.6445086705202312,0.7456647398843931,0.7485549132947977,0.7427745664739884,0.6133720930232558,0.6990740740740741,0.05801377096344767,174,0.9377713458755427,0.9059334298118669,0.9356005788712012,0.9088277858176556,0.9089595375722543,0.9194185355897041,0.01415688432003914
135,0.44107890129089355,0.012759652206853277,0.0073201656341552734,0.00040102019179587744,0.001,"(25, 25)",12,"{'NN__alpha': 0.001, 'NN__hidden_layer_sizes': (25, 25), 'filter__n': 12}",0.7225433526011561,0.7716763005780347,0.6589595375722543,0.7687861271676301,0.6947674418604651,0.7233796296296297,0.04328908240937959,105,0.9392185238784371,0.9435600578871202,0.9442836468885673,0.9232995658465991,0.9263005780346821,0.9353324745070811,0.00882365048848635
136,0.5186864376068115,0.03203640080803919,0.007319498062133789,0.0005112679141105849,0.001,"(25, 25)",14,"{'NN__alpha': 0.001, 'NN__hidden_layer_sizes': (25, 25), 'filter__n': 14}",0.7109826589595376,0.8179190751445087,0.7456647398843931,0.6502890173410405,0.6046511627906976,0.7060185185185185,0.0741237915620464,151,0.9587554269175108,0.9558610709117221,0.9652677279305355,0.9667149059334298,0.9703757225433526,0.9633949708473102,0.0053206221145014505
137,0.5366345405578613,0.06346186924879539,0.007119035720825196,0.00020022406467906027,0.001,"(25, 25)",16,"{'NN__alpha': 0.001, 'NN__hidden_layer_sizes': (25, 25), 'filter__n': 16}",0.7283236994219653,0.7890173410404624,0.7023121387283237,0.8323699421965318,0.6802325581395349,0.7465277777777778,0.056300310285491005,69,0.9848046309696092,0.9652677279305355,0.959479015918958,0.9717800289435601,0.990606936416185,0.9743876680357696,0.011694603718461946
138,0.5179845809936523,0.03517163662799309,0.007319736480712891,0.0002459048069052492,0.001,"(25, 25)",18,"{'NN__alpha': 0.001, 'NN__hidden_layer_sizes': (25, 25), 'filter__n': 18}",0.7427745664739884,0.8092485549132948,0.8208092485549133,0.7745664739884393,0.7412790697674418,0.7777777777777778,0.03288878949109029,33,0.9703328509406657,0.9580318379160637,0.983357452966715,0.9848046309696092,0.9841040462427746,0.9761261638071655,0.010509243995431643
139,0.5130714416503906,0.04232635604120751,0.0070188045501708984,0.0005490323207977872,0.001,"(25, 25)",20,"{'NN__alpha': 0.001, 'NN__hidden_layer_sizes': (25, 25), 'filter__n': 20}",0.7427745664739884,0.8092485549132948,0.8208092485549133,0.7745664739884393,0.7412790697674418,0.7777777777777778,0.03288878949109029,33,0.9703328509406657,0.9580318379160637,0.983357452966715,0.9848046309696092,0.9841040462427746,0.9761261638071655,0.010509243995431643
140,0.3944650650024414,0.008521823427157918,0.008011150360107421,0.0003010207832183767,0.001,"(100, 25, 100)",2,"{'NN__alpha': 0.001, 'NN__hidden_layer_sizes': (100, 25, 100), 'filter__n': 2}",0.630057803468208,0.7196531791907514,0.8034682080924855,0.8554913294797688,0.4680232558139535,0.6956018518518519,0.13687601769114646,176,0.8147612156295224,0.7923299565846599,0.7713458755426917,0.7583212735166426,0.7369942196531792,0.7747505081853392,0.026895881897281575
141,0.4669486522674561,0.04566718408009235,0.008121490478515625,0.000736429057752756,0.001,"(100, 25, 100)",4,"{'NN__alpha': 0.001, 'NN__hidden_layer_sizes': (100, 25, 100), 'filter__n': 4}",0.7687861271676301,0.8728323699421965,0.7283236994219653,0.838150289017341,0.8023255813953488,0.8020833333333334,0.05073534546909934,5,0.8552821997105644,0.829232995658466,0.85383502170767,0.7973950795947902,0.846820809248555,0.8365132211840092,0.021641609852860347
142,0.5249031066894532,0.0431627440657567,0.00762019157409668,0.000375158209420359,0.001,"(100, 25, 100)",6,"{'NN__alpha': 0.001, 'NN__hidden_layer_sizes': (100, 25, 100), 'filter__n': 6}",0.5664739884393064,0.7341040462427746,0.8034682080924855,0.7485549132947977,0.7616279069767442,0.7228009259259259,0.08157651280669057,107,0.8813314037626628,0.8589001447178003,0.8958031837916064,0.8560057887120116,0.8569364161849711,0.8697953874338105,0.016023093536864968
143,0.5568889617919922,0.053506442738906534,0.00802145004272461,0.0006342945806949689,0.001,"(100, 25, 100)",8,"{'NN__alpha': 0.001, 'NN__hidden_layer_sizes': (100, 25, 100), 'filter__n': 8}",0.6416184971098265,0.7225433526011561,0.7976878612716763,0.7167630057803468,0.8023255813953488,0.7361111111111112,0.059427957791122706,78,0.9044862518089725,0.91027496382055,0.9001447178002895,0.8892908827785818,0.9002890173410405,0.900897166709887,0.0068770118831901345
144,0.5745358943939209,0.11398612413545359,0.008121728897094727,0.00037486522182395243,0.001,"(100, 25, 100)",10,"{'NN__alpha': 0.001, 'NN__hidden_layer_sizes': (100, 25, 100), 'filter__n': 10}",0.6271676300578035,0.6965317919075145,0.7485549132947977,0.815028901734104,0.7412790697674418,0.7256944444444444,0.06216921661245519,102,0.9457308248914617,0.9153400868306801,0.9341534008683068,0.9066570188133141,0.9082369942196532,0.9220236651246833,0.015362527433544798
145,0.5565881252288818,0.08164793125139655,0.007921314239501953,0.0005848848623304856,0.001,"(100, 25, 100)",12,"{'NN__alpha': 0.001, 'NN__hidden_layer_sizes': (100, 25, 100), 'filter__n': 12}",0.6589595375722543,0.7138728323699421,0.7543352601156069,0.7774566473988439,0.8313953488372093,0.7471064814814815,0.0581908347652112,67,0.8798842257597684,0.9500723589001447,0.9681620839363242,0.9363241678726484,0.9263005780346821,0.9321486829007135,0.029669619818922355
146,0.6149436950683593,0.04433597970361113,0.008723115921020508,0.0009824698537270443,0.001,"(100, 25, 100)",14,"{'NN__alpha': 0.001, 'NN__hidden_layer_sizes': (100, 25, 100), 'filter__n': 14}",0.6936416184971098,0.7774566473988439,0.7514450867052023,0.8439306358381503,0.8401162790697675,0.78125,0.05651634191337985,29,0.9790159189580319,0.9630969609261939,0.9688856729377714,0.9696092619392185,0.9710982658959537,0.970341216131434,0.0051177571236335935
147,0.7199246406555175,0.13881312995462392,0.008322572708129883,0.0005114736514677145,0.001,"(100, 25, 100)",16,"{'NN__alpha': 0.001, 'NN__hidden_layer_sizes': (100, 25, 100), 'filter__n': 16}",0.6560693641618497,0.8786127167630058,0.869942196531792,0.861271676300578,0.811046511627907,0.8153935185185185,0.08309020577118363,2,0.9992764109985528,0.9978292329956585,1.0,0.9384949348769899,0.9927745664739884,0.9856750290690378,0.023724636035101315
148,0.7043832778930664,0.11182781150764089,0.008021354675292969,0.0003177883020621302,0.001,"(100, 25, 100)",18,"{'NN__alpha': 0.001, 'NN__hidden_layer_sizes': (100, 25, 100), 'filter__n': 18}",0.6994219653179191,0.8786127167630058,0.8294797687861272,0.8034682080924855,0.7965116279069767,0.8015046296296297,0.0586475219497088,19,0.9963820549927641,0.9963820549927641,0.9942112879884226,0.9898697539797395,0.994942196531792,0.9943574696970965,0.0023958613549971354
149,0.7091958045959472,0.11460449381248189,0.007821178436279297,0.0004009487902981859,0.001,"(100, 25, 100)",20,"{'NN__alpha': 0.001, 'NN__hidden_layer_sizes': (100, 25, 100), 'filter__n': 20}",0.6994219653179191,0.8786127167630058,0.8294797687861272,0.8034682080924855,0.7965116279069767,0.8015046296296297,0.0586475219497088,19,0.9963820549927641,0.9963820549927641,0.9942112879884226,0.9898697539797395,0.994942196531792,0.9943574696970965,0.0023958613549971354
150,0.2836583137512207,0.019528777657874443,0.0074196338653564455,0.000491303107398821,0.0001,"(50, 50)",2,"{'NN__alpha': 0.0001, 'NN__hidden_layer_sizes': (50, 50), 'filter__n': 2}",0.630057803468208,0.7196531791907514,0.8034682080924855,0.8554913294797688,0.4680232558139535,0.6956018518518519,0.13687601769114646,176,0.8147612156295224,0.7923299565846599,0.7713458755426917,0.7583212735166426,0.7369942196531792,0.7747505081853392,0.026895881897281575
151,0.35555319786071776,0.026533634147554556,0.007416963577270508,0.0003743937893826766,0.0001,"(50, 50)",4,"{'NN__alpha': 0.0001, 'NN__hidden_layer_sizes': (50, 50), 'filter__n': 4}",0.7687861271676301,0.8728323699421965,0.7283236994219653,0.838150289017341,0.8023255813953488,0.8020833333333334,0.05073534546909934,5,0.8552821997105644,0.829232995658466,0.85383502170767,0.7973950795947902,0.846820809248555,0.8365132211840092,0.021641609852860347
152,0.41741580963134767,0.05824236527112048,0.007319593429565429,0.0002453011167097866,0.0001,"(50, 50)",6,"{'NN__alpha': 0.0001, 'NN__hidden_layer_sizes': (50, 50), 'filter__n': 6}",0.5664739884393064,0.7861271676300579,0.8034682080924855,0.6416184971098265,0.5930232558139535,0.6782407407407407,0.09841791200016094,189,0.8813314037626628,0.8603473227206947,0.8958031837916064,0.8422575976845152,0.8641618497109826,0.8687802715340924,0.018350288177862304
153,0.4141073226928711,0.014471333093644533,0.007419443130493164,0.0004913127612524194,0.0001,"(50, 50)",8,"{'NN__alpha': 0.0001, 'NN__hidden_layer_sizes': (50, 50), 'filter__n': 8}",0.5924855491329479,0.7543352601156069,0.7976878612716763,0.7196531791907514,0.8023255813953488,0.7332175925925926,0.07664742528098561,81,0.9059334298118669,0.9008683068017366,0.9001447178002895,0.8900144717800289,0.9002890173410405,0.8994499887069924,0.005181934619793948
154,0.42283039093017577,0.037140141722194445,0.007821130752563476,0.0006797307150605801,0.0001,"(50, 50)",10,"{'NN__alpha': 0.0001, 'NN__hidden_layer_sizes': (50, 50), 'filter__n': 10}",0.6473988439306358,0.7369942196531792,0.7456647398843931,0.6416184971098265,0.7645348837209303,0.7071759259259259,0.05201589655134333,148,0.9413892908827786,0.8979739507959479,0.9363241678726484,0.9066570188133141,0.8959537572254336,0.9156596371180244,0.019345233281236666
155,0.4557184219360352,0.05487599753326055,0.007820606231689453,0.0004010201350970637,0.0001,"(50, 50)",12,"{'NN__alpha': 0.0001, 'NN__hidden_layer_sizes': (50, 50), 'filter__n': 12}",0.6560693641618497,0.7369942196531792,0.7456647398843931,0.7687861271676301,0.7325581395348837,0.7280092592592593,0.03810383753659367,96,0.967438494934877,0.951519536903039,0.9645441389290883,0.9261939218523878,0.930635838150289,0.9480663861539362,0.016976147287094456
156,0.5035461902618408,0.04255412482549834,0.00762028694152832,0.0002007728729425181,0.0001,"(50, 50)",14,"{'NN__alpha': 0.0001, 'NN__hidden_layer_sizes': (50, 50), 'filter__n': 14}",0.6705202312138728,0.7456647398843931,0.7456647398843931,0.7312138728323699,0.752906976744186,0.7291666666666666,0.030178061703151203,94,0.9681620839363242,0.9703328509406657,0.9717800289435601,0.9558610709117221,0.971820809248555,0.9675913687961654,0.006014555161410966
157,0.5420491695404053,0.09455861574214211,0.007420015335083008,0.00020036725757330046,0.0001,"(50, 50)",16,"{'NN__alpha': 0.0001, 'NN__hidden_layer_sizes': (50, 50), 'filter__n': 16}",0.7456647398843931,0.8121387283236994,0.8005780346820809,0.7658959537572254,0.6802325581395349,0.7609953703703703,0.046774029953544086,45,0.9913169319826338,0.9804630969609262,0.9963820549927641,0.9659913169319826,0.9826589595375722,0.9833624720811758,0.010425366264260435
158,0.49983606338500974,0.04604925171381174,0.007419967651367187,0.0003752220538946316,0.0001,"(50, 50)",18,"{'NN__alpha': 0.0001, 'NN__hidden_layer_sizes': (50, 50), 'filter__n': 18}",0.7543352601156069,0.7976878612716763,0.8179190751445087,0.7947976878612717,0.6831395348837209,0.7696759259259259,0.04782675286892623,41,0.9855282199710564,0.9876989869753979,0.9869753979739508,0.9768451519536903,0.9602601156069365,0.9794615744962064,0.010360100243934633
159,0.5251034259796142,0.058531304056126846,0.0077207088470458984,0.00040096071033318757,0.0001,"(50, 50)",20,"{'NN__alpha': 0.0001, 'NN__hidden_layer_sizes': (50, 50), 'filter__n': 20}",0.7543352601156069,0.7976878612716763,0.8179190751445087,0.7947976878612717,0.6831395348837209,0.7696759259259259,0.04782675286892623,41,0.9855282199710564,0.9876989869753979,0.9869753979739508,0.9768451519536903,0.9602601156069365,0.9794615744962064,0.010360100243934633
160,0.24004144668579103,0.021611074576530494,0.007219934463500976,0.0005111461605638419,0.0001,"(50,)",2,"{'NN__alpha': 0.0001, 'NN__hidden_layer_sizes': (50,), 'filter__n': 2}",0.630057803468208,0.7196531791907514,0.8034682080924855,0.6994219653179191,0.7034883720930233,0.7112268518518519,0.05546992716173746,139,0.8147612156295224,0.7923299565846599,0.7713458755426917,0.7004341534008683,0.6994219653179191,0.7556586332951323,0.04753166684328102
161,0.3095268726348877,0.010782820434116984,0.007418060302734375,0.0005829798225552121,0.0001,"(50,)",4,"{'NN__alpha': 0.0001, 'NN__hidden_layer_sizes': (50,), 'filter__n': 4}",0.7687861271676301,0.8728323699421965,0.7283236994219653,0.838150289017341,0.8023255813953488,0.8020833333333334,0.05073534546909934,5,0.8552821997105644,0.829232995658466,0.85383502170767,0.7973950795947902,0.846820809248555,0.8365132211840092,0.021641609852860347
162,0.27513513565063474,0.02981741028239673,0.0072196006774902345,0.000400877069800189,0.0001,"(50,)",6,"{'NN__alpha': 0.0001, 'NN__hidden_layer_sizes': (50,), 'filter__n': 6}",0.630057803468208,0.8554913294797688,0.7225433526011561,0.6184971098265896,0.7034883720930233,0.7060185185185185,0.0849627089671359,151,0.8683068017366136,0.8574529667149059,0.8437047756874095,0.8176555716353111,0.7752890173410405,0.8324818266230561,0.03323785954481881
163,0.38733901977539065,0.053770700329947206,0.007115507125854492,0.00019821040670316866,0.0001,"(50,)",8,"{'NN__alpha': 0.0001, 'NN__hidden_layer_sizes': (50,), 'filter__n': 8}",0.6069364161849711,0.7109826589595376,0.7052023121387283,0.6011560693641619,0.48255813953488375,0.6215277777777778,0.08351378352201155,198,0.9081041968162084,0.9073806078147613,0.8784370477568741,0.869753979739508,0.8930635838150289,0.891347883188476,0.015321568272722191
164,0.3879370212554932,0.020982824945577516,0.0072196006774902345,0.0002455349960399253,0.0001,"(50,)",10,"{'NN__alpha': 0.0001, 'NN__hidden_layer_sizes': (50,), 'filter__n': 10}",0.6647398843930635,0.7225433526011561,0.7398843930635838,0.8121387283236994,0.7122093023255814,0.7303240740740741,0.047929928311057614,90,0.9160636758321273,0.9044862518089725,0.9276410998552822,0.88205499276411,0.9002890173410405,0.9061070075203066,0.01534814418225882
165,0.4068875312805176,0.01788176567834585,0.006918478012084961,0.00020077236332046453,0.0001,"(50,)",12,"{'NN__alpha': 0.0001, 'NN__hidden_layer_sizes': (50,), 'filter__n': 12}",0.661849710982659,0.7890173410404624,0.6965317919075145,0.6358381502890174,0.7587209302325582,0.7083333333333334,0.05763488418015971,142,0.9457308248914617,0.9312590448625181,0.9551374819102749,0.9247467438494935,0.9082369942196532,0.9330222179466803,0.016349270055345727
166,0.4378709316253662,0.09470120590087108,0.007118797302246094,0.0004911281204036359,0.0001,"(50,)",14,"{'NN__alpha': 0.0001, 'NN__hidden_layer_sizes': (50,), 'filter__n': 14}",0.6705202312138728,0.6936416184971098,0.684971098265896,0.7052023121387283,0.7703488372093024,0.7048611111111112,0.034559103450778075,157,0.9652677279305355,0.9204052098408104,0.9725036179450073,0.9565846599131693,0.9219653179190751,0.9473453067097195,0.021951911554876042
167,0.4832919597625732,0.05162879173372112,0.007321453094482422,0.0002433316697742454,0.0001,"(50,)",16,"{'NN__alpha': 0.0001, 'NN__hidden_layer_sizes': (50,), 'filter__n': 16}",0.7052023121387283,0.8034682080924855,0.6763005780346821,0.7398843930635838,0.6511627906976745,0.7152777777777778,0.05311695297932266,125,0.9659913169319826,0.9732272069464544,0.9848046309696092,0.9609261939218524,0.9761560693641619,0.9722210836268121,0.008261072413858898
168,0.5370357990264892,0.0478346270940637,0.007319355010986328,0.00024549596987926255,0.0001,"(50,)",18,"{'NN__alpha': 0.0001, 'NN__hidden_layer_sizes': (50,), 'filter__n': 18}",0.7138728323699421,0.846820809248555,0.7543352601156069,0.7196531791907514,0.7238372093023255,0.7517361111111112,0.049596100111874174,60,0.984081041968162,0.9703328509406657,0.975397973950796,0.9775687409551375,0.986271676300578,0.9787304568230677,0.005804714687404079
169,0.5472629547119141,0.050417426589483776,0.0074199199676513675,0.00020043891775333285,0.0001,"(50,)",20,"{'NN__alpha': 0.0001, 'NN__hidden_layer_sizes': (50,), 'filter__n': 20}",0.7138728323699421,0.846820809248555,0.7543352601156069,0.7196531791907514,0.7238372093023255,0.7517361111111112,0.049596100111874174,60,0.984081041968162,0.9703328509406657,0.975397973950796,0.9775687409551375,0.986271676300578,0.9787304568230677,0.005804714687404079
170,0.20765442848205568,0.002136611055208121,0.006818342208862305,0.0005112210156975528,0.0001,"(25,)",2,"{'NN__alpha': 0.0001, 'NN__hidden_layer_sizes': (25,), 'filter__n': 2}",0.6994219653179191,0.6994219653179191,0.6994219653179191,0.6994219653179191,0.7034883720930233,0.7002314814814815,0.0016237319954344998,168,0.7004341534008683,0.7004341534008683,0.7004341534008683,0.7004341534008683,0.6994219653179191,0.7002317157842785,0.00040487523317969123
171,0.27513575553894043,0.03415929230818673,0.007520055770874024,0.0007765721794455954,0.0001,"(25,)",4,"{'NN__alpha': 0.0001, 'NN__hidden_layer_sizes': (25,), 'filter__n': 4}",0.7687861271676301,0.8728323699421965,0.7630057803468208,0.6994219653179191,0.6715116279069767,0.7552083333333334,0.06954896945104479,52,0.8552821997105644,0.829232995658466,0.804630969609262,0.7004341534008683,0.8041907514450867,0.7987542139648495,0.0526408506997711
172,0.2899773597717285,0.03293484010567239,0.006816196441650391,0.0004004099715097496,0.0001,"(25,)",6,"{'NN__alpha': 0.0001, 'NN__hidden_layer_sizes': (25,), 'filter__n': 6}",0.5664739884393064,0.6271676300578035,0.7225433526011561,0.5028901734104047,0.7616279069767442,0.6359953703703703,0.09577475676956301,193,0.8769898697539797,0.7539797395079595,0.8437047756874095,0.8133140376266281,0.8569364161849711,0.8289849677521897,0.04283407322753923
173,0.36367192268371584,0.03325152053652604,0.007319736480712891,0.0007501253448021826,0.0001,"(25,)",8,"{'NN__alpha': 0.0001, 'NN__hidden_layer_sizes': (25,), 'filter__n': 8}",0.6820809248554913,0.7803468208092486,0.7572254335260116,0.8352601156069365,0.5523255813953488,0.7216435185185185,0.09771808986806486,112,0.8871201157742402,0.8929088277858177,0.8900144717800289,0.8835021707670043,0.8569364161849711,0.8820964004584123,0.012960271235891966
174,0.3954573154449463,0.07227383312471752,0.0070187091827392575,0.000317109638323435,0.0001,"(25,)",10,"{'NN__alpha': 0.0001, 'NN__hidden_layer_sizes': (25,), 'filter__n': 10}",0.6994219653179191,0.7427745664739884,0.7514450867052023,0.630057803468208,0.5843023255813954,0.6817129629629629,0.0648556086843268,185,0.8784370477568741,0.8958031837916064,0.9204052098408104,0.8900144717800289,0.8186416184971098,0.880660306333286,0.03390494071183087
175,0.4407780170440674,0.04528015453798103,0.0075203895568847655,0.0003171098104079784,0.0001,"(25,)",12,"{'NN__alpha': 0.0001, 'NN__hidden_layer_sizes': (25,), 'filter__n': 12}",0.6416184971098265,0.7312138728323699,0.7312138728323699,0.6647398843930635,0.7354651162790697,0.7008101851851852,0.039639868846243716,164,0.934876989869754,0.9399421128798843,0.9616497829232996,0.9175108538350217,0.8952312138728323,0.9298421906761585,0.022311710555542322
176,0.4093944072723389,0.07343413075338391,0.007319736480712891,0.0004015208812530086,0.0001,"(25,)",14,"{'NN__alpha': 0.0001, 'NN__hidden_layer_sizes': (25,), 'filter__n': 14}",0.6791907514450867,0.7456647398843931,0.7167630057803468,0.6965317919075145,0.7034883720930233,0.7083333333333334,0.022268651274422388,142,0.8892908827785818,0.9493487698986975,0.9493487698986975,0.9457308248914617,0.8388728323699421,0.9145184159674763,0.04417964311624679
177,0.48389334678649903,0.04303262243122696,0.007118892669677734,0.0004914978138557591,0.0001,"(25,)",16,"{'NN__alpha': 0.0001, 'NN__hidden_layer_sizes': (25,), 'filter__n': 16}",0.684971098265896,0.8121387283236994,0.7543352601156069,0.7687861271676301,0.6046511627906976,0.7251157407407407,0.07266888207415813,103,0.9464544138929089,0.9602026049204052,0.9254703328509407,0.9652677279305355,0.971820809248555,0.9538431777686689,0.016454604547439168
178,0.44087834358215333,0.061307482584623235,0.007019138336181641,0.00031605494179468707,0.0001,"(25,)",18,"{'NN__alpha': 0.0001, 'NN__hidden_layer_sizes': (25,), 'filter__n': 18}",0.684971098265896,0.7283236994219653,0.7427745664739884,0.8410404624277457,0.5843023255813954,0.7164351851851852,0.08336655197719554,118,0.9746743849493488,0.9001447178002895,0.9616497829232996,0.9623733719247467,0.9617052023121387,0.9521094919819646,0.026449779544819522
179,0.43556413650512693,0.057191150756399224,0.007319450378417969,0.00024537903021419204,0.0001,"(25,)",20,"{'NN__alpha': 0.0001, 'NN__hidden_layer_sizes': (25,), 'filter__n': 20}",0.684971098265896,0.7283236994219653,0.7427745664739884,0.8410404624277457,0.5843023255813954,0.7164351851851852,0.08336655197719554,118,0.9746743849493488,0.9001447178002895,0.9616497829232996,0.9623733719247467,0.9617052023121387,0.9521094919819646,0.026449779544819522
180,0.28375883102416993,0.024776522097917707,0.0072193145751953125,0.0004010800045795363,0.0001,"(25, 25)",2,"{'NN__alpha': 0.0001, 'NN__hidden_layer_sizes': (25, 25), 'filter__n': 2}",0.630057803468208,0.7196531791907514,0.8034682080924855,0.8554913294797688,0.7034883720930233,0.7424768518518519,0.07899185110513277,72,0.8147612156295224,0.7923299565846599,0.7713458755426917,0.7583212735166426,0.6994219653179191,0.7672360573182871,0.0389447287904305
181,0.31644558906555176,0.014944070201810359,0.007119083404541015,0.0004915561737490216,0.0001,"(25, 25)",4,"{'NN__alpha': 0.0001, 'NN__hidden_layer_sizes': (25, 25), 'filter__n': 4}",0.7687861271676301,0.8583815028901735,0.8034682080924855,0.838150289017341,0.5261627906976745,0.7592592592592593,0.1201645255671141,48,0.8321273516642547,0.8096960926193922,0.8234442836468886,0.7973950795947902,0.8374277456647399,0.820018110638013,0.014695668484567503
182,0.3670814990997314,0.046315289815738854,0.0074199199676513675,0.00037559172617953045,0.0001,"(25, 25)",6,"{'NN__alpha': 0.0001, 'NN__hidden_layer_sizes': (25, 25), 'filter__n': 6}",0.5664739884393064,0.8554913294797688,0.653179190751445,0.6705202312138728,0.7616279069767442,0.7013888888888888,0.0988847074240818,161,0.8769898697539797,0.8589001447178003,0.8813314037626628,0.8523878437047757,0.8569364161849711,0.8653091356248378,0.011586975500317053
183,0.4474965572357178,0.020904756463878408,0.007119226455688477,0.0003751078352196309,0.0001,"(25, 25)",8,"{'NN__alpha': 0.0001, 'NN__hidden_layer_sizes': (25, 25), 'filter__n': 8}",0.6560693641618497,0.7254335260115607,0.7687861271676301,0.6127167630057804,0.8023255813953488,0.7129629629629629,0.07003683873655214,130,0.8965267727930536,0.9037626628075254,0.9001447178002895,0.8892908827785818,0.9002890173410405,0.8980028107040982,0.0049207068423774486
184,0.4703580379486084,0.040507968083049004,0.007319355010986328,0.0002457878212334661,0.0001,"(25, 25)",10,"{'NN__alpha': 0.0001, 'NN__hidden_layer_sizes': (25, 25), 'filter__n': 10}",0.6473988439306358,0.7456647398843931,0.7485549132947977,0.7427745664739884,0.6133720930232558,0.6996527777777778,0.05747852533962782,172,0.9370477568740955,0.9059334298118669,0.9356005788712012,0.9088277858176556,0.9089595375722543,0.9192738177894146,0.013971012488379668
185,0.44930133819580076,0.01799891725733464,0.007319450378417969,0.0004007816456528661,0.0001,"(25, 25)",12,"{'NN__alpha': 0.0001, 'NN__hidden_layer_sizes': (25, 25), 'filter__n': 12}",0.7225433526011561,0.7716763005780347,0.6589595375722543,0.7687861271676301,0.6947674418604651,0.7233796296296297,0.04328908240937959,105,0.9392185238784371,0.9435600578871202,0.9442836468885673,0.9232995658465991,0.9263005780346821,0.9353324745070811,0.00882365048848635
186,0.5044487476348877,0.039142673840106924,0.007519817352294922,0.0006340685449000289,0.0001,"(25, 25)",14,"{'NN__alpha': 0.0001, 'NN__hidden_layer_sizes': (25, 25), 'filter__n': 14}",0.7109826589595376,0.8179190751445087,0.7023121387283237,0.6502890173410405,0.6046511627906976,0.6973379629629629,0.0714633237355013,175,0.9587554269175108,0.9558610709117221,0.9602026049204052,0.9667149059334298,0.9703757225433526,0.9623819462452842,0.005349728690757171
187,0.5325235843658447,0.0640299822751374,0.007219457626342773,0.00024574901101596437,0.0001,"(25, 25)",16,"{'NN__alpha': 0.0001, 'NN__hidden_layer_sizes': (25, 25), 'filter__n': 16}",0.7283236994219653,0.7803468208092486,0.7023121387283237,0.8323699421965318,0.6802325581395349,0.7447916666666666,0.05508385096552123,70,0.9848046309696092,0.9616497829232996,0.959479015918958,0.9717800289435601,0.990606936416185,0.9736640790343225,0.012331109317978414
188,0.5139742851257324,0.035635802374497164,0.007319498062133789,0.0005115484586795251,0.0001,"(25, 25)",18,"{'NN__alpha': 0.0001, 'NN__hidden_layer_sizes': (25, 25), 'filter__n': 18}",0.7427745664739884,0.8092485549132948,0.8208092485549133,0.7745664739884393,0.7412790697674418,0.7777777777777778,0.03288878949109029,33,0.9703328509406657,0.9580318379160637,0.983357452966715,0.9848046309696092,0.9841040462427746,0.9761261638071655,0.010509243995431643
189,0.5158792018890381,0.04180355708309062,0.007319593429565429,0.00024549634035133825,0.0001,"(25, 25)",20,"{'NN__alpha': 0.0001, 'NN__hidden_layer_sizes': (25, 25), 'filter__n': 20}",0.7427745664739884,0.8092485549132948,0.8208092485549133,0.7745664739884393,0.7412790697674418,0.7777777777777778,0.03288878949109029,33,0.9703328509406657,0.9580318379160637,0.983357452966715,0.9848046309696092,0.9841040462427746,0.9761261638071655,0.010509243995431643
190,0.4016739845275879,0.016286342014075823,0.00792083740234375,0.00020067716588071527,0.0001,"(100, 25, 100)",2,"{'NN__alpha': 0.0001, 'NN__hidden_layer_sizes': (100, 25, 100), 'filter__n': 2}",0.630057803468208,0.7196531791907514,0.8034682080924855,0.8554913294797688,0.4680232558139535,0.6956018518518519,0.13687601769114646,176,0.8147612156295224,0.7923299565846599,0.7713458755426917,0.7583212735166426,0.7369942196531792,0.7747505081853392,0.026895881897281575
191,0.5050504207611084,0.04482037911987127,0.00802145004272461,0.0011433340287287995,0.0001,"(100, 25, 100)",4,"{'NN__alpha': 0.0001, 'NN__hidden_layer_sizes': (100, 25, 100), 'filter__n': 4}",0.7687861271676301,0.8728323699421965,0.7283236994219653,0.838150289017341,0.8023255813953488,0.8020833333333334,0.05073534546909934,5,0.8552821997105644,0.829232995658466,0.85383502170767,0.7973950795947902,0.846820809248555,0.8365132211840092,0.021641609852860347
192,0.5517752647399903,0.056210574273002044,0.008623313903808594,0.0003748781835263416,0.0001,"(100, 25, 100)",6,"{'NN__alpha': 0.0001, 'NN__hidden_layer_sizes': (100, 25, 100), 'filter__n': 6}",0.5664739884393064,0.7341040462427746,0.8034682080924855,0.7485549132947977,0.7616279069767442,0.7228009259259259,0.08157651280669057,107,0.8813314037626628,0.8589001447178003,0.8958031837916064,0.8560057887120116,0.8569364161849711,0.8697953874338105,0.016023093536864968
193,0.5911805152893066,0.06534619263375176,0.0075206756591796875,0.0003171099753222448,0.0001,"(100, 25, 100)",8,"{'NN__alpha': 0.0001, 'NN__hidden_layer_sizes': (100, 25, 100), 'filter__n': 8}",0.6416184971098265,0.7225433526011561,0.7976878612716763,0.7167630057803468,0.8023255813953488,0.7361111111111112,0.059427957791122706,78,0.9044862518089725,0.91027496382055,0.9001447178002895,0.8892908827785818,0.9002890173410405,0.900897166709887,0.0068770118831901345
194,0.606321144104004,0.10737854590427928,0.007921123504638672,0.0002007007882101665,0.0001,"(100, 25, 100)",10,"{'NN__alpha': 0.0001, 'NN__hidden_layer_sizes': (100, 25, 100), 'filter__n': 10}",0.6271676300578035,0.6965317919075145,0.7485549132947977,0.815028901734104,0.7151162790697675,0.7204861111111112,0.06173985297896673,116,0.9457308248914617,0.9153400868306801,0.9341534008683068,0.9066570188133141,0.9067919075144508,0.9217346477836428,0.01563043656375754
195,0.538238525390625,0.07734664034402702,0.00802159309387207,0.0005492064370905097,0.0001,"(100, 25, 100)",12,"{'NN__alpha': 0.0001, 'NN__hidden_layer_sizes': (100, 25, 100), 'filter__n': 12}",0.6589595375722543,0.7138728323699421,0.7543352601156069,0.7774566473988439,0.8313953488372093,0.7471064814814815,0.0581908347652112,67,0.8798842257597684,0.9500723589001447,0.9681620839363242,0.9363241678726484,0.9263005780346821,0.9321486829007135,0.029669619818922355
196,0.5876708984375,0.05184864369315925,0.008022069931030273,0.0007092474993477052,0.0001,"(100, 25, 100)",14,"{'NN__alpha': 0.0001, 'NN__hidden_layer_sizes': (100, 25, 100), 'filter__n': 14}",0.6936416184971098,0.7774566473988439,0.7514450867052023,0.8554913294797688,0.8401162790697675,0.7835648148148148,0.05920884671596509,25,0.9782923299565847,0.9630969609261939,0.9688856729377714,0.9696092619392185,0.9710982658959537,0.9701964983311445,0.004874878780126246
197,0.7082935810089112,0.16709219751924603,0.008322525024414062,0.0006013870239257813,0.0001,"(100, 25, 100)",16,"{'NN__alpha': 0.0001, 'NN__hidden_layer_sizes': (100, 25, 100), 'filter__n': 16}",0.6445086705202312,0.8815028901734104,0.869942196531792,0.8583815028901735,0.8081395348837209,0.8125,0.08769328269199442,3,0.9862518089725036,0.9985528219971056,1.0,0.9384949348769899,0.9927745664739884,0.9832148264641176,0.02288002077349001
198,0.7007727146148681,0.12467310723524605,0.00802145004272461,0.0003170343423759904,0.0001,"(100, 25, 100)",18,"{'NN__alpha': 0.0001, 'NN__hidden_layer_sizes': (100, 25, 100), 'filter__n': 18}",0.6994219653179191,0.8786127167630058,0.8294797687861272,0.8034682080924855,0.7965116279069767,0.8015046296296297,0.0586475219497088,19,0.9963820549927641,0.9963820549927641,0.9942112879884226,0.9898697539797395,0.994942196531792,0.9943574696970965,0.0023958613549971354
199,0.886469841003418,0.1779315320860631,0.00872340202331543,0.0005115202822399374,0.0001,"(100, 25, 100)",20,"{'NN__alpha': 0.0001, 'NN__hidden_layer_sizes': (100, 25, 100), 'filter__n': 20}",0.6994219653179191,0.8786127167630058,0.8294797687861272,0.8034682080924855,0.7965116279069767,0.8015046296296297,0.0586475219497088,19,0.9963820549927641,0.9963820549927641,0.9942112879884226,0.9898697539797395,0.994942196531792,0.9943574696970965,0.0023958613549971354
