,mean_fit_time,std_fit_time,mean_score_time,std_score_time,param_NN__alpha,param_NN__hidden_layer_sizes,param_gmm__n_components,params,split0_test_score,split1_test_score,split2_test_score,split3_test_score,split4_test_score,mean_test_score,std_test_score,rank_test_score,split0_train_score,split1_train_score,split2_train_score,split3_train_score,split4_train_score,mean_train_score,std_train_score
0,0.1439739227294922,0.01671557006441249,0.0007991790771484375,0.00039962970923209604,0.1,"(50, 50)",2,"{'NN__alpha': 0.1, 'NN__hidden_layer_sizes': (50, 50), 'gmm__n_components': 2}",0.5,0.5494505494505495,0.5576923076923077,0.5659340659340659,0.5137362637362637,0.5373626373626373,0.025806634210587653,146,0.5,0.5226648351648352,0.5343406593406593,0.5151098901098901,0.5398351648351648,0.5223901098901098,0.01415301854108929
1,0.21479196548461915,0.019633547131026913,0.0011028766632080079,0.00020077241994520103,0.1,"(50, 50)",5,"{'NN__alpha': 0.1, 'NN__hidden_layer_sizes': (50, 50), 'gmm__n_components': 5}",0.5137362637362637,0.5659340659340659,0.5054945054945055,0.5494505494505495,0.5439560439560439,0.5357142857142857,0.022654426514382764,151,0.5274725274725275,0.5576923076923077,0.5590659340659341,0.5164835164835165,0.5611263736263736,0.5443681318681319,0.018640874124931168
2,0.2725056171417236,0.04950467503841763,0.001501750946044922,0.00044534536657411176,0.1,"(50, 50)",10,"{'NN__alpha': 0.1, 'NN__hidden_layer_sizes': (50, 50), 'gmm__n_components': 10}",0.6016483516483516,0.6016483516483516,0.5851648351648352,0.6043956043956044,0.6291208791208791,0.6043956043956044,0.014115640196335296,134,0.6263736263736264,0.5961538461538461,0.5631868131868132,0.6806318681318682,0.6284340659340659,0.618956043956044,0.03893304006241215
3,0.34573941230773925,0.044780379178330755,0.002007722854614258,4.895424944957962e-06,0.1,"(50, 50)",15,"{'NN__alpha': 0.1, 'NN__hidden_layer_sizes': (50, 50), 'gmm__n_components': 15}",0.6291208791208791,0.6456043956043956,0.5604395604395604,0.5796703296703297,0.6593406593406593,0.6148351648351649,0.03828057900736341,115,0.665521978021978,0.6373626373626373,0.6043956043956044,0.6565934065934066,0.6737637362637363,0.6475274725274726,0.02473061602868629
4,0.44636240005493166,0.11337497606501126,0.002606916427612305,0.0004911862140739203,0.1,"(50, 50)",20,"{'NN__alpha': 0.1, 'NN__hidden_layer_sizes': (50, 50), 'gmm__n_components': 20}",0.6016483516483516,0.6868131868131868,0.7087912087912088,0.6565934065934066,0.6428571428571429,0.6593406593406593,0.036899194264573235,79,0.6771978021978022,0.6751373626373627,0.6998626373626373,0.7293956043956044,0.7087912087912088,0.698076923076923,0.020302736836514686
5,0.5016874313354492,0.10375440986137348,0.002813243865966797,0.0007526565822738345,0.1,"(50, 50)",25,"{'NN__alpha': 0.1, 'NN__hidden_layer_sizes': (50, 50), 'gmm__n_components': 25}",0.6208791208791209,0.6895604395604396,0.6730769230769231,0.6675824175824175,0.6593406593406593,0.6620879120879121,0.0228534443330609,73,0.7239010989010989,0.7101648351648352,0.709478021978022,0.739010989010989,0.7019230769230769,0.7168956043956044,0.013135201195474655
6,0.46772146224975586,0.0610075990260036,0.0029166221618652345,0.0006665098630035058,0.1,"(50, 50)",30,"{'NN__alpha': 0.1, 'NN__hidden_layer_sizes': (50, 50), 'gmm__n_components': 30}",0.6648351648351648,0.6978021978021978,0.6895604395604396,0.6840659340659341,0.6730769230769231,0.6818681318681319,0.01170729436959478,37,0.7733516483516484,0.7561813186813187,0.7451923076923077,0.7864010989010989,0.7472527472527473,0.7616758241758241,0.01585928834876
7,0.47928800582885744,0.046330017906769765,0.0034094810485839843,0.0004909733046454149,0.1,"(50, 50)",35,"{'NN__alpha': 0.1, 'NN__hidden_layer_sizes': (50, 50), 'gmm__n_components': 35}",0.7087912087912088,0.7087912087912088,0.6895604395604396,0.6593406593406593,0.7197802197802198,0.6972527472527472,0.021308482889742117,3,0.8035714285714286,0.7616758241758241,0.7815934065934066,0.771978021978022,0.7781593406593407,0.7793956043956044,0.013855253855960736
8,0.5161390781402588,0.06175534781414218,0.005416011810302735,0.0003749589096206223,0.1,"(50, 50)",40,"{'NN__alpha': 0.1, 'NN__hidden_layer_sizes': (50, 50), 'gmm__n_components': 40}",0.6868131868131868,0.6565934065934066,0.6813186813186813,0.6593406593406593,0.7142857142857143,0.6796703296703297,0.020965696734438374,43,0.8021978021978022,0.7403846153846154,0.7843406593406593,0.7960164835164835,0.7850274725274725,0.7815934065934067,0.021679810633573236
9,0.09581136703491211,0.018354935166978305,0.0008020877838134765,0.00040104395923259024,0.1,"(50,)",2,"{'NN__alpha': 0.1, 'NN__hidden_layer_sizes': (50,), 'gmm__n_components': 2}",0.4835164835164835,0.5576923076923077,0.5247252747252747,0.5467032967032966,0.521978021978022,0.5269230769230769,0.025500662386532508,168,0.5274725274725275,0.5247252747252747,0.5336538461538461,0.5212912087912088,0.5350274725274725,0.5284340659340659,0.005223393775228427
10,0.20996170043945311,0.01684079239320285,0.0012032032012939454,0.00040106791801389446,0.1,"(50,)",5,"{'NN__alpha': 0.1, 'NN__hidden_layer_sizes': (50,), 'gmm__n_components': 5}",0.49175824175824173,0.5659340659340659,0.5027472527472527,0.5384615384615384,0.5521978021978022,0.5302197802197802,0.02849736808767021,156,0.5116758241758241,0.554945054945055,0.5590659340659341,0.5144230769230769,0.5563186813186813,0.5392857142857143,0.021480459859562807
11,0.257414436340332,0.040923583288377516,0.0015038013458251952,0.00044819414749394665,0.1,"(50,)",10,"{'NN__alpha': 0.1, 'NN__hidden_layer_sizes': (50,), 'gmm__n_components': 10}",0.5796703296703297,0.6346153846153846,0.6181318681318682,0.6016483516483516,0.5741758241758241,0.6016483516483516,0.02278729819047002,139,0.6071428571428571,0.6064560439560439,0.603021978021978,0.6792582417582418,0.6146978021978022,0.6221153846153846,0.02882456020657601
12,0.33843073844909666,0.048280406360238746,0.0015038013458251952,0.0006337668590537134,0.1,"(50,)",15,"{'NN__alpha': 0.1, 'NN__hidden_layer_sizes': (50,), 'gmm__n_components': 15}",0.6373626373626373,0.6016483516483516,0.5934065934065934,0.554945054945055,0.6236263736263736,0.6021978021978022,0.02830603708217857,138,0.6627747252747253,0.6208791208791209,0.6346153846153846,0.635989010989011,0.6751373626373627,0.6458791208791209,0.019955912341629224
13,0.4305001735687256,0.09209341516529497,0.0020058155059814453,7.835234034135334e-07,0.1,"(50,)",20,"{'NN__alpha': 0.1, 'NN__hidden_layer_sizes': (50,), 'gmm__n_components': 20}",0.6620879120879121,0.6538461538461539,0.6675824175824175,0.6456043956043956,0.6648351648351648,0.6587912087912088,0.00803776859248777,84,0.6909340659340659,0.6730769230769231,0.676510989010989,0.7266483516483516,0.7108516483516484,0.6956043956043956,0.020445356911750943
14,0.4765040874481201,0.09836654660328326,0.002603769302368164,0.0008043826357557369,0.1,"(50,)",25,"{'NN__alpha': 0.1, 'NN__hidden_layer_sizes': (50,), 'gmm__n_components': 25}",0.6428571428571429,0.6923076923076923,0.6483516483516484,0.6648351648351648,0.6483516483516484,0.6593406593406593,0.0180567876100604,79,0.7506868131868132,0.7081043956043956,0.7087912087912088,0.7348901098901099,0.698489010989011,0.7201923076923078,0.019458036989322462
15,0.4415618419647217,0.08954159728327783,0.0026073455810546875,0.0004914393730050803,0.1,"(50,)",30,"{'NN__alpha': 0.1, 'NN__hidden_layer_sizes': (50,), 'gmm__n_components': 30}",0.6868131868131868,0.6868131868131868,0.695054945054945,0.6840659340659341,0.6785714285714286,0.6862637362637363,0.0053271207224355075,28,0.7623626373626373,0.7561813186813187,0.7465659340659341,0.7733516483516484,0.7321428571428571,0.7541208791208791,0.014015028506246948
16,0.4645842552185059,0.03275873408483453,0.0036096096038818358,0.0004914976982022934,0.1,"(50,)",35,"{'NN__alpha': 0.1, 'NN__hidden_layer_sizes': (50,), 'gmm__n_components': 35}",0.7005494505494505,0.7005494505494505,0.6978021978021978,0.6483516483516484,0.7197802197802198,0.6934065934065934,0.023861594231437855,12,0.8035714285714286,0.7616758241758241,0.7912087912087912,0.7664835164835165,0.7788461538461539,0.7803571428571427,0.015494602914509426
17,0.4837353706359863,0.039160368914087404,0.003809070587158203,0.00024277964309917815,0.1,"(50,)",40,"{'NN__alpha': 0.1, 'NN__hidden_layer_sizes': (50,), 'gmm__n_components': 40}",0.6813186813186813,0.6593406593406593,0.6813186813186813,0.6538461538461539,0.7142857142857143,0.6780219780219781,0.021308482889742113,49,0.8028846153846154,0.7431318681318682,0.7918956043956044,0.7960164835164835,0.790521978021978,0.78489010989011,0.021317335972050912
18,0.07911438941955566,0.018527526096054646,0.0009026527404785156,0.00020051016677143834,0.1,"(25,)",2,"{'NN__alpha': 0.1, 'NN__hidden_layer_sizes': (25,), 'gmm__n_components': 2}",0.4835164835164835,0.5,0.5,0.5,0.5,0.4967032967032967,0.0065934065934065925,180,0.507554945054945,0.5,0.5,0.5,0.5,0.501510989010989,0.0030219780219780112
19,0.17451019287109376,0.021724596463618753,0.0011026382446289063,0.00048607876649322347,0.1,"(25,)",5,"{'NN__alpha': 0.1, 'NN__hidden_layer_sizes': (25,), 'gmm__n_components': 5}",0.5357142857142857,0.5521978021978022,0.5384615384615384,0.5576923076923077,0.5357142857142857,0.5439560439560439,0.009194066225649203,141,0.5309065934065934,0.5336538461538461,0.5370879120879121,0.5233516483516484,0.5576923076923077,0.5365384615384615,0.011504069624291267
20,0.2834466457366943,0.027172752438804206,0.0014038562774658203,0.0004912057252283516,0.1,"(25,)",10,"{'NN__alpha': 0.1, 'NN__hidden_layer_sizes': (25,), 'gmm__n_components': 10}",0.6016483516483516,0.6401098901098901,0.5989010989010989,0.6181318681318682,0.6043956043956044,0.6126373626373627,0.015246633984078682,119,0.6304945054945055,0.6078296703296703,0.5961538461538461,0.6813186813186813,0.6353021978021978,0.6302197802197803,0.029321695110104684
21,0.3043937683105469,0.05354003900610254,0.0011046409606933593,0.0001999102124659561,0.1,"(25,)",15,"{'NN__alpha': 0.1, 'NN__hidden_layer_sizes': (25,), 'gmm__n_components': 15}",0.6291208791208791,0.6620879120879121,0.6291208791208791,0.6071428571428571,0.6483516483516484,0.6351648351648351,0.01874584847168351,101,0.6538461538461539,0.6291208791208791,0.6215659340659341,0.6414835164835165,0.6717032967032966,0.643543956043956,0.01785714285714284
22,0.4111456394195557,0.10142641925894945,0.002105236053466797,0.0004907581299250499,0.1,"(25,)",20,"{'NN__alpha': 0.1, 'NN__hidden_layer_sizes': (25,), 'gmm__n_components': 20}",0.6620879120879121,0.6593406593406593,0.6785714285714286,0.6703296703296703,0.6263736263736264,0.6593406593406593,0.017804232687933682,79,0.6916208791208791,0.6277472527472527,0.6792582417582418,0.7087912087912088,0.7067307692307693,0.6828296703296703,0.029561384232627958
23,0.4749758720397949,0.10243403714888637,0.0024061203002929688,0.0004911472727697004,0.1,"(25,)",25,"{'NN__alpha': 0.1, 'NN__hidden_layer_sizes': (25,), 'gmm__n_components': 25}",0.6236263736263736,0.6923076923076923,0.5906593406593407,0.6648351648351648,0.6648351648351648,0.6472527472527473,0.035802933093725064,97,0.742445054945055,0.7074175824175825,0.6373626373626373,0.7362637362637363,0.7081043956043956,0.7063186813186813,0.03731260790740296
24,0.454290771484375,0.09348135179470266,0.002606821060180664,0.0008024335133330383,0.1,"(25,)",30,"{'NN__alpha': 0.1, 'NN__hidden_layer_sizes': (25,), 'gmm__n_components': 30}",0.6593406593406593,0.7005494505494505,0.6923076923076923,0.6758241758241759,0.6648351648351648,0.6785714285714286,0.015733869300303675,47,0.7712912087912088,0.7561813186813187,0.7472527472527473,0.760989010989011,0.6881868131868132,0.7447802197802197,0.029340993742178013
25,0.47018656730651853,0.0712762671908914,0.0033087730407714844,0.0007502080389027671,0.1,"(25,)",35,"{'NN__alpha': 0.1, 'NN__hidden_layer_sizes': (25,), 'gmm__n_components': 35}",0.6703296703296703,0.695054945054945,0.7032967032967034,0.6620879120879121,0.7087912087912088,0.6879120879120879,0.01843732058853027,24,0.7870879120879121,0.7266483516483516,0.7918956043956044,0.779532967032967,0.7774725274725275,0.7725274725274726,0.023518312807561986
26,0.4385643005371094,0.0500108746213266,0.0039103984832763675,0.0006652825230028456,0.1,"(25,)",40,"{'NN__alpha': 0.1, 'NN__hidden_layer_sizes': (25,), 'gmm__n_components': 40}",0.6840659340659341,0.6620879120879121,0.6703296703296703,0.6428571428571429,0.7032967032967034,0.6725274725274726,0.020366761530605106,59,0.8035714285714286,0.7328296703296703,0.7864010989010989,0.7781593406593407,0.7864010989010989,0.7774725274725276,0.02380776268493771
27,0.13590011596679688,0.02716801794622685,0.000701904296875,0.0006016095521323012,0.1,"(25, 25)",2,"{'NN__alpha': 0.1, 'NN__hidden_layer_sizes': (25, 25), 'gmm__n_components': 2}",0.48626373626373626,0.5659340659340659,0.5302197802197802,0.5384615384615384,0.510989010989011,0.5263736263736264,0.026726124191242435,171,0.5267857142857143,0.5281593406593407,0.5343406593406593,0.5164835164835165,0.5398351648351648,0.5291208791208791,0.007850127506719503
28,0.20386042594909667,0.031617218898902864,0.0010026454925537109,2.431401974483864e-07,0.1,"(25, 25)",5,"{'NN__alpha': 0.1, 'NN__hidden_layer_sizes': (25, 25), 'gmm__n_components': 5}",0.5164835164835165,0.5439560439560439,0.5164835164835165,0.5384615384615384,0.5192307692307693,0.5269230769230769,0.01183552704864722,168,0.5302197802197802,0.5089285714285714,0.5370879120879121,0.5068681318681318,0.5563186813186813,0.5278846153846153,0.018437320588530256
29,0.25403552055358886,0.03910876167819405,0.00140380859375,0.0004911472727697004,0.1,"(25, 25)",10,"{'NN__alpha': 0.1, 'NN__hidden_layer_sizes': (25, 25), 'gmm__n_components': 10}",0.5961538461538461,0.6098901098901099,0.6126373626373627,0.6016483516483516,0.5989010989010989,0.6038461538461538,0.006360349946588065,135,0.595467032967033,0.5940934065934066,0.5989010989010989,0.646978021978022,0.6195054945054945,0.6109890109890109,0.020200248868300207
30,0.37032904624938967,0.0756896552420497,0.0016040802001953125,0.0004911473653584885,0.1,"(25, 25)",15,"{'NN__alpha': 0.1, 'NN__hidden_layer_sizes': (25, 25), 'gmm__n_components': 15}",0.6318681318681318,0.6538461538461539,0.5412087912087912,0.5714285714285714,0.6593406593406593,0.6115384615384616,0.046996494022732094,121,0.6717032967032966,0.6483516483516484,0.6037087912087912,0.6565934065934066,0.679945054945055,0.6520604395604396,0.026591646931156624
31,0.43309884071350097,0.11678868612976287,0.0020060062408447264,0.0005493380000916655,0.1,"(25, 25)",20,"{'NN__alpha': 0.1, 'NN__hidden_layer_sizes': (25, 25), 'gmm__n_components': 20}",0.6620879120879121,0.6758241758241759,0.7197802197802198,0.6510989010989011,0.6236263736263736,0.6664835164835164,0.03168762825339827,68,0.6923076923076923,0.6634615384615384,0.7039835164835165,0.7232142857142857,0.6991758241758241,0.6964285714285714,0.019421153362325225
32,0.5044835090637207,0.11326054078420685,0.0022065162658691405,0.0004004516213010331,0.1,"(25, 25)",25,"{'NN__alpha': 0.1, 'NN__hidden_layer_sizes': (25, 25), 'gmm__n_components': 25}",0.6318681318681318,0.6895604395604396,0.6785714285714286,0.6428571428571429,0.6236263736263736,0.6532967032967033,0.026085884550481806,93,0.7534340659340659,0.7087912087912088,0.7039835164835165,0.6785714285714286,0.6758241758241759,0.7041208791208792,0.027953887322647777
33,0.4759568691253662,0.09704774154607841,0.004010963439941406,0.0006349732222571137,0.1,"(25, 25)",30,"{'NN__alpha': 0.1, 'NN__hidden_layer_sizes': (25, 25), 'gmm__n_components': 30}",0.6373626373626373,0.6291208791208791,0.6895604395604396,0.6785714285714286,0.6703296703296703,0.660989010989011,0.02360719896586906,76,0.75,0.7273351648351648,0.7293956043956044,0.7870879120879121,0.7465659340659341,0.748076923076923,0.021480459859562782
34,0.4855182647705078,0.0657795700518467,0.003108358383178711,0.0006653975870455763,0.1,"(25, 25)",35,"{'NN__alpha': 0.1, 'NN__hidden_layer_sizes': (25, 25), 'gmm__n_components': 35}",0.6868131868131868,0.6648351648351648,0.7060439560439561,0.6648351648351648,0.7252747252747253,0.6895604395604396,0.023568802845634316,21,0.8028846153846154,0.7438186813186813,0.7918956043956044,0.7802197802197802,0.7733516483516484,0.7784340659340658,0.020031410246153514
35,0.49287962913513184,0.07559505885110578,0.0040108680725097655,0.0006338427477611587,0.1,"(25, 25)",40,"{'NN__alpha': 0.1, 'NN__hidden_layer_sizes': (25, 25), 'gmm__n_components': 40}",0.6923076923076923,0.6565934065934066,0.6785714285714286,0.6620879120879121,0.7115384615384616,0.6802197802197802,0.020083150420326455,42,0.8021978021978022,0.7012362637362637,0.7918956043956044,0.7939560439560439,0.7912087912087912,0.776098901098901,0.037635858636830416
36,0.2078765869140625,0.025858418906452223,0.0013035297393798827,0.000401008216828473,0.1,"(100, 25, 100)",2,"{'NN__alpha': 0.1, 'NN__hidden_layer_sizes': (100, 25, 100), 'gmm__n_components': 2}",0.47527472527472525,0.5604395604395604,0.5604395604395604,0.554945054945055,0.5027472527472527,0.5307692307692308,0.03524201694686721,155,0.5260989010989011,0.5226648351648352,0.5343406593406593,0.5164835164835165,0.5384615384615384,0.52760989010989,0.007919524893076662
37,0.2855510234832764,0.02460314699873918,0.0013039588928222656,0.00040187906415467024,0.1,"(100, 25, 100)",5,"{'NN__alpha': 0.1, 'NN__hidden_layer_sizes': (100, 25, 100), 'gmm__n_components': 5}",0.5302197802197802,0.5851648351648352,0.5054945054945055,0.5686813186813187,0.5164835164835165,0.5412087912087912,0.030641414271645465,145,0.5357142857142857,0.5521978021978022,0.5597527472527473,0.5157967032967034,0.5460164835164835,0.5418956043956045,0.015240444970637526
38,0.32851543426513674,0.05454686829299697,0.0022058010101318358,0.0004011631153659417,0.1,"(100, 25, 100)",10,"{'NN__alpha': 0.1, 'NN__hidden_layer_sizes': (100, 25, 100), 'gmm__n_components': 10}",0.5961538461538461,0.6098901098901099,0.6346153846153846,0.6153846153846154,0.6181318681318682,0.6148351648351649,0.012456905548082002,115,0.6188186813186813,0.5995879120879121,0.6188186813186813,0.6785714285714286,0.6291208791208791,0.6289835164835165,0.02656964132001808
39,0.43811373710632323,0.08013413795097674,0.0020057201385498048,0.00031680884955031336,0.1,"(100, 25, 100)",15,"{'NN__alpha': 0.1, 'NN__hidden_layer_sizes': (100, 25, 100), 'gmm__n_components': 15}",0.6373626373626373,0.6428571428571429,0.6291208791208791,0.5714285714285714,0.6510989010989011,0.6263736263736264,0.028391232269810596,105,0.6620879120879121,0.6380494505494505,0.6524725274725275,0.6648351648351648,0.6806318681318682,0.6596153846153846,0.014079502813262394
40,0.5232176780700684,0.12473612554505766,0.002311086654663086,0.0003971366147375584,0.1,"(100, 25, 100)",20,"{'NN__alpha': 0.1, 'NN__hidden_layer_sizes': (100, 25, 100), 'gmm__n_components': 20}",0.6648351648351648,0.6813186813186813,0.7087912087912088,0.6675824175824175,0.6675824175824175,0.6780219780219781,0.016428479546951737,49,0.6895604395604396,0.6737637362637363,0.7046703296703297,0.7362637362637363,0.6806318681318682,0.6969780219780219,0.022197564191956565
41,0.5901668071746826,0.13999547240626334,0.003409862518310547,0.000491052753660369,0.1,"(100, 25, 100)",25,"{'NN__alpha': 0.1, 'NN__hidden_layer_sizes': (100, 25, 100), 'gmm__n_components': 25}",0.6675824175824175,0.6758241758241759,0.6675824175824175,0.6978021978021978,0.6868131868131868,0.6791208791208792,0.011707294369594792,45,0.7451923076923077,0.709478021978022,0.7087912087912088,0.739010989010989,0.7115384615384616,0.7228021978021979,0.01590443436542147
42,0.5578052997589111,0.07845251060378629,0.003710365295410156,0.0007500236612689043,0.1,"(100, 25, 100)",30,"{'NN__alpha': 0.1, 'NN__hidden_layer_sizes': (100, 25, 100), 'gmm__n_components': 30}",0.6703296703296703,0.6895604395604396,0.7087912087912088,0.6895604395604396,0.6840659340659341,0.6884615384615385,0.012359584482639577,23,0.7740384615384616,0.7568681318681318,0.7472527472527473,0.7870879120879121,0.742445054945055,0.7615384615384615,0.01673006999747809
43,0.6033198356628418,0.08044629006190891,0.004812860488891601,0.0007496408754495852,0.1,"(100, 25, 100)",35,"{'NN__alpha': 0.1, 'NN__hidden_layer_sizes': (100, 25, 100), 'gmm__n_components': 35}",0.7032967032967034,0.7115384615384616,0.7005494505494505,0.6565934065934066,0.7225274725274725,0.6989010989010989,0.022493944495009584,2,0.8056318681318682,0.760989010989011,0.7891483516483516,0.779532967032967,0.779532967032967,0.7829670329670331,0.014550068875676236
44,0.6330232143402099,0.11953899805776705,0.005011081695556641,0.0006388263238523852,0.1,"(100, 25, 100)",40,"{'NN__alpha': 0.1, 'NN__hidden_layer_sizes': (100, 25, 100), 'gmm__n_components': 40}",0.6895604395604396,0.6675824175824175,0.7060439560439561,0.6620879120879121,0.7197802197802198,0.689010989010989,0.022005477356594288,22,0.8028846153846154,0.7321428571428571,0.790521978021978,0.7932692307692307,0.7898351648351648,0.7817307692307692,0.02522914547556783
45,0.15622272491455078,0.025757184707762764,0.0011026859283447266,0.00020051016677143834,0.01,"(50, 50)",2,"{'NN__alpha': 0.01, 'NN__hidden_layer_sizes': (50, 50), 'gmm__n_components': 2}",0.5,0.5467032967032966,0.5604395604395604,0.5631868131868132,0.5137362637362637,0.5368131868131868,0.0254532633448362,149,0.5,0.5240384615384616,0.5343406593406593,0.5151098901098901,0.5398351648351648,0.5226648351648351,0.014169007646403983
46,0.24942636489868164,0.03955665507376681,0.0016053676605224609,0.0004918117867121331,0.01,"(50, 50)",5,"{'NN__alpha': 0.01, 'NN__hidden_layer_sizes': (50, 50), 'gmm__n_components': 5}",0.5137362637362637,0.5686813186813187,0.489010989010989,0.5494505494505495,0.5439560439560439,0.532967032967033,0.02817776132957821,152,0.5274725274725275,0.5556318681318682,0.5673076923076923,0.5164835164835165,0.5611263736263736,0.5456043956043957,0.019946455010951793
47,0.2930299282073975,0.054843721299962345,0.0017028331756591796,0.0003999376658293316,0.01,"(50, 50)",10,"{'NN__alpha': 0.01, 'NN__hidden_layer_sizes': (50, 50), 'gmm__n_components': 10}",0.6071428571428571,0.6071428571428571,0.5879120879120879,0.6043956043956044,0.6291208791208791,0.6071428571428571,0.013117952072871773,126,0.6277472527472527,0.6009615384615384,0.5631868131868132,0.6813186813186813,0.6304945054945055,0.6207417582417583,0.03877521227934538
48,0.374389123916626,0.04367152340740861,0.001804351806640625,0.0004014971703643888,0.01,"(50, 50)",15,"{'NN__alpha': 0.01, 'NN__hidden_layer_sizes': (50, 50), 'gmm__n_components': 15}",0.6346153846153846,0.6346153846153846,0.5576923076923077,0.5741758241758241,0.6675824175824175,0.6137362637362638,0.041175810978450966,118,0.6668956043956044,0.6373626373626373,0.6050824175824175,0.6662087912087912,0.6778846153846154,0.6506868131868131,0.026460051845722084
49,0.4393295764923096,0.09591558593006227,0.0020051002502441406,2.132480599880018e-07,0.01,"(50, 50)",20,"{'NN__alpha': 0.01, 'NN__hidden_layer_sizes': (50, 50), 'gmm__n_components': 20}",0.6098901098901099,0.6895604395604396,0.7060439560439561,0.6565934065934066,0.6758241758241759,0.6675824175824175,0.0331041106184441,66,0.679945054945055,0.679945054945055,0.6998626373626373,0.7300824175824175,0.7122252747252747,0.7004120879120879,0.01927682867217952
50,0.5027886390686035,0.10914573906838479,0.0024062156677246093,0.0004915561506210768,0.01,"(50, 50)",25,"{'NN__alpha': 0.01, 'NN__hidden_layer_sizes': (50, 50), 'gmm__n_components': 25}",0.6208791208791209,0.6868131868131868,0.6758241758241759,0.6675824175824175,0.6565934065934066,0.6615384615384615,0.022614412777205137,75,0.7245879120879121,0.7115384615384616,0.709478021978022,0.739010989010989,0.7019230769230769,0.7173076923076923,0.013079058372162259
51,0.48517489433288574,0.07876148574148796,0.003108501434326172,0.0006651244252926111,0.01,"(50, 50)",30,"{'NN__alpha': 0.01, 'NN__hidden_layer_sizes': (50, 50), 'gmm__n_components': 30}",0.6648351648351648,0.6978021978021978,0.6895604395604396,0.6840659340659341,0.6730769230769231,0.6818681318681319,0.01170729436959478,37,0.7733516483516484,0.7561813186813187,0.7451923076923077,0.7870879120879121,0.7472527472527473,0.7618131868131868,0.01607436340255024
52,0.5088906764984131,0.05665311891556296,0.0038097858428955077,0.0007503299372018171,0.01,"(50, 50)",35,"{'NN__alpha': 0.01, 'NN__hidden_layer_sizes': (50, 50), 'gmm__n_components': 35}",0.7087912087912088,0.7087912087912088,0.6923076923076923,0.6565934065934066,0.717032967032967,0.6967032967032967,0.021603959616854407,4,0.8035714285714286,0.7616758241758241,0.7815934065934066,0.779532967032967,0.7781593406593407,0.7809065934065934,0.01336729739088229
53,0.49863877296447756,0.06105613770512035,0.004912948608398438,0.000664923123017274,0.01,"(50, 50)",40,"{'NN__alpha': 0.01, 'NN__hidden_layer_sizes': (50, 50), 'gmm__n_components': 40}",0.6868131868131868,0.6565934065934066,0.6813186813186813,0.6593406593406593,0.7115384615384616,0.6791208791208792,0.02006811249203262,45,0.8021978021978022,0.7403846153846154,0.779532967032967,0.7960164835164835,0.7850274725274725,0.7806318681318681,0.021643226090385985
54,0.09786195755004883,0.021321608924102377,0.0009019851684570312,0.0004910597546708307,0.01,"(50,)",2,"{'NN__alpha': 0.01, 'NN__hidden_layer_sizes': (50,), 'gmm__n_components': 2}",0.489010989010989,0.5604395604395604,0.5247252747252747,0.5467032967032966,0.521978021978022,0.5285714285714286,0.024362416788346553,161,0.5274725274725275,0.5247252747252747,0.5336538461538461,0.5212912087912088,0.5350274725274725,0.5284340659340659,0.005223393775228427
55,0.20006065368652343,0.02556158596626107,0.0010998249053955078,0.0001968262265764121,0.01,"(50,)",5,"{'NN__alpha': 0.01, 'NN__hidden_layer_sizes': (50,), 'gmm__n_components': 5}",0.489010989010989,0.5631868131868132,0.5027472527472527,0.5357142857142857,0.5494505494505495,0.528021978021978,0.02798424522691615,163,0.5116758241758241,0.5556318681318682,0.5590659340659341,0.5137362637362637,0.5535714285714286,0.5387362637362637,0.021335915487724285
56,0.2507660388946533,0.023262959236102897,0.0014039993286132813,0.0004914782449020993,0.01,"(50,)",10,"{'NN__alpha': 0.01, 'NN__hidden_layer_sizes': (50,), 'gmm__n_components': 10}",0.5796703296703297,0.6318681318681318,0.6236263736263736,0.5961538461538461,0.5934065934065934,0.6049450549450549,0.019611613513818384,132,0.6085164835164835,0.6057692307692307,0.6043956043956044,0.6792582417582418,0.6167582417582418,0.6229395604395604,0.028484122738087557
57,0.326894474029541,0.047756189884530904,0.0017046451568603516,0.0004011632287231446,0.01,"(50,)",15,"{'NN__alpha': 0.01, 'NN__hidden_layer_sizes': (50,), 'gmm__n_components': 15}",0.6373626373626373,0.6016483516483516,0.6181318681318682,0.5521978021978022,0.6236263736263736,0.6065934065934065,0.02950708040021438,127,0.6620879120879121,0.6208791208791209,0.6442307692307693,0.6366758241758241,0.6751373626373627,0.6478021978021977,0.01904046339950313
58,0.4144129276275635,0.08260958908525753,0.002407073974609375,0.0008016234964708205,0.01,"(50,)",20,"{'NN__alpha': 0.01, 'NN__hidden_layer_sizes': (50,), 'gmm__n_components': 20}",0.6510989010989011,0.6565934065934066,0.6675824175824175,0.6428571428571429,0.6565934065934066,0.654945054945055,0.008075240910274185,91,0.6806318681318682,0.6737637362637363,0.6758241758241759,0.7259615384615384,0.7101648351648352,0.6932692307692307,0.020970196100701367
59,0.4613039493560791,0.08880405221147504,0.0025066852569580076,0.0004489938637337717,0.01,"(50,)",25,"{'NN__alpha': 0.01, 'NN__hidden_layer_sizes': (50,), 'gmm__n_components': 25}",0.6401098901098901,0.6895604395604396,0.6538461538461539,0.6675824175824175,0.6456043956043956,0.6593406593406593,0.017719247798458352,79,0.7513736263736264,0.709478021978022,0.7087912087912088,0.7376373626373627,0.698489010989011,0.7211538461538461,0.019938885916661278
60,0.453131103515625,0.08554317201109427,0.002606773376464844,0.0004909720774076257,0.01,"(50,)",30,"{'NN__alpha': 0.01, 'NN__hidden_layer_sizes': (50,), 'gmm__n_components': 30}",0.6868131868131868,0.6868131868131868,0.6978021978021978,0.6785714285714286,0.6785714285714286,0.6857142857142857,0.007079175124574219,30,0.7726648351648352,0.7561813186813187,0.7465659340659341,0.7726648351648352,0.7321428571428571,0.756043956043956,0.015579611954678954
61,0.46158246994018554,0.03817872906757453,0.0028073787689208984,0.0004009009364669917,0.01,"(50,)",35,"{'NN__alpha': 0.01, 'NN__hidden_layer_sizes': (50,), 'gmm__n_components': 35}",0.7005494505494505,0.7005494505494505,0.695054945054945,0.6510989010989011,0.717032967032967,0.6928571428571428,0.02214224360396689,14,0.8035714285714286,0.7616758241758241,0.7912087912087912,0.7664835164835165,0.7788461538461539,0.7803571428571427,0.015494602914509426
62,0.45781331062316893,0.04935665650873733,0.0038099765777587892,0.000750380493289441,0.01,"(50,)",40,"{'NN__alpha': 0.01, 'NN__hidden_layer_sizes': (50,), 'gmm__n_components': 40}",0.6813186813186813,0.6593406593406593,0.6813186813186813,0.6538461538461539,0.7060439560439561,0.6763736263736264,0.018584103873942614,57,0.8028846153846154,0.7431318681318682,0.7918956043956044,0.7946428571428571,0.7850274725274725,0.7835164835164836,0.02098728489536733
63,0.08013367652893066,0.015224859917361406,0.0006017208099365235,0.0004913030842589632,0.01,"(25,)",2,"{'NN__alpha': 0.01, 'NN__hidden_layer_sizes': (25,), 'gmm__n_components': 2}",0.48626373626373626,0.5,0.5,0.5,0.5,0.49725274725274726,0.0054945054945054975,177,0.507554945054945,0.5,0.5,0.5,0.5,0.501510989010989,0.0030219780219780112
64,0.1796572685241699,0.020620393941221383,0.0009024143218994141,0.00020027166321163282,0.01,"(25,)",5,"{'NN__alpha': 0.01, 'NN__hidden_layer_sizes': (25,), 'gmm__n_components': 5}",0.5274725274725275,0.5521978021978022,0.5384615384615384,0.5576923076923077,0.5384615384615384,0.5428571428571428,0.01079499049691677,142,0.5288461538461539,0.5336538461538461,0.5370879120879121,0.5233516483516484,0.5576923076923077,0.5361263736263735,0.011733053024210231
65,0.26723227500915525,0.0456184293393978,0.001003122329711914,8.064048063892253e-07,0.01,"(25,)",10,"{'NN__alpha': 0.01, 'NN__hidden_layer_sizes': (25,), 'gmm__n_components': 10}",0.5769230769230769,0.6098901098901099,0.5961538461538461,0.6153846153846154,0.6043956043956044,0.6005494505494505,0.013413797379927176,140,0.6346153846153846,0.5961538461538461,0.595467032967033,0.6813186813186813,0.6311813186813187,0.6277472527472527,0.03152465045838522
66,0.2993985652923584,0.04824983944824233,0.001603984832763672,0.000490874976966484,0.01,"(25,)",15,"{'NN__alpha': 0.01, 'NN__hidden_layer_sizes': (25,), 'gmm__n_components': 15}",0.6318681318681318,0.6620879120879121,0.6318681318681318,0.6071428571428571,0.6428571428571429,0.6351648351648351,0.017838113275547185,101,0.6510989010989011,0.6284340659340659,0.6222527472527473,0.6414835164835165,0.6717032967032966,0.6429945054945054,0.01751791051310972
67,0.38358311653137206,0.09248129999785941,0.0019052505493164062,0.0004911570269025962,0.01,"(25,)",20,"{'NN__alpha': 0.01, 'NN__hidden_layer_sizes': (25,), 'gmm__n_components': 20}",0.6565934065934066,0.6593406593406593,0.6758241758241759,0.6703296703296703,0.6346153846153846,0.6593406593406593,0.01422217484125802,79,0.6916208791208791,0.6277472527472527,0.6792582417582418,0.7087912087912088,0.7067307692307693,0.6828296703296703,0.029561384232627958
68,0.45359787940979,0.10307888192828675,0.0026065826416015623,0.0004909141112409813,0.01,"(25,)",25,"{'NN__alpha': 0.01, 'NN__hidden_layer_sizes': (25,), 'gmm__n_components': 25}",0.6153846153846154,0.6510989010989011,0.5906593406593407,0.6565934065934066,0.6675824175824175,0.6362637362637362,0.028739993034334096,100,0.7273351648351648,0.6998626373626373,0.6270604395604396,0.7211538461538461,0.7087912087912088,0.6968406593406594,0.03617256688231696
69,0.4495846748352051,0.09518883625898789,0.0024062633514404298,0.0004913225722611527,0.01,"(25,)",30,"{'NN__alpha': 0.01, 'NN__hidden_layer_sizes': (25,), 'gmm__n_components': 30}",0.6620879120879121,0.7115384615384616,0.6895604395604396,0.6703296703296703,0.6758241758241759,0.6818681318681319,0.01732294809937853,37,0.7706043956043956,0.7403846153846154,0.7465659340659341,0.7616758241758241,0.6895604395604396,0.7417582417582418,0.02820787829702126
70,0.4573758602142334,0.05366184000007388,0.0027074337005615233,0.0005117353955420206,0.01,"(25,)",35,"{'NN__alpha': 0.01, 'NN__hidden_layer_sizes': (25,), 'gmm__n_components': 35}",0.6785714285714286,0.695054945054945,0.7060439560439561,0.6620879120879121,0.7087912087912088,0.6901098901098901,0.0175824175824176,18,0.7870879120879121,0.7266483516483516,0.7918956043956044,0.7513736263736264,0.7774725274725275,0.7668956043956043,0.024516825843212204
71,0.43405985832214355,0.04277764154275193,0.0042172431945800785,0.0011292548409202927,0.01,"(25,)",40,"{'NN__alpha': 0.01, 'NN__hidden_layer_sizes': (25,), 'gmm__n_components': 40}",0.6813186813186813,0.6565934065934066,0.6675824175824175,0.6428571428571429,0.7005494505494505,0.6697802197802197,0.019917108747683338,63,0.8035714285714286,0.7431318681318682,0.7857142857142857,0.7781593406593407,0.7864010989010989,0.7793956043956045,0.019950238481207944
72,0.13315749168395996,0.018247740536971504,0.0010028839111328124,1.9073486328125e-07,0.01,"(25, 25)",2,"{'NN__alpha': 0.01, 'NN__hidden_layer_sizes': (25, 25), 'gmm__n_components': 2}",0.48626373626373626,0.5604395604395604,0.532967032967033,0.5494505494505495,0.5082417582417582,0.5274725274725275,0.02708518141509065,166,0.5260989010989011,0.5288461538461539,0.5343406593406593,0.5192307692307693,0.5412087912087912,0.529945054945055,0.0074429764748044054
73,0.19915771484375,0.02421994391127898,0.0010029792785644532,6.468133910298603e-07,0.01,"(25, 25)",5,"{'NN__alpha': 0.01, 'NN__hidden_layer_sizes': (25, 25), 'gmm__n_components': 5}",0.5192307692307693,0.5439560439560439,0.510989010989011,0.5384615384615384,0.5137362637362637,0.5252747252747253,0.013391272095553776,172,0.529532967032967,0.5089285714285714,0.5556318681318682,0.5068681318681318,0.5563186813186813,0.531456043956044,0.021533099523186973
74,0.2591026782989502,0.03946426669740199,0.0012031078338623046,0.0004009962471736792,0.01,"(25, 25)",10,"{'NN__alpha': 0.01, 'NN__hidden_layer_sizes': (25, 25), 'gmm__n_components': 10}",0.5961538461538461,0.6098901098901099,0.6153846153846154,0.6016483516483516,0.6043956043956044,0.6054945054945055,0.006639036249227811,128,0.5975274725274725,0.5940934065934066,0.5989010989010989,0.6462912087912088,0.6201923076923077,0.611401098901099,0.019712376020801285
75,0.3451694011688232,0.0676214744932863,0.0018045902252197266,0.00040113935498920904,0.01,"(25, 25)",15,"{'NN__alpha': 0.01, 'NN__hidden_layer_sizes': (25, 25), 'gmm__n_components': 15}",0.6263736263736264,0.6538461538461539,0.5412087912087912,0.5769230769230769,0.6593406593406593,0.6115384615384616,0.045693676673168794,121,0.6648351648351648,0.6483516483516484,0.6043956043956044,0.6634615384615384,0.6771978021978022,0.6516483516483517,0.025337356703667775
76,0.4231450080871582,0.11763084992091721,0.0022057056427001952,0.00024559329219980326,0.01,"(25, 25)",20,"{'NN__alpha': 0.01, 'NN__hidden_layer_sizes': (25, 25), 'gmm__n_components': 20}",0.6648351648351648,0.6813186813186813,0.7197802197802198,0.6565934065934066,0.6263736263736264,0.6697802197802197,0.03071030464281785,63,0.6929945054945055,0.6593406593406593,0.7067307692307693,0.7232142857142857,0.6978021978021978,0.6960164835164834,0.02103308616636947
77,0.46465182304382324,0.09079075474855307,0.0023066520690917967,0.0004020104442400433,0.01,"(25, 25)",25,"{'NN__alpha': 0.01, 'NN__hidden_layer_sizes': (25, 25), 'gmm__n_components': 25}",0.6318681318681318,0.6868131868131868,0.6730769230769231,0.6565934065934066,0.6181318681318682,0.6532967032967033,0.025381998818573843,93,0.7486263736263736,0.709478021978022,0.7039835164835165,0.7087912087912088,0.6771978021978022,0.7096153846153846,0.022826182275423556
78,0.44301581382751465,0.08765102174298353,0.002807283401489258,0.0007502780867048871,0.01,"(25, 25)",30,"{'NN__alpha': 0.01, 'NN__hidden_layer_sizes': (25, 25), 'gmm__n_components': 30}",0.6401098901098901,0.6318681318681318,0.695054945054945,0.6840659340659341,0.6703296703296703,0.6642857142857143,0.024535289628314416,70,0.75,0.7293956043956044,0.7293956043956044,0.7870879120879121,0.7465659340659341,0.748489010989011,0.02109489430818953
79,0.4886509418487549,0.05087777698811047,0.0031081676483154298,0.0004906316899446016,0.01,"(25, 25)",35,"{'NN__alpha': 0.01, 'NN__hidden_layer_sizes': (25, 25), 'gmm__n_components': 35}",0.6840659340659341,0.6730769230769231,0.7087912087912088,0.6648351648351648,0.7307692307692307,0.6923076923076923,0.02426307930309847,16,0.8028846153846154,0.7438186813186813,0.7918956043956044,0.7802197802197802,0.7733516483516484,0.7784340659340658,0.020031410246153514
80,0.49810075759887695,0.08499140349186769,0.0035143375396728517,0.00044257047902813404,0.01,"(25, 25)",40,"{'NN__alpha': 0.01, 'NN__hidden_layer_sizes': (25, 25), 'gmm__n_components': 40}",0.695054945054945,0.6538461538461539,0.6758241758241759,0.6593406593406593,0.7087912087912088,0.6785714285714286,0.020850182374736573,47,0.8021978021978022,0.7012362637362637,0.7925824175824175,0.7939560439560439,0.7912087912087912,0.7762362637362636,0.037694470190745434
81,0.17981762886047364,0.03964185732972667,0.0011029720306396484,0.00020036703061625472,0.01,"(100, 25, 100)",2,"{'NN__alpha': 0.01, 'NN__hidden_layer_sizes': (100, 25, 100), 'gmm__n_components': 2}",0.4807692307692308,0.5412087912087912,0.5247252747252747,0.5467032967032966,0.5027472527472527,0.5192307692307693,0.024572175576920745,176,0.5281593406593407,0.5157967032967034,0.5343406593406593,0.5226648351648352,0.5370879120879121,0.5276098901098901,0.00773877253901276
82,0.2923703670501709,0.056965144118236846,0.0012033462524414062,0.0002451453823632284,0.01,"(100, 25, 100)",5,"{'NN__alpha': 0.01, 'NN__hidden_layer_sizes': (100, 25, 100), 'gmm__n_components': 5}",0.5302197802197802,0.5631868131868132,0.5082417582417582,0.5659340659340659,0.5164835164835165,0.5368131868131868,0.023734737435665027,149,0.5370879120879121,0.5590659340659341,0.5590659340659341,0.5178571428571429,0.5418956043956044,0.5429945054945056,0.0153919723382763
83,0.34248127937316897,0.06181985689895874,0.0018109321594238282,0.0004042376314619853,0.01,"(100, 25, 100)",10,"{'NN__alpha': 0.01, 'NN__hidden_layer_sizes': (100, 25, 100), 'gmm__n_components': 10}",0.5961538461538461,0.6098901098901099,0.6483516483516484,0.6126373626373627,0.6208791208791209,0.6175824175824176,0.017322948099378517,112,0.6167582417582418,0.5982142857142857,0.6195054945054945,0.6840659340659341,0.6284340659340659,0.6293956043956044,0.029050168141503623
84,0.4614363670349121,0.13355326764815717,0.002519989013671875,0.0006453996590681245,0.01,"(100, 25, 100)",15,"{'NN__alpha': 0.01, 'NN__hidden_layer_sizes': (100, 25, 100), 'gmm__n_components': 15}",0.6346153846153846,0.6428571428571429,0.6236263736263736,0.5686813186813187,0.6593406593406593,0.6258241758241758,0.030857408971646103,106,0.6620879120879121,0.6394230769230769,0.6517857142857143,0.665521978021978,0.6820054945054945,0.6601648351648353,0.014211557314700635
85,0.5081700325012207,0.12895967926581017,0.002105522155761719,0.0002004862611366508,0.01,"(100, 25, 100)",20,"{'NN__alpha': 0.01, 'NN__hidden_layer_sizes': (100, 25, 100), 'gmm__n_components': 20}",0.6510989010989011,0.6840659340659341,0.7087912087912088,0.6538461538461539,0.6648351648351648,0.6725274725274726,0.02151995167864412,59,0.6861263736263736,0.6737637362637363,0.7053571428571429,0.7300824175824175,0.6806318681318682,0.6951923076923077,0.020366761530605074
86,0.5773552894592285,0.1155599128793051,0.002406406402587891,0.00037513280799473446,0.01,"(100, 25, 100)",25,"{'NN__alpha': 0.01, 'NN__hidden_layer_sizes': (100, 25, 100), 'gmm__n_components': 25}",0.6620879120879121,0.6895604395604396,0.6703296703296703,0.695054945054945,0.6813186813186813,0.6796703296703297,0.012112861365411329,43,0.7451923076923077,0.7108516483516484,0.7087912087912088,0.739010989010989,0.7108516483516484,0.7229395604395605,0.015785351869861994
87,0.5523909568786621,0.11912161686427658,0.0029082298278808594,0.0007369806058208137,0.01,"(100, 25, 100)",30,"{'NN__alpha': 0.01, 'NN__hidden_layer_sizes': (100, 25, 100), 'gmm__n_components': 30}",0.6758241758241759,0.7005494505494505,0.7087912087912088,0.6923076923076923,0.6923076923076923,0.6939560439560439,0.010933927880292517,10,0.7747252747252747,0.7548076923076923,0.7472527472527473,0.7870879120879121,0.7472527472527473,0.7622252747252747,0.015986084094479287
88,0.5755105972290039,0.057503554523681354,0.004211568832397461,0.0002437176523561206,0.01,"(100, 25, 100)",35,"{'NN__alpha': 0.01, 'NN__hidden_layer_sizes': (100, 25, 100), 'gmm__n_components': 35}",0.695054945054945,0.7142857142857143,0.7032967032967034,0.6620879120879121,0.7307692307692307,0.701098901098901,0.022879849245776938,1,0.8035714285714286,0.760989010989011,0.7891483516483516,0.7802197802197802,0.7788461538461539,0.7825549450549449,0.013924533953268356
89,0.5937065124511719,0.11896643209084946,0.004412460327148438,0.00037455992511008105,0.01,"(100, 25, 100)",40,"{'NN__alpha': 0.01, 'NN__hidden_layer_sizes': (100, 25, 100), 'gmm__n_components': 40}",0.6868131868131868,0.6648351648351648,0.7032967032967034,0.6565934065934066,0.7225274725274725,0.6868131868131868,0.02426307930309849,27,0.8028846153846154,0.7355769230769231,0.790521978021978,0.7932692307692307,0.790521978021978,0.782554945054945,0.02392477039239255
90,0.13556933403015137,0.01233907950022052,0.001002931594848633,1.1680077279964342e-07,0.001,"(50, 50)",2,"{'NN__alpha': 0.001, 'NN__hidden_layer_sizes': (50, 50), 'gmm__n_components': 2}",0.5,0.5467032967032966,0.5604395604395604,0.5,0.5164835164835165,0.5247252747252747,0.024694730828839807,173,0.5,0.5247252747252747,0.5357142857142857,0.5,0.540521978021978,0.5201923076923076,0.017264030047653808
91,0.23511643409729005,0.03629245357626627,0.0014044284820556641,0.0004930815926152802,0.001,"(50, 50)",5,"{'NN__alpha': 0.001, 'NN__hidden_layer_sizes': (50, 50), 'gmm__n_components': 5}",0.5137362637362637,0.5686813186813187,0.489010989010989,0.5494505494505495,0.5439560439560439,0.532967032967033,0.02817776132957821,152,0.5274725274725275,0.5556318681318682,0.5673076923076923,0.5164835164835165,0.5611263736263736,0.5456043956043957,0.019946455010951793
92,0.28570103645324707,0.05810872861744367,0.0013035297393798827,0.0004010082451787234,0.001,"(50, 50)",10,"{'NN__alpha': 0.001, 'NN__hidden_layer_sizes': (50, 50), 'gmm__n_components': 10}",0.6071428571428571,0.5989010989010989,0.5879120879120879,0.6043956043956044,0.6291208791208791,0.6054945054945055,0.013525861126473806,128,0.6277472527472527,0.5947802197802198,0.5631868131868132,0.6813186813186813,0.6304945054945055,0.6195054945054945,0.039478318305494274
93,0.36149396896362307,0.02825660902067881,0.0022069931030273436,0.0004009356563002749,0.001,"(50, 50)",15,"{'NN__alpha': 0.001, 'NN__hidden_layer_sizes': (50, 50), 'gmm__n_components': 15}",0.6401098901098901,0.6785714285714286,0.5576923076923077,0.5741758241758241,0.6593406593406593,0.621978021978022,0.047634542421303834,109,0.6648351648351648,0.6462912087912088,0.6050824175824175,0.6662087912087912,0.6778846153846154,0.6520604395604395,0.02557528529594235
94,0.4262446403503418,0.09678482832228104,0.002205657958984375,0.00040099621882258053,0.001,"(50, 50)",20,"{'NN__alpha': 0.001, 'NN__hidden_layer_sizes': (50, 50), 'gmm__n_components': 20}",0.6071428571428571,0.6895604395604396,0.7060439560439561,0.6565934065934066,0.6291208791208791,0.6576923076923077,0.03667762476544758,85,0.679945054945055,0.676510989010989,0.7005494505494505,0.7300824175824175,0.7060439560439561,0.6986263736263736,0.019423096352011646
95,0.4991007804870605,0.10158890376145537,0.002807474136352539,0.00040118706703127447,0.001,"(50, 50)",25,"{'NN__alpha': 0.001, 'NN__hidden_layer_sizes': (50, 50), 'gmm__n_components': 25}",0.6373626373626373,0.6868131868131868,0.6758241758241759,0.6648351648351648,0.6593406593406593,0.6648351648351648,0.016665660316596834,69,0.7321428571428571,0.7115384615384616,0.709478021978022,0.739010989010989,0.7019230769230769,0.7188186813186814,0.014219521202865428
96,0.47472100257873534,0.08673438752155616,0.003008317947387695,0.0010991963188936628,0.001,"(50, 50)",30,"{'NN__alpha': 0.001, 'NN__hidden_layer_sizes': (50, 50), 'gmm__n_components': 30}",0.6648351648351648,0.6978021978021978,0.6895604395604396,0.6868131868131868,0.6730769230769231,0.6824175824175824,0.011861007222485103,36,0.7733516483516484,0.7561813186813187,0.7451923076923077,0.7870879120879121,0.7472527472527473,0.7618131868131868,0.01607436340255024
97,0.49837870597839357,0.04596423045103316,0.0038097858428955077,0.0007503927681717682,0.001,"(50, 50)",35,"{'NN__alpha': 0.001, 'NN__hidden_layer_sizes': (50, 50), 'gmm__n_components': 35}",0.7087912087912088,0.7032967032967034,0.6895604395604396,0.6593406593406593,0.717032967032967,0.6956043956043956,0.020217988453817705,7,0.8035714285714286,0.760989010989011,0.7815934065934066,0.771978021978022,0.7781593406593407,0.7792582417582418,0.01403251954848588
98,0.508202600479126,0.064315141664913,0.0045124530792236325,0.00044862155586851567,0.001,"(50, 50)",40,"{'NN__alpha': 0.001, 'NN__hidden_layer_sizes': (50, 50), 'gmm__n_components': 40}",0.6840659340659341,0.6593406593406593,0.6923076923076923,0.6593406593406593,0.7142857142857143,0.6818681318681319,0.020879120879120888,37,0.8028846153846154,0.7403846153846154,0.790521978021978,0.7960164835164835,0.7857142857142857,0.7831043956043956,0.022112398269463835
99,0.09867219924926758,0.019019120788702354,0.0007999897003173828,0.00040001708626183265,0.001,"(50,)",2,"{'NN__alpha': 0.001, 'NN__hidden_layer_sizes': (50,), 'gmm__n_components': 2}",0.48626373626373626,0.5604395604395604,0.5247252747252747,0.5467032967032966,0.521978021978022,0.528021978021978,0.025262777873786037,163,0.5267857142857143,0.5247252747252747,0.5336538461538461,0.5212912087912088,0.5350274725274725,0.5282967032967034,0.005255803975194759
100,0.20086541175842285,0.028896971330631408,0.001203155517578125,0.00040097255062607575,0.001,"(50,)",5,"{'NN__alpha': 0.001, 'NN__hidden_layer_sizes': (50,), 'gmm__n_components': 5}",0.489010989010989,0.5659340659340659,0.5054945054945055,0.5357142857142857,0.5494505494505495,0.5291208791208791,0.028209884951633932,159,0.5123626373626373,0.5556318681318682,0.5590659340659341,0.5137362637362637,0.5528846153846154,0.5387362637362638,0.02106893906235863
101,0.26956830024719236,0.03435430137936715,0.0014033794403076171,0.0004913031305386776,0.001,"(50,)",10,"{'NN__alpha': 0.001, 'NN__hidden_layer_sizes': (50,), 'gmm__n_components': 10}",0.5796703296703297,0.6318681318681318,0.6236263736263736,0.5961538461538461,0.5934065934065934,0.6049450549450549,0.019611613513818384,132,0.6092032967032966,0.6064560439560439,0.6037087912087912,0.6792582417582418,0.6167582417582418,0.6230769230769231,0.0284257698785667
102,0.35422420501708984,0.05130195123389554,0.001804685592651367,0.0004010681164360647,0.001,"(50,)",15,"{'NN__alpha': 0.001, 'NN__hidden_layer_sizes': (50,), 'gmm__n_components': 15}",0.6401098901098901,0.6538461538461539,0.6153846153846154,0.554945054945055,0.6236263736263736,0.6175824175824176,0.034021594682225736,112,0.6634615384615384,0.6538461538461539,0.6435439560439561,0.6373626373626373,0.6751373626373627,0.6546703296703297,0.013566255632007035
103,0.43817958831787107,0.0950327891578926,0.0024063587188720703,0.0004915367320146283,0.001,"(50,)",20,"{'NN__alpha': 0.001, 'NN__hidden_layer_sizes': (50,), 'gmm__n_components': 20}",0.6565934065934066,0.6538461538461539,0.6675824175824175,0.6401098901098901,0.6648351648351648,0.6565934065934066,0.009674075198713746,89,0.679945054945055,0.6737637362637363,0.6758241758241759,0.7259615384615384,0.7101648351648352,0.6931318681318681,0.021054605230229232
104,0.4760279655456543,0.0907012199713527,0.002607917785644531,0.0004919093955721119,0.001,"(50,)",25,"{'NN__alpha': 0.001, 'NN__hidden_layer_sizes': (50,), 'gmm__n_components': 25}",0.6428571428571429,0.6923076923076923,0.6510989010989011,0.6538461538461539,0.6456043956043956,0.6571428571428571,0.01800656000898233,88,0.7520604395604396,0.709478021978022,0.7087912087912088,0.7383241758241759,0.6978021978021978,0.7212912087912089,0.020417651912016964
105,0.42284622192382815,0.07952997599289727,0.002506923675537109,0.0004481411253190053,0.001,"(50,)",30,"{'NN__alpha': 0.001, 'NN__hidden_layer_sizes': (50,), 'gmm__n_components': 30}",0.6813186813186813,0.6868131868131868,0.6978021978021978,0.6785714285714286,0.6840659340659341,0.6857142857142857,0.0066390362492277635,30,0.7754120879120879,0.7561813186813187,0.7465659340659341,0.7726648351648352,0.7321428571428571,0.7565934065934066,0.01619248574537516
106,0.4579479217529297,0.034192976905726376,0.0028059005737304686,0.0004004124984439796,0.001,"(50,)",35,"{'NN__alpha': 0.001, 'NN__hidden_layer_sizes': (50,), 'gmm__n_components': 35}",0.7005494505494505,0.6978021978021978,0.695054945054945,0.6510989010989011,0.7197802197802198,0.6928571428571428,0.022614412777205127,14,0.8035714285714286,0.7616758241758241,0.7912087912087912,0.7657967032967034,0.7788461538461539,0.7802197802197802,0.015619527178241574
107,0.4649203300476074,0.05383232763764679,0.004211902618408203,0.00040066419204938444,0.001,"(50,)",40,"{'NN__alpha': 0.001, 'NN__hidden_layer_sizes': (50,), 'gmm__n_components': 40}",0.6840659340659341,0.6593406593406593,0.6840659340659341,0.6538461538461539,0.7060439560439561,0.6774725274725275,0.018922170722772063,54,0.8028846153846154,0.7431318681318682,0.7918956043956044,0.7953296703296703,0.7850274725274725,0.7836538461538461,0.02106177336567574
108,0.08402400016784668,0.013858757814541555,0.0009026527404785156,0.0002003908937421167,0.001,"(25,)",2,"{'NN__alpha': 0.001, 'NN__hidden_layer_sizes': (25,), 'gmm__n_components': 2}",0.48626373626373626,0.5,0.5,0.5,0.5,0.49725274725274726,0.0054945054945054975,177,0.507554945054945,0.5,0.5,0.5,0.5,0.501510989010989,0.0030219780219780112
109,0.17970571517944336,0.01660062856372241,0.0010028839111328124,2.86102294921875e-07,0.001,"(25,)",5,"{'NN__alpha': 0.001, 'NN__hidden_layer_sizes': (25,), 'gmm__n_components': 5}",0.5274725274725275,0.5521978021978022,0.5384615384615384,0.5576923076923077,0.5384615384615384,0.5428571428571428,0.01079499049691677,142,0.5288461538461539,0.5336538461538461,0.5370879120879121,0.5233516483516484,0.5576923076923077,0.5361263736263735,0.011733053024210231
110,0.2737588882446289,0.028686774602209614,0.0011030197143554687,0.0002005819686024685,0.001,"(25,)",10,"{'NN__alpha': 0.001, 'NN__hidden_layer_sizes': (25,), 'gmm__n_components': 10}",0.5769230769230769,0.6181318681318682,0.5961538461538461,0.6153846153846154,0.6071428571428571,0.6027472527472527,0.015007143168953501,137,0.6339285714285714,0.5995879120879121,0.5961538461538461,0.6813186813186813,0.6318681318681318,0.6285714285714286,0.030701087219028308
111,0.2958962917327881,0.04121725707180085,0.00170440673828125,0.0006014665104366428,0.001,"(25,)",15,"{'NN__alpha': 0.001, 'NN__hidden_layer_sizes': (25,), 'gmm__n_components': 15}",0.6346153846153846,0.6620879120879121,0.6291208791208791,0.6071428571428571,0.6428571428571429,0.6351648351648351,0.01792253453879132,101,0.6510989010989011,0.6284340659340659,0.6222527472527473,0.6421703296703297,0.6717032967032966,0.6431318681318682,0.017508213953763018
112,0.38523297309875487,0.10493833070220462,0.0020050048828125,2.431401974483864e-07,0.001,"(25,)",20,"{'NN__alpha': 0.001, 'NN__hidden_layer_sizes': (25,), 'gmm__n_components': 20}",0.6401098901098901,0.6593406593406593,0.6758241758241759,0.6703296703296703,0.6346153846153846,0.656043956043956,0.01624367637263132,90,0.6641483516483516,0.6277472527472527,0.6792582417582418,0.7087912087912088,0.7067307692307693,0.6773351648351649,0.029967100464549222
113,0.4611156940460205,0.09070209205801696,0.002409696578979492,0.0004953599586557191,0.001,"(25,)",25,"{'NN__alpha': 0.001, 'NN__hidden_layer_sizes': (25,), 'gmm__n_components': 25}",0.6126373626373627,0.6923076923076923,0.6071428571428571,0.6648351648351648,0.6373626373626373,0.6428571428571429,0.03208527762781633,99,0.7273351648351648,0.7081043956043956,0.6778846153846154,0.7362637362637363,0.6373626373626373,0.69739010989011,0.036073322096547636
114,0.44304571151733396,0.09392195045874491,0.0028075218200683595,0.00040133011813454466,0.001,"(25,)",30,"{'NN__alpha': 0.001, 'NN__hidden_layer_sizes': (25,), 'gmm__n_components': 30}",0.6620879120879121,0.7060439560439561,0.6895604395604396,0.6675824175824175,0.6895604395604396,0.682967032967033,0.016075537184975622,34,0.7706043956043956,0.7396978021978022,0.7472527472527473,0.760989010989011,0.7225274725274725,0.7482142857142857,0.016719916543629608
115,0.45853891372680666,0.05724374788836262,0.0031105518341064454,0.00019906518507692398,0.001,"(25,)",35,"{'NN__alpha': 0.001, 'NN__hidden_layer_sizes': (25,), 'gmm__n_components': 35}",0.6813186813186813,0.7060439560439561,0.7032967032967034,0.6620879120879121,0.7060439560439561,0.6917582417582417,0.017496355305594156,17,0.7877747252747253,0.7541208791208791,0.7891483516483516,0.7513736263736264,0.7774725274725275,0.771978021978022,0.016235543205596017
116,0.439332103729248,0.05895735197271309,0.0038111209869384766,0.0007516418474013992,0.001,"(25,)",40,"{'NN__alpha': 0.001, 'NN__hidden_layer_sizes': (25,), 'gmm__n_components': 40}",0.6785714285714286,0.6593406593406593,0.6675824175824175,0.6428571428571429,0.7005494505494505,0.6697802197802197,0.01930128359368162,63,0.8035714285714286,0.7383241758241759,0.7850274725274725,0.7781593406593407,0.7864010989010989,0.7782967032967034,0.021668493446935153
117,0.13014655113220214,0.017519486182713134,0.0008023738861083985,0.00040118706703127447,0.001,"(25, 25)",2,"{'NN__alpha': 0.001, 'NN__hidden_layer_sizes': (25, 25), 'gmm__n_components': 2}",0.48626373626373626,0.5604395604395604,0.5467032967032966,0.5494505494505495,0.5082417582417582,0.5302197802197802,0.028177761329578214,156,0.5267857142857143,0.5288461538461539,0.5350274725274725,0.5185439560439561,0.5412087912087912,0.5300824175824176,0.007665278257309701
118,0.20028257369995117,0.02536633568897256,0.0010044097900390625,3.970653681100092e-06,0.001,"(25, 25)",5,"{'NN__alpha': 0.001, 'NN__hidden_layer_sizes': (25, 25), 'gmm__n_components': 5}",0.521978021978022,0.5439560439560439,0.5192307692307693,0.5384615384615384,0.5137362637362637,0.5274725274725275,0.011655606283294725,166,0.529532967032967,0.5089285714285714,0.5364010989010989,0.5068681318681318,0.5570054945054945,0.5277472527472528,0.018569884193539783
119,0.26703834533691406,0.058396973424728015,0.00110321044921875,0.0002004874519496713,0.001,"(25, 25)",10,"{'NN__alpha': 0.001, 'NN__hidden_layer_sizes': (25, 25), 'gmm__n_components': 10}",0.5961538461538461,0.6098901098901099,0.6291208791208791,0.6016483516483516,0.6043956043956044,0.6082417582417582,0.011340531560741923,124,0.5968406593406593,0.5940934065934066,0.6119505494505495,0.646978021978022,0.6195054945054945,0.6138736263736264,0.019040463399503136
120,0.35327348709106443,0.060735537956077335,0.001604747772216797,0.00037506967579027157,0.001,"(25, 25)",15,"{'NN__alpha': 0.001, 'NN__hidden_layer_sizes': (25, 25), 'gmm__n_components': 15}",0.6318681318681318,0.6538461538461539,0.5412087912087912,0.5741758241758241,0.6593406593406593,0.6120879120879121,0.04653816962166968,120,0.6662087912087912,0.6483516483516484,0.6043956043956044,0.6641483516483516,0.6771978021978022,0.6520604395604396,0.025549450549450563
121,0.41730151176452634,0.09930838458528315,0.0023061275482177735,0.0006016970885301954,0.001,"(25, 25)",20,"{'NN__alpha': 0.001, 'NN__hidden_layer_sizes': (25, 25), 'gmm__n_components': 20}",0.6648351648351648,0.6785714285714286,0.7142857142857143,0.6538461538461539,0.6236263736263736,0.667032967032967,0.02976176387681504,67,0.6929945054945055,0.6607142857142857,0.698489010989011,0.7232142857142857,0.6991758241758241,0.6949175824175823,0.02002575777642348
122,0.48212409019470215,0.10308984912437137,0.002406406402587891,0.0004913031305386776,0.001,"(25, 25)",25,"{'NN__alpha': 0.001, 'NN__hidden_layer_sizes': (25, 25), 'gmm__n_components': 25}",0.6346153846153846,0.6895604395604396,0.6703296703296703,0.6538461538461539,0.6181318681318682,0.6532967032967033,0.02526277787378603,93,0.75,0.709478021978022,0.7032967032967034,0.7087912087912088,0.6758241758241759,0.7094780219780221,0.023720423591302123
123,0.44787983894348143,0.08802152984719652,0.0026076793670654296,0.0003749683996017896,0.001,"(25, 25)",30,"{'NN__alpha': 0.001, 'NN__hidden_layer_sizes': (25, 25), 'gmm__n_components': 30}",0.6373626373626373,0.6318681318681318,0.6895604395604396,0.6840659340659341,0.6703296703296703,0.6626373626373626,0.023785561342761948,72,0.75,0.7293956043956044,0.7293956043956044,0.7870879120879121,0.7465659340659341,0.748489010989011,0.02109489430818953
124,0.5071382999420166,0.061236229991285716,0.0036101341247558594,0.0003751203399990549,0.001,"(25, 25)",35,"{'NN__alpha': 0.001, 'NN__hidden_layer_sizes': (25, 25), 'gmm__n_components': 35}",0.6868131868131868,0.6730769230769231,0.7087912087912088,0.6620879120879121,0.7197802197802198,0.6901098901098901,0.021519951678644112,18,0.8028846153846154,0.7438186813186813,0.7918956043956044,0.7802197802197802,0.7788461538461539,0.7795329670329669,0.019872533366875555
125,0.4929699420928955,0.0848975567211976,0.004312038421630859,0.0010801792260548327,0.001,"(25, 25)",40,"{'NN__alpha': 0.001, 'NN__hidden_layer_sizes': (25, 25), 'gmm__n_components': 40}",0.695054945054945,0.6538461538461539,0.6730769230769231,0.6538461538461539,0.7087912087912088,0.676923076923077,0.02201919220825701,56,0.8021978021978022,0.7012362637362637,0.7925824175824175,0.7946428571428571,0.790521978021978,0.7762362637362638,0.03770698221375131
126,0.1881117343902588,0.027977490140003773,0.0010026454925537109,1.9073486328124998e-07,0.001,"(100, 25, 100)",2,"{'NN__alpha': 0.001, 'NN__hidden_layer_sizes': (100, 25, 100), 'gmm__n_components': 2}",0.47802197802197804,0.554945054945055,0.5247252747252747,0.5467032967032966,0.5054945054945055,0.521978021978022,0.0279626607692296,175,0.5267857142857143,0.5192307692307693,0.5343406593406593,0.5206043956043956,0.5350274725274725,0.5271978021978022,0.006624810742740357
127,0.2955955505371094,0.050974961954209384,0.0012031078338623046,0.00040099621882258053,0.001,"(100, 25, 100)",5,"{'NN__alpha': 0.001, 'NN__hidden_layer_sizes': (100, 25, 100), 'gmm__n_components': 5}",0.5302197802197802,0.5631868131868132,0.5082417582417582,0.5659340659340659,0.5192307692307693,0.5373626373626373,0.02328529681364515,146,0.5364010989010989,0.5590659340659341,0.5597527472527473,0.5171703296703297,0.5446428571428571,0.5434065934065935,0.015819978075701055
128,0.33876476287841795,0.05569426661082294,0.0019984722137451174,1.3256930591094297e-05,0.001,"(100, 25, 100)",10,"{'NN__alpha': 0.001, 'NN__hidden_layer_sizes': (100, 25, 100), 'gmm__n_components': 10}",0.5961538461538461,0.6098901098901099,0.6456043956043956,0.6126373626373627,0.6208791208791209,0.6170329670329671,0.01635480886388706,114,0.6160714285714286,0.5975274725274725,0.6181318681318682,0.6840659340659341,0.6284340659340659,0.6288461538461538,0.029353852448090318
129,0.44031424522399903,0.07234079274355683,0.002306556701660156,0.0004013080503959154,0.001,"(100, 25, 100)",15,"{'NN__alpha': 0.001, 'NN__hidden_layer_sizes': (100, 25, 100), 'gmm__n_components': 15}",0.6291208791208791,0.6456043956043956,0.6263736263736264,0.5714285714285714,0.6510989010989011,0.6247252747252747,0.028263343185959768,108,0.6648351648351648,0.6394230769230769,0.6510989010989011,0.6648351648351648,0.6813186813186813,0.6603021978021978,0.014166344048740388
130,0.5394899368286132,0.11910435652705774,0.003015613555908203,0.0005480688095198646,0.001,"(100, 25, 100)",20,"{'NN__alpha': 0.001, 'NN__hidden_layer_sizes': (100, 25, 100), 'gmm__n_components': 20}",0.6510989010989011,0.6840659340659341,0.7087912087912088,0.6675824175824175,0.6620879120879121,0.6747252747252748,0.02008315042032646,58,0.6868131868131868,0.6737637362637363,0.7060439560439561,0.7355769230769231,0.6806318681318682,0.696565934065934,0.02227393510365449
131,0.5928200721740723,0.12841804387421052,0.003409719467163086,0.0005846396266326351,0.001,"(100, 25, 100)",25,"{'NN__alpha': 0.001, 'NN__hidden_layer_sizes': (100, 25, 100), 'gmm__n_components': 25}",0.6620879120879121,0.6895604395604396,0.6620879120879121,0.695054945054945,0.6813186813186813,0.6780219780219781,0.013725270326150328,49,0.7451923076923077,0.7108516483516484,0.7087912087912088,0.7396978021978022,0.7115384615384616,0.7232142857142858,0.015823555772345278
132,0.5502128601074219,0.09434705799898804,0.00320892333984375,0.000680581499164335,0.001,"(100, 25, 100)",30,"{'NN__alpha': 0.001, 'NN__hidden_layer_sizes': (100, 25, 100), 'gmm__n_components': 30}",0.6730769230769231,0.7060439560439561,0.7087912087912088,0.6868131868131868,0.7032967032967034,0.6956043956043956,0.013614848014685571,7,0.7740384615384616,0.7561813186813187,0.7472527472527473,0.7760989010989011,0.7472527472527473,0.7601648351648351,0.012614946674636114
133,0.5534834384918212,0.04385640429757241,0.0038119792938232423,0.00024501286166732724,0.001,"(100, 25, 100)",35,"{'NN__alpha': 0.001, 'NN__hidden_layer_sizes': (100, 25, 100), 'gmm__n_components': 35}",0.695054945054945,0.7087912087912088,0.7087912087912088,0.6346153846153846,0.7225274725274725,0.6939560439560439,0.030916054717879577,10,0.8035714285714286,0.7616758241758241,0.7891483516483516,0.7733516483516484,0.7788461538461539,0.7813186813186813,0.014226154370741656
134,0.5921594142913819,0.09317863696454537,0.005013942718505859,0.0006338442830917367,0.001,"(100, 25, 100)",40,"{'NN__alpha': 0.001, 'NN__hidden_layer_sizes': (100, 25, 100), 'gmm__n_components': 40}",0.6868131868131868,0.6593406593406593,0.695054945054945,0.6565934065934066,0.7197802197802198,0.6835164835164835,0.023530344071828416,32,0.8028846153846154,0.7451923076923077,0.790521978021978,0.7932692307692307,0.790521978021978,0.784478021978022,0.02016191552957007
135,0.1372922420501709,0.025348766116980836,0.0009023666381835938,0.00020036703061625472,0.0001,"(50, 50)",2,"{'NN__alpha': 0.0001, 'NN__hidden_layer_sizes': (50, 50), 'gmm__n_components': 2}",0.5,0.5521978021978022,0.5137362637362637,0.5631868131868132,0.5137362637362637,0.5285714285714286,0.024547591102954607,161,0.5,0.521978021978022,0.5460164835164835,0.5164835164835165,0.540521978021978,0.525,0.016669056504585025
136,0.22864007949829102,0.03811867928236059,0.0010024547576904298,3.2340669551493016e-07,0.0001,"(50, 50)",5,"{'NN__alpha': 0.0001, 'NN__hidden_layer_sizes': (50, 50), 'gmm__n_components': 5}",0.5137362637362637,0.5686813186813187,0.489010989010989,0.5494505494505495,0.5439560439560439,0.532967032967033,0.02817776132957821,152,0.5274725274725275,0.5563186813186813,0.5673076923076923,0.5164835164835165,0.5611263736263736,0.5457417582417583,0.020017276079062476
137,0.27714905738830564,0.0560433559317066,0.0018048763275146484,0.00040104395923259024,0.0001,"(50, 50)",10,"{'NN__alpha': 0.0001, 'NN__hidden_layer_sizes': (50, 50), 'gmm__n_components': 10}",0.6071428571428571,0.5989010989010989,0.5879120879120879,0.6043956043956044,0.6291208791208791,0.6054945054945055,0.013525861126473806,128,0.6277472527472527,0.5947802197802198,0.5631868131868132,0.6806318681318682,0.6304945054945055,0.6193681318681319,0.03926361477854019
138,0.36960444450378416,0.027669155838377302,0.001904916763305664,0.00020072467962314026,0.0001,"(50, 50)",15,"{'NN__alpha': 0.0001, 'NN__hidden_layer_sizes': (50, 50), 'gmm__n_components': 15}",0.6346153846153846,0.6483516483516484,0.5576923076923077,0.5741758241758241,0.6593406593406593,0.6148351648351649,0.041021552648198005,115,0.665521978021978,0.6387362637362637,0.6050824175824175,0.6662087912087912,0.6778846153846154,0.6506868131868131,0.02616605011232801
139,0.42859616279602053,0.10837896679969035,0.0016040325164794922,0.0004914004240002533,0.0001,"(50, 50)",20,"{'NN__alpha': 0.0001, 'NN__hidden_layer_sizes': (50, 50), 'gmm__n_components': 20}",0.6071428571428571,0.6895604395604396,0.7060439560439561,0.6565934065934066,0.6291208791208791,0.6576923076923077,0.03667762476544758,85,0.6792582417582418,0.6778846153846154,0.6998626373626373,0.7300824175824175,0.7060439560439561,0.6986263736263736,0.01924253956905213
140,0.47930316925048827,0.09800208352139568,0.002105569839477539,0.00020082010362908886,0.0001,"(50, 50)",25,"{'NN__alpha': 0.0001, 'NN__hidden_layer_sizes': (50, 50), 'gmm__n_components': 25}",0.6181318681318682,0.6895604395604396,0.6730769230769231,0.6648351648351648,0.6593406593406593,0.660989010989011,0.023734737435665024,76,0.7245879120879121,0.7108516483516484,0.7101648351648352,0.739010989010989,0.7019230769230769,0.7173076923076923,0.013064623914202936
141,0.4654277801513672,0.08065869947870517,0.002606821060180664,0.0004908165592392192,0.0001,"(50, 50)",30,"{'NN__alpha': 0.0001, 'NN__hidden_layer_sizes': (50, 50), 'gmm__n_components': 30}",0.6648351648351648,0.6978021978021978,0.6923076923076923,0.6868131868131868,0.6730769230769231,0.682967032967033,0.012236844753472566,34,0.7733516483516484,0.7561813186813187,0.7451923076923077,0.7870879120879121,0.7472527472527473,0.7618131868131868,0.01607436340255024
142,0.4854147434234619,0.05078111344956917,0.003509235382080078,0.0004488342664952359,0.0001,"(50, 50)",35,"{'NN__alpha': 0.0001, 'NN__hidden_layer_sizes': (50, 50), 'gmm__n_components': 35}",0.7087912087912088,0.7060439560439561,0.6923076923076923,0.6620879120879121,0.7142857142857143,0.6967032967032967,0.01876194624061966,4,0.8035714285714286,0.760989010989011,0.7815934065934066,0.771978021978022,0.7781593406593407,0.7792582417582418,0.01403251954848588
143,0.4832509994506836,0.050780445171428705,0.003809833526611328,0.0007502780715522603,0.0001,"(50, 50)",40,"{'NN__alpha': 0.0001, 'NN__hidden_layer_sizes': (50, 50), 'gmm__n_components': 40}",0.6868131868131868,0.6620879120879121,0.6923076923076923,0.6620879120879121,0.7142857142857143,0.6835164835164835,0.019764951372093362,32,0.801510989010989,0.7396978021978022,0.790521978021978,0.7960164835164835,0.7850274725274725,0.782554945054945,0.022121782570546575
144,0.09744343757629395,0.021344803630217388,0.0010027408599853516,5.091227651611e-07,0.0001,"(50,)",2,"{'NN__alpha': 0.0001, 'NN__hidden_layer_sizes': (50,), 'gmm__n_components': 2}",0.48626373626373626,0.5604395604395604,0.5247252747252747,0.5467032967032966,0.521978021978022,0.528021978021978,0.025262777873786037,163,0.5267857142857143,0.5247252747252747,0.5336538461538461,0.5212912087912088,0.5357142857142857,0.5284340659340659,0.005435812894892667
145,0.19339146614074706,0.027128140700869285,0.0014039993286132813,0.0004910889244734423,0.0001,"(50,)",5,"{'NN__alpha': 0.0001, 'NN__hidden_layer_sizes': (50,), 'gmm__n_components': 5}",0.489010989010989,0.5659340659340659,0.5054945054945055,0.5357142857142857,0.5494505494505495,0.5291208791208791,0.028209884951633932,159,0.5123626373626373,0.5556318681318682,0.5590659340659341,0.5137362637362637,0.5528846153846154,0.5387362637362638,0.02106893906235863
146,0.2567430973052979,0.028836702793705576,0.0013085365295410155,0.0003976477864247328,0.0001,"(50,)",10,"{'NN__alpha': 0.0001, 'NN__hidden_layer_sizes': (50,), 'gmm__n_components': 10}",0.5796703296703297,0.6318681318681318,0.6236263736263736,0.5961538461538461,0.5961538461538461,0.6054945054945055,0.019316918495875746,128,0.6092032967032966,0.6064560439560439,0.6037087912087912,0.6792582417582418,0.6167582417582418,0.6230769230769231,0.0284257698785667
147,0.32756719589233396,0.041505572590012745,0.0014038562774658203,0.0004910110650213808,0.0001,"(50,)",15,"{'NN__alpha': 0.0001, 'NN__hidden_layer_sizes': (50,), 'gmm__n_components': 15}",0.6456043956043956,0.6538461538461539,0.6181318681318682,0.5521978021978022,0.6236263736263736,0.6186813186813187,0.03579449994484028,110,0.6634615384615384,0.6531593406593407,0.6442307692307693,0.6366758241758241,0.6751373626373627,0.654532967032967,0.013646685941780005
148,0.39719057083129883,0.08744277680419338,0.0020052433013916016,0.0006338423388173402,0.0001,"(50,)",20,"{'NN__alpha': 0.0001, 'NN__hidden_layer_sizes': (50,), 'gmm__n_components': 20}",0.6565934065934066,0.6510989010989011,0.6675824175824175,0.6401098901098901,0.6593406593406593,0.654945054945055,0.009128158091118768,91,0.6813186813186813,0.6730769230769231,0.6758241758241759,0.7259615384615384,0.7101648351648352,0.6932692307692307,0.021019625564163244
149,0.44451379776000977,0.08713542257036172,0.0024061203002929688,0.0004913421103940411,0.0001,"(50,)",25,"{'NN__alpha': 0.0001, 'NN__hidden_layer_sizes': (50,), 'gmm__n_components': 25}",0.6428571428571429,0.6923076923076923,0.6510989010989011,0.6565934065934066,0.6456043956043956,0.6576923076923077,0.01793937111792801,85,0.7520604395604396,0.709478021978022,0.7087912087912088,0.7362637362637363,0.6978021978021978,0.720879120879121,0.0200878474642479
150,0.42945146560668945,0.08302938790692967,0.0032089710235595702,0.00040085401851452804,0.0001,"(50,)",30,"{'NN__alpha': 0.0001, 'NN__hidden_layer_sizes': (50,), 'gmm__n_components': 30}",0.6868131868131868,0.6868131868131868,0.6978021978021978,0.6813186813186813,0.6868131868131868,0.6879120879120879,0.00538349394018279,24,0.7754120879120879,0.7561813186813187,0.7465659340659341,0.7733516483516484,0.7328296703296703,0.7568681318681317,0.01612475889102111
151,0.4530228614807129,0.025839550679380673,0.0030076980590820314,0.0007092809098656768,0.0001,"(50,)",35,"{'NN__alpha': 0.0001, 'NN__hidden_layer_sizes': (50,), 'gmm__n_components': 35}",0.7032967032967034,0.6978021978021978,0.695054945054945,0.6510989010989011,0.7197802197802198,0.6934065934065934,0.022827008876748333,12,0.8056318681318682,0.7616758241758241,0.7912087912087912,0.7651098901098901,0.7788461538461539,0.7804945054945055,0.016372105173085585
152,0.4637780666351318,0.05310785148993908,0.00340886116027832,0.0004912837852380617,0.0001,"(50,)",40,"{'NN__alpha': 0.0001, 'NN__hidden_layer_sizes': (50,), 'gmm__n_components': 40}",0.6868131868131868,0.6593406593406593,0.6840659340659341,0.6565934065934066,0.7032967032967034,0.6780219780219781,0.017668060649245657,49,0.8028846153846154,0.7431318681318682,0.7918956043956044,0.7953296703296703,0.7850274725274725,0.7836538461538461,0.02106177336567574
153,0.08252167701721191,0.020065028766930892,0.0012035846710205078,0.0004011156158791422,0.0001,"(25,)",2,"{'NN__alpha': 0.0001, 'NN__hidden_layer_sizes': (25,), 'gmm__n_components': 2}",0.48626373626373626,0.5,0.5,0.5,0.5,0.49725274725274726,0.0054945054945054975,177,0.5082417582417582,0.5,0.5,0.5,0.5,0.5016483516483516,0.0032967032967032846
154,0.18562793731689453,0.020940229372219957,0.0010030746459960937,4.862803948967729e-07,0.0001,"(25,)",5,"{'NN__alpha': 0.0001, 'NN__hidden_layer_sizes': (25,), 'gmm__n_components': 5}",0.5247252747252747,0.5521978021978022,0.5384615384615384,0.5576923076923077,0.5384615384615384,0.5423076923076923,0.011603687957111478,144,0.5288461538461539,0.5336538461538461,0.5370879120879121,0.5233516483516484,0.5576923076923077,0.5361263736263735,0.011733053024210231
155,0.2709173679351807,0.02973606365986857,0.001203298568725586,0.0004012585111267829,0.0001,"(25,)",10,"{'NN__alpha': 0.0001, 'NN__hidden_layer_sizes': (25,), 'gmm__n_components': 10}",0.5851648351648352,0.6126373626373627,0.5961538461538461,0.6153846153846154,0.6071428571428571,0.6032967032967033,0.011206636293610519,136,0.635989010989011,0.6002747252747253,0.5961538461538461,0.6813186813186813,0.6318681318681318,0.6291208791208791,0.030653727478600828
156,0.2990218162536621,0.051140459814925966,0.00140380859375,0.0004913419947039255,0.0001,"(25,)",15,"{'NN__alpha': 0.0001, 'NN__hidden_layer_sizes': (25,), 'gmm__n_components': 15}",0.6346153846153846,0.6620879120879121,0.6291208791208791,0.6071428571428571,0.6428571428571429,0.6351648351648351,0.01792253453879132,101,0.6510989010989011,0.6284340659340659,0.6215659340659341,0.6421703296703297,0.6717032967032966,0.6429945054945054,0.017673399561115955
157,0.38240365982055663,0.10150329488321273,0.002005481719970703,0.0008967081252129807,0.0001,"(25,)",20,"{'NN__alpha': 0.0001, 'NN__hidden_layer_sizes': (25,), 'gmm__n_components': 20}",0.6565934065934066,0.6593406593406593,0.6758241758241759,0.6703296703296703,0.6373626373626373,0.6598901098901099,0.013278072498455591,78,0.6916208791208791,0.6277472527472527,0.6792582417582418,0.7087912087912088,0.7067307692307693,0.6828296703296703,0.029561384232627958
158,0.45341196060180666,0.10722458190391491,0.0020053863525390627,4.862803948967728e-07,0.0001,"(25,)",25,"{'NN__alpha': 0.0001, 'NN__hidden_layer_sizes': (25,), 'gmm__n_components': 25}",0.6318681318681318,0.6840659340659341,0.6043956043956044,0.6428571428571429,0.6730769230769231,0.6472527472527473,0.028687423037816757,97,0.7472527472527473,0.7074175824175825,0.6778846153846154,0.7211538461538461,0.7074175824175825,0.7122252747252749,0.022504008149749875
159,0.44206438064575193,0.09444133789505535,0.002606964111328125,0.0004911281204036359,0.0001,"(25,)",30,"{'NN__alpha': 0.0001, 'NN__hidden_layer_sizes': (25,), 'gmm__n_components': 30}",0.6620879120879121,0.7005494505494505,0.6895604395604396,0.6675824175824175,0.6840659340659341,0.6807692307692308,0.014158350249148488,41,0.7706043956043956,0.7561813186813187,0.7472527472527473,0.7603021978021978,0.7012362637362637,0.7471153846153846,0.024135987408385788
160,0.4495455265045166,0.04768085529845383,0.0033094406127929686,0.0006025076549302512,0.0001,"(25,)",35,"{'NN__alpha': 0.0001, 'NN__hidden_layer_sizes': (25,), 'gmm__n_components': 35}",0.6730769230769231,0.695054945054945,0.7032967032967034,0.6593406593406593,0.7060439560439561,0.6873626373626374,0.01817344550389147,26,0.7870879120879121,0.7458791208791209,0.7891483516483516,0.7513736263736264,0.7767857142857143,0.7700549450549451,0.01807454308124276
161,0.44589691162109374,0.04661395135389574,0.0039103031158447266,0.0006648009039665823,0.0001,"(25,)",40,"{'NN__alpha': 0.0001, 'NN__hidden_layer_sizes': (25,), 'gmm__n_components': 40}",0.6813186813186813,0.6510989010989011,0.6785714285714286,0.6428571428571429,0.7060439560439561,0.671978021978022,0.022694369701168553,61,0.8042582417582418,0.7431318681318682,0.7918956043956044,0.7781593406593407,0.7864010989010989,0.7807692307692309,0.020642821312273837
162,0.13376231193542482,0.016296422022743774,0.0010024547576904298,0.0006339175943856204,0.0001,"(25, 25)",2,"{'NN__alpha': 0.0001, 'NN__hidden_layer_sizes': (25, 25), 'gmm__n_components': 2}",0.48626373626373626,0.5604395604395604,0.5439560439560439,0.5494505494505495,0.5082417582417582,0.5296703296703297,0.027876155810913905,158,0.5267857142857143,0.5281593406593407,0.5357142857142857,0.5185439560439561,0.5412087912087912,0.5300824175824176,0.0077873833972847886
163,0.19762063026428223,0.026002382022763542,0.0010026454925537109,3.2340669551493016e-07,0.0001,"(25, 25)",5,"{'NN__alpha': 0.0001, 'NN__hidden_layer_sizes': (25, 25), 'gmm__n_components': 5}",0.521978021978022,0.5439560439560439,0.5192307692307693,0.5384615384615384,0.510989010989011,0.5269230769230769,0.01233513424211188,168,0.529532967032967,0.5089285714285714,0.5364010989010989,0.5068681318681318,0.5556318681318682,0.5274725274725275,0.0181401912299112
164,0.267484712600708,0.05378364357526585,0.0012035369873046875,0.0004019738657759919,0.0001,"(25, 25)",10,"{'NN__alpha': 0.0001, 'NN__hidden_layer_sizes': (25, 25), 'gmm__n_components': 10}",0.5961538461538461,0.6098901098901099,0.6291208791208791,0.6016483516483516,0.6043956043956044,0.6082417582417582,0.011340531560741923,124,0.5968406593406593,0.5940934065934066,0.6112637362637363,0.646978021978022,0.6195054945054945,0.6137362637362638,0.019056312294890673
165,0.35089426040649413,0.058670273943296464,0.0014038562774658203,0.0004911083468969469,0.0001,"(25, 25)",15,"{'NN__alpha': 0.0001, 'NN__hidden_layer_sizes': (25, 25), 'gmm__n_components': 15}",0.6318681318681318,0.6538461538461539,0.5412087912087912,0.5741758241758241,0.6538461538461539,0.610989010989011,0.04546184526030245,123,0.665521978021978,0.6483516483516484,0.6043956043956044,0.6627747252747253,0.676510989010989,0.651510989010989,0.0252111898511056
166,0.4168074607849121,0.11160073780242562,0.0025064945220947266,0.00044856781374533915,0.0001,"(25, 25)",20,"{'NN__alpha': 0.0001, 'NN__hidden_layer_sizes': (25, 25), 'gmm__n_components': 20}",0.6565934065934066,0.6813186813186813,0.717032967032967,0.6483516483516484,0.6181318681318682,0.6642857142857143,0.03321336540595035,70,0.6929945054945055,0.6614010989010989,0.698489010989011,0.7232142857142857,0.6826923076923077,0.6917582417582417,0.02019931477434263
167,0.47815327644348143,0.08707200375565255,0.002306079864501953,0.00040130626566054915,0.0001,"(25, 25)",25,"{'NN__alpha': 0.0001, 'NN__hidden_layer_sizes': (25, 25), 'gmm__n_components': 25}",0.6346153846153846,0.6895604395604396,0.6703296703296703,0.6538461538461539,0.6181318681318682,0.6532967032967033,0.02526277787378603,93,0.7513736263736264,0.7081043956043956,0.7039835164835165,0.7087912087912088,0.6758241758241759,0.7096153846153846,0.024167237486092886
168,0.45919113159179686,0.08551238460900129,0.003008127212524414,0.0006342194845823822,0.0001,"(25, 25)",30,"{'NN__alpha': 0.0001, 'NN__hidden_layer_sizes': (25, 25), 'gmm__n_components': 30}",0.6428571428571429,0.6318681318681318,0.6840659340659341,0.6813186813186813,0.6703296703296703,0.6620879120879121,0.0209944760159811,73,0.7506868131868132,0.7293956043956044,0.7293956043956044,0.7870879120879121,0.7465659340659341,0.7486263736263735,0.021106519057424195
169,0.4967019557952881,0.054156827379349334,0.003307056427001953,0.0004022594253389718,0.0001,"(25, 25)",35,"{'NN__alpha': 0.0001, 'NN__hidden_layer_sizes': (25, 25), 'gmm__n_components': 35}",0.6840659340659341,0.6703296703296703,0.7087912087912088,0.6565934065934066,0.7307692307692307,0.6901098901098901,0.026658262572985064,18,0.8028846153846154,0.7438186813186813,0.7918956043956044,0.7802197802197802,0.7740384615384616,0.7785714285714286,0.019998414983685046
170,0.5071704387664795,0.05364815884671524,0.003409576416015625,0.0004920634963181073,0.0001,"(25, 25)",40,"{'NN__alpha': 0.0001, 'NN__hidden_layer_sizes': (25, 25), 'gmm__n_components': 40}",0.6813186813186813,0.6593406593406593,0.6703296703296703,0.6675824175824175,0.7087912087912088,0.6774725274725275,0.017165383903091573,54,0.8035714285714286,0.7445054945054945,0.7925824175824175,0.7946428571428571,0.790521978021978,0.7851648351648353,0.02081123289388349
171,0.19175257682800292,0.028432491038072397,0.0010026454925537109,4.90933901833868e-07,0.0001,"(100, 25, 100)",2,"{'NN__alpha': 0.0001, 'NN__hidden_layer_sizes': (100, 25, 100), 'gmm__n_components': 2}",0.47802197802197804,0.5604395604395604,0.5247252747252747,0.5467032967032966,0.5027472527472527,0.5225274725274726,0.029660152914869835,174,0.5260989010989011,0.5206043956043956,0.5343406593406593,0.5212912087912088,0.5370879120879121,0.5278846153846154,0.0067237572805057
172,0.29028658866882323,0.049185008510138364,0.0014038562774658203,0.0003754516405975852,0.0001,"(100, 25, 100)",5,"{'NN__alpha': 0.0001, 'NN__hidden_layer_sizes': (100, 25, 100), 'gmm__n_components': 5}",0.5302197802197802,0.5631868131868132,0.5082417582417582,0.5659340659340659,0.5192307692307693,0.5373626373626373,0.02328529681364515,146,0.5364010989010989,0.5590659340659341,0.5597527472527473,0.5171703296703297,0.5439560439560439,0.5432692307692307,0.015811626968710617
173,0.3351431846618652,0.056943255514920216,0.0019057273864746093,0.00019982016864010762,0.0001,"(100, 25, 100)",10,"{'NN__alpha': 0.0001, 'NN__hidden_layer_sizes': (100, 25, 100), 'gmm__n_components': 10}",0.5989010989010989,0.6098901098901099,0.6483516483516484,0.6126373626373627,0.6208791208791209,0.6181318681318682,0.01666566031659682,111,0.6160714285714286,0.5975274725274725,0.6195054945054945,0.6840659340659341,0.6291208791208791,0.6292582417582417,0.02925662947629145
174,0.4476909160614014,0.09510570094866426,0.0023063182830810546,0.0004013663190622866,0.0001,"(100, 25, 100)",15,"{'NN__alpha': 0.0001, 'NN__hidden_layer_sizes': (100, 25, 100), 'gmm__n_components': 15}",0.6291208791208791,0.6428571428571429,0.6346153846153846,0.5659340659340659,0.6538461538461539,0.6252747252747253,0.03081824980742893,107,0.6641483516483516,0.6394230769230769,0.6531593406593407,0.6662087912087912,0.6813186813186813,0.6608516483516483,0.013977281150456062
175,0.5374969959259033,0.11119382538096256,0.0023057937622070314,0.00040116322872314454,0.0001,"(100, 25, 100)",20,"{'NN__alpha': 0.0001, 'NN__hidden_layer_sizes': (100, 25, 100), 'gmm__n_components': 20}",0.6510989010989011,0.6675824175824175,0.7087912087912088,0.6675824175824175,0.6620879120879121,0.6714285714285714,0.019627001208232707,62,0.6868131868131868,0.6737637362637363,0.7053571428571429,0.7355769230769231,0.6806318681318682,0.6964285714285714,0.022217106174896414
176,0.5764994621276855,0.11682337681846579,0.00220637321472168,0.00040195000624907915,0.0001,"(100, 25, 100)",25,"{'NN__alpha': 0.0001, 'NN__hidden_layer_sizes': (100, 25, 100), 'gmm__n_components': 25}",0.6620879120879121,0.6895604395604396,0.6620879120879121,0.6923076923076923,0.6840659340659341,0.6780219780219781,0.01327807249845558,49,0.7458791208791209,0.7108516483516484,0.7087912087912088,0.7396978021978022,0.7115384615384616,0.7233516483516483,0.016015564597694477
177,0.549297571182251,0.10070991644068934,0.003108501434326172,0.00020039112067213576,0.0001,"(100, 25, 100)",30,"{'NN__alpha': 0.0001, 'NN__hidden_layer_sizes': (100, 25, 100), 'gmm__n_components': 30}",0.6730769230769231,0.7032967032967034,0.7087912087912088,0.6840659340659341,0.7060439560439561,0.695054945054945,0.014008295367013148,9,0.7740384615384616,0.7554945054945055,0.7472527472527473,0.7760989010989011,0.7506868131868132,0.7607142857142858,0.012026881395520633
178,0.5757565498352051,0.05551475456996219,0.0038103103637695313,0.0006796544301414297,0.0001,"(100, 25, 100)",35,"{'NN__alpha': 0.0001, 'NN__hidden_layer_sizes': (100, 25, 100), 'gmm__n_components': 35}",0.7032967032967034,0.7087912087912088,0.7087912087912088,0.6346153846153846,0.7252747252747253,0.6961538461538461,0.031639956151402145,6,0.8056318681318682,0.7616758241758241,0.7891483516483516,0.7740384615384616,0.7788461538461539,0.7818681318681319,0.014804608335502739
179,0.576667308807373,0.06017639007956075,0.004612541198730469,0.0004916156552227586,0.0001,"(100, 25, 100)",40,"{'NN__alpha': 0.0001, 'NN__hidden_layer_sizes': (100, 25, 100), 'gmm__n_components': 40}",0.6923076923076923,0.6648351648351648,0.6978021978021978,0.6565934065934066,0.7197802197802198,0.6862637362637363,0.0229457285910122,28,0.8021978021978022,0.7451923076923077,0.790521978021978,0.7932692307692307,0.7898351648351648,0.7842032967032967,0.019997471461947185
