,mean_fit_time,std_fit_time,mean_score_time,std_score_time,param_NN__alpha,param_NN__hidden_layer_sizes,param_pca__n_components,params,split0_test_score,split1_test_score,split2_test_score,split3_test_score,split4_test_score,mean_test_score,std_test_score,rank_test_score,split0_train_score,split1_train_score,split2_train_score,split3_train_score,split4_train_score,mean_train_score,std_train_score
0,0.2975942134857178,0.2026220976848364,0.000801849365234375,0.0004009247109733448,0.1,"(50, 50)",2,"{'NN__alpha': 0.1, 'NN__hidden_layer_sizes': (50, 50), 'pca__n_components': 2}",0.708092485549133,0.5491329479768786,0.6994219653179191,0.7196531791907514,0.7034883720930233,0.6759259259259259,0.06380299569918266,160,0.7923299565846599,0.8191027496382055,0.7120115774240231,0.7344428364688856,0.6994219653179191,0.7514618170867386,0.046474969317452805
1,0.3998666286468506,0.12410191458697312,0.0014033794403076171,0.0004908170688204637,0.1,"(50, 50)",4,"{'NN__alpha': 0.1, 'NN__hidden_layer_sizes': (50, 50), 'pca__n_components': 4}",0.430635838150289,0.7658959537572254,0.8323699421965318,0.6936416184971098,0.6453488372093024,0.6736111111111112,0.13715826208957005,163,0.8871201157742402,0.9196816208393632,0.9240231548480463,0.7836468885672938,0.8049132947976878,0.8638770149653263,0.058626866524851044
2,0.619853162765503,0.13751674111600606,0.0010027408599853516,2.3360154559928684e-07,0.1,"(50, 50)",6,"{'NN__alpha': 0.1, 'NN__hidden_layer_sizes': (50, 50), 'pca__n_components': 6}",0.5982658959537572,0.7283236994219653,0.8294797687861272,0.7687861271676301,0.7877906976744186,0.7424768518518519,0.07916628044062443,101,0.9283646888567294,0.9196816208393632,0.9153400868306801,0.8958031837916064,0.880057803468208,0.9078494767573174,0.01751840791143789
3,0.5534773349761963,0.22712569160278462,0.0012022972106933594,0.0004021225571146068,0.1,"(50, 50)",8,"{'NN__alpha': 0.1, 'NN__hidden_layer_sizes': (50, 50), 'pca__n_components': 8}",0.615606936416185,0.7485549132947977,0.9161849710982659,0.884393063583815,0.8633720930232558,0.8055555555555556,0.11061458046078648,25,0.9363241678726484,0.9565846599131693,0.9616497829232996,0.8487698986975398,0.8829479768786127,0.9172552972570539,0.04415548210237439
4,0.49892988204956057,0.07538352600160243,0.0010027408599853516,3.504023183989303e-07,0.1,"(50, 50)",10,"{'NN__alpha': 0.1, 'NN__hidden_layer_sizes': (50, 50), 'pca__n_components': 10}",0.6098265895953757,0.6878612716763006,0.861271676300578,0.9075144508670521,0.9127906976744186,0.7957175925925926,0.12385465885885528,40,0.9377713458755427,0.9479015918958031,0.9667149059334298,0.9739507959479016,0.9111271676300579,0.947493161456547,0.022300887445192423
5,0.4471926212310791,0.06156780571709182,0.0012032508850097657,0.0004012825760878171,0.1,"(50, 50)",12,"{'NN__alpha': 0.1, 'NN__hidden_layer_sizes': (50, 50), 'pca__n_components': 12}",0.661849710982659,0.8641618497109826,0.8034682080924855,0.9479768786127167,0.9331395348837209,0.8420138888888888,0.10390560975891827,5,0.9855282199710564,0.9826338639652678,0.9804630969609262,0.9891461649782923,0.990606936416185,0.9856756564583454,0.00381593938663806
6,0.45501322746276857,0.06637158629869609,0.001203155517578125,0.000750469318788377,0.1,"(50, 50)",14,"{'NN__alpha': 0.1, 'NN__hidden_layer_sizes': (50, 50), 'pca__n_components': 14}",0.8063583815028902,0.8323699421965318,0.7774566473988439,0.8063583815028902,0.7936046511627907,0.8032407407407407,0.01803866732825671,27,0.9905933429811867,0.9891461649782923,0.983357452966715,0.9855282199710564,0.986271676300578,0.9869793714395657,0.0025876920590130145
7,0.4042776107788086,0.05334894495779086,0.0012052536010742187,0.0004002930904720016,0.1,"(50, 50)",16,"{'NN__alpha': 0.1, 'NN__hidden_layer_sizes': (50, 50), 'pca__n_components': 16}",0.7630057803468208,0.8786127167630058,0.7861271676300579,0.7196531791907514,0.8430232558139535,0.7980324074074074,0.05663232973480378,35,0.9876989869753979,0.9855282199710564,0.9869753979739508,0.9949348769898697,0.9819364161849711,0.9874147796190492,0.004251994067243097
8,0.41209917068481444,0.08657195650795374,0.0012032032012939454,0.0004007101449065905,0.1,"(50, 50)",18,"{'NN__alpha': 0.1, 'NN__hidden_layer_sizes': (50, 50), 'pca__n_components': 18}",0.7687861271676301,0.846820809248555,0.7890173410404624,0.7861271676300579,0.7732558139534884,0.7928240740740741,0.02806444784117378,47,0.992040520984081,0.9696092619392185,0.9782923299565847,0.9862518089725036,0.9754335260115607,0.9803254895727896,0.007940602027539755
9,0.08221955299377441,0.025038671525449637,0.0008020877838134765,0.0004010440159280357,0.1,"(50,)",2,"{'NN__alpha': 0.1, 'NN__hidden_layer_sizes': (50,), 'pca__n_components': 2}",0.6994219653179191,0.6994219653179191,0.6994219653179191,0.7456647398843931,0.7034883720930233,0.7094907407407407,0.01816825313769355,133,0.7004341534008683,0.7004341534008683,0.7004341534008683,0.7373371924746743,0.6994219653179191,0.7076123235990396,0.014867603577097011
10,0.23242015838623048,0.06637499528481054,0.0006015300750732422,0.0004911472727697004,0.1,"(50,)",4,"{'NN__alpha': 0.1, 'NN__hidden_layer_sizes': (50,), 'pca__n_components': 4}",0.49710982658959535,0.6329479768786127,0.7658959537572254,0.7312138728323699,0.6773255813953488,0.6608796296296297,0.09369707799532068,167,0.837192474674385,0.8798842257597684,0.8104196816208393,0.7626628075253257,0.791907514450867,0.8164133408062371,0.03996474682734132
11,0.2524731159210205,0.09285945417388096,0.0010026454925537109,4.156969970265077e-07,0.1,"(50,)",6,"{'NN__alpha': 0.1, 'NN__hidden_layer_sizes': (50,), 'pca__n_components': 6}",0.5433526011560693,0.6878612716763006,0.791907514450867,0.8352601156069365,0.7703488372093024,0.7256944444444444,0.1030656045940279,121,0.7807525325615051,0.9044862518089725,0.8299565846599132,0.8277858176555717,0.7904624277456648,0.8266887228863254,0.04355873295942033
12,0.2917779922485352,0.09189883998168799,0.0006017684936523438,0.000491342040979975,0.1,"(50,)",8,"{'NN__alpha': 0.1, 'NN__hidden_layer_sizes': (50,), 'pca__n_components': 8}",0.5549132947976878,0.5664739884393064,0.8497109826589595,0.8901734104046243,0.8604651162790697,0.7442129629629629,0.15061697513941208,99,0.8690303907380608,0.8010130246020261,0.8552821997105644,0.8451519536903039,0.8424855491329479,0.8425926235747806,0.02278335164718781
13,0.40086889266967773,0.10816295302445585,0.0010028362274169921,5.519789172549356e-07,0.1,"(50,)",10,"{'NN__alpha': 0.1, 'NN__hidden_layer_sizes': (50,), 'pca__n_components': 10}",0.6329479768786127,0.6705202312138728,0.8439306358381503,0.9219653179190751,0.8284883720930233,0.7795138888888888,0.10977924073721325,68,0.9225759768451519,0.9450072358900145,0.9609261939218524,0.9204052098408104,0.8569364161849711,0.92117020653656,0.03543242507764289
14,0.4610293388366699,0.07963650991902531,0.0008020877838134765,0.000750188874857085,0.1,"(50,)",12,"{'NN__alpha': 0.1, 'NN__hidden_layer_sizes': (50,), 'pca__n_components': 12}",0.653179190751445,0.8179190751445087,0.8034682080924855,0.953757225433526,0.8633720930232558,0.8182870370370371,0.09788646956362573,14,0.9457308248914617,0.9790159189580319,0.9790159189580319,0.9855282199710564,0.9544797687861272,0.9687541303129418,0.015657641494046477
15,0.3665774345397949,0.058464159547449386,0.000801849365234375,0.0004009247109733448,0.1,"(50,)",14,"{'NN__alpha': 0.1, 'NN__hidden_layer_sizes': (50,), 'pca__n_components': 14}",0.7514450867052023,0.7630057803468208,0.7196531791907514,0.7630057803468208,0.6976744186046512,0.7390046296296297,0.026013758524140236,111,0.9746743849493488,0.9580318379160637,0.9536903039073806,0.9855282199710564,0.9804913294797688,0.9704832152447237,0.01249895267464108
16,0.41069507598876953,0.0470963255678385,0.0008020877838134765,0.000401043987580314,0.1,"(50,)",16,"{'NN__alpha': 0.1, 'NN__hidden_layer_sizes': (50,), 'pca__n_components': 16}",0.7341040462427746,0.8092485549132948,0.7485549132947977,0.7716763005780347,0.6598837209302325,0.7447916666666666,0.04937132294230004,95,0.9602026049204052,0.9659913169319826,0.9761215629522432,0.9855282199710564,0.9819364161849711,0.9739560241921318,0.009538186756721143
17,0.3721923351287842,0.09321627491976696,0.0008027553558349609,0.0004013786798832314,0.1,"(50,)",18,"{'NN__alpha': 0.1, 'NN__hidden_layer_sizes': (50,), 'pca__n_components': 18}",0.7109826589595376,0.8439306358381503,0.7138728323699421,0.6069364161849711,0.6656976744186046,0.7083333333333334,0.07816428347493151,141,0.9602026049204052,0.9688856729377714,0.9283646888567294,0.9493487698986975,0.9826589595375722,0.957892139230235,0.01835456841396721
18,0.07339601516723633,0.014480137553654198,0.0006015777587890625,0.0004911862372192838,0.1,"(25,)",2,"{'NN__alpha': 0.1, 'NN__hidden_layer_sizes': (25,), 'pca__n_components': 2}",0.6994219653179191,0.6994219653179191,0.6994219653179191,0.6994219653179191,0.7034883720930233,0.7002314814814815,0.0016237319954344998,142,0.7004341534008683,0.7004341534008683,0.6997105643994211,0.7004341534008683,0.6994219653179191,0.7000869979839891,0.0004348612056591474
19,0.2368316650390625,0.09554280446174701,0.0008022785186767578,0.0004011394116711717,0.1,"(25,)",4,"{'NN__alpha': 0.1, 'NN__hidden_layer_sizes': (25,), 'pca__n_components': 4}",0.4682080924855491,0.6734104046242775,0.7572254335260116,0.7109826589595376,0.6627906976744186,0.6545138888888888,0.0989242007930954,175,0.8835021707670043,0.7170767004341534,0.8248914616497829,0.731548480463097,0.7644508670520231,0.7842939360732121,0.06194258657281583
20,0.2556814670562744,0.08764502904640545,0.0006017208099365235,0.0004913030842589632,0.1,"(25,)",6,"{'NN__alpha': 0.1, 'NN__hidden_layer_sizes': (25,), 'pca__n_components': 6}",0.5317919075144508,0.6416184971098265,0.7514450867052023,0.8208092485549133,0.7412790697674418,0.6973379629629629,0.10065895129533772,152,0.8639652677279306,0.711287988422576,0.8140376266280752,0.8154848046309696,0.7709537572254336,0.7951458889269969,0.05123296371907678
21,0.2697193145751953,0.07698271305865241,0.0008035182952880859,0.0004017667135531702,0.1,"(25,)",8,"{'NN__alpha': 0.1, 'NN__hidden_layer_sizes': (25,), 'pca__n_components': 8}",0.5780346820809249,0.661849710982659,0.838150289017341,0.869942196531792,0.8459302325581395,0.7586805555555556,0.11691985063227499,81,0.8610709117221418,0.8219971056439942,0.8813314037626628,0.8299565846599132,0.815028901734104,0.8418769815045632,0.025231659102977037
22,0.31243305206298827,0.10746397200655072,0.0008024215698242187,0.000401210813248046,0.1,"(25,)",10,"{'NN__alpha': 0.1, 'NN__hidden_layer_sizes': (25,), 'pca__n_components': 10}",0.630057803468208,0.6560693641618497,0.8179190751445087,0.8959537572254336,0.7877906976744186,0.7575231481481481,0.10031947800937545,82,0.9088277858176556,0.7945007235890015,0.9442836468885673,0.8900144717800289,0.7572254335260116,0.8589704123202531,0.07104395933118439
23,0.37179155349731446,0.1102742993592135,0.0010023117065429688,5.223489356090222e-07,0.1,"(25,)",12,"{'NN__alpha': 0.1, 'NN__hidden_layer_sizes': (25,), 'pca__n_components': 12}",0.661849710982659,0.7427745664739884,0.7601156069364162,0.9248554913294798,0.872093023255814,0.7922453703703703,0.09429564725070522,50,0.9247467438494935,0.9377713458755427,0.9565846599131693,0.9500723589001447,0.9472543352601156,0.9432858887596932,0.011070430307887782
24,0.36737961769104005,0.055234359135169595,0.001002359390258789,5.091227651611e-07,0.1,"(25,)",14,"{'NN__alpha': 0.1, 'NN__hidden_layer_sizes': (25,), 'pca__n_components': 14}",0.7138728323699421,0.7109826589595376,0.7716763005780347,0.7254335260115607,0.6715116279069767,0.71875,0.03210764797595419,125,0.9356005788712012,0.9529667149059334,0.9609261939218524,0.9319826338639653,0.8916184971098265,0.9346189237345559,0.02402358951769578
25,0.40828862190246584,0.10121839945220278,0.0010026454925537109,3.2340669551493016e-07,0.1,"(25,)",16,"{'NN__alpha': 0.1, 'NN__hidden_layer_sizes': (25,), 'pca__n_components': 16}",0.7138728323699421,0.815028901734104,0.7832369942196532,0.6820809248554913,0.5988372093023255,0.71875,0.07632331288886926,125,0.8921852387843705,0.9667149059334298,0.9507959479015919,0.9688856729377714,0.9624277456647399,0.9482019022443806,0.028696759241321403
26,0.4441846370697021,0.0406247745712342,0.0010031700134277345,8.869683855885637e-07,0.1,"(25,)",18,"{'NN__alpha': 0.1, 'NN__hidden_layer_sizes': (25,), 'pca__n_components': 18}",0.7138728323699421,0.8583815028901735,0.8063583815028902,0.7283236994219653,0.6947674418604651,0.7604166666666666,0.06198573262162878,76,0.9500723589001447,0.9688856729377714,0.9746743849493488,0.967438494934877,0.9523121387283237,0.9626766100900932,0.009710448238501068
27,0.16544647216796876,0.09258135497011596,0.000997638702392578,6.142876783442656e-06,0.1,"(25, 25)",2,"{'NN__alpha': 0.1, 'NN__hidden_layer_sizes': (25, 25), 'pca__n_components': 2}",0.6994219653179191,0.6994219653179191,0.6994219653179191,0.7427745664739884,0.7034883720930233,0.7089120370370371,0.017016316393131784,137,0.7004341534008683,0.7865412445730825,0.7004341534008683,0.7424023154848046,0.6994219653179191,0.7258467664355086,0.03448993417597945
28,0.26290068626403806,0.05673866915538641,0.0012036800384521485,0.000401425457215959,0.1,"(25, 25)",4,"{'NN__alpha': 0.1, 'NN__hidden_layer_sizes': (25, 25), 'pca__n_components': 4}",0.4277456647398844,0.6242774566473989,0.7341040462427746,0.7312138728323699,0.6773255813953488,0.6388888888888888,0.11307301015625984,178,0.8849493487698987,0.8342981186685963,0.8328509406657019,0.7575976845151954,0.7861271676300579,0.81916465204989,0.043876940410031144
29,0.37159104347229005,0.15250447309449464,0.0008024215698242187,0.00040121092659177243,0.1,"(25, 25)",6,"{'NN__alpha': 0.1, 'NN__hidden_layer_sizes': (25, 25), 'pca__n_components': 6}",0.5838150289017341,0.6734104046242775,0.8323699421965318,0.7398843930635838,0.8023255813953488,0.7262731481481481,0.08980839825963155,118,0.9261939218523878,0.7054992764109985,0.8986975397973951,0.804630969609262,0.8294797687861272,0.8329002952912342,0.07755624092146708
30,0.43395724296569826,0.16853429046188384,0.001002931594848633,0.0006342945986183186,0.1,"(25, 25)",8,"{'NN__alpha': 0.1, 'NN__hidden_layer_sizes': (25, 25), 'pca__n_components': 8}",0.5057803468208093,0.6820809248554913,0.8959537572254336,0.8786127167630058,0.8633720930232558,0.7650462962962963,0.1509171373995262,73,0.8393632416787264,0.8712011577424024,0.9609261939218524,0.8393632416787264,0.8605491329479769,0.874280593593937,0.045042066831710637
31,0.5404410839080811,0.13213865863657484,0.0010026454925537109,5.761645304486548e-07,0.1,"(25, 25)",10,"{'NN__alpha': 0.1, 'NN__hidden_layer_sizes': (25, 25), 'pca__n_components': 10}",0.5867052023121387,0.6965317919075145,0.8526011560693642,0.8901734104046243,0.8430232558139535,0.7737268518518519,0.11451389973118951,72,0.9464544138929089,0.9529667149059334,0.959479015918958,0.9486251808972503,0.8619942196531792,0.933903909053646,0.03622902456379248
32,0.483689546585083,0.0713932543628634,0.0008025646209716796,0.00040128266108041267,0.1,"(25, 25)",12,"{'NN__alpha': 0.1, 'NN__hidden_layer_sizes': (25, 25), 'pca__n_components': 12}",0.6098265895953757,0.7832369942196532,0.791907514450867,0.9393063583815029,0.9040697674418605,0.8055555555555556,0.11542049134447481,25,0.9667149059334298,0.9703328509406657,0.9710564399421129,0.9855282199710564,0.9436416184971098,0.9674548070568749,0.013531581972991624
33,0.5101610660552979,0.06617494055075086,0.000801992416381836,0.0004009962755247758,0.1,"(25, 25)",14,"{'NN__alpha': 0.1, 'NN__hidden_layer_sizes': (25, 25), 'pca__n_components': 14}",0.7514450867052023,0.7803468208092486,0.7658959537572254,0.7630057803468208,0.6337209302325582,0.7390046296296297,0.05329191465027753,111,0.9739507959479016,0.9630969609261939,0.983357452966715,0.9826338639652678,0.9783236994219653,0.9762725546456087,0.007400757646130991
34,0.46443877220153806,0.030302359577423055,0.0014035224914550782,0.0004912835538303337,0.1,"(25, 25)",16,"{'NN__alpha': 0.1, 'NN__hidden_layer_sizes': (25, 25), 'pca__n_components': 16}",0.7369942196531792,0.7716763005780347,0.7803468208092486,0.6965317919075145,0.6773255813953488,0.7326388888888888,0.04043262046155686,116,0.9819102749638206,0.9717800289435601,0.9761215629522432,0.9826338639652678,0.9732658959537572,0.9771423253557296,0.004420706354648682
35,0.4524065971374512,0.09832615750692852,0.0010027885437011719,3.015782985847835e-07,0.1,"(25, 25)",18,"{'NN__alpha': 0.1, 'NN__hidden_layer_sizes': (25, 25), 'pca__n_components': 18}",0.7745664739884393,0.8294797687861272,0.7543352601156069,0.8497109826589595,0.7587209302325582,0.7934027777777778,0.03887892917942749,46,0.9746743849493488,0.9638205499276411,0.9782923299565847,0.9848046309696092,0.9898843930635838,0.9782952577733536,0.00893653055700979
36,0.5374337196350097,0.3541346152797319,0.0014033317565917969,0.0004904681273362367,0.1,"(100, 25, 100)",2,"{'NN__alpha': 0.1, 'NN__hidden_layer_sizes': (100, 25, 100), 'pca__n_components': 2}",0.708092485549133,0.5635838150289018,0.6994219653179191,0.47109826589595377,0.7034883720930233,0.6290509259259259,0.09591320766515062,180,0.7908827785817656,0.9160636758321273,0.7004341534008683,0.7460202604920405,0.6994219653179191,0.7705645667249442,0.08020572056962243
37,0.5707222938537597,0.07754614077024824,0.0018043994903564453,0.0007502526874420834,0.1,"(100, 25, 100)",4,"{'NN__alpha': 0.1, 'NN__hidden_layer_sizes': (100, 25, 100), 'pca__n_components': 4}",0.630057803468208,0.7109826589595376,0.815028901734104,0.6011560693641619,0.6308139534883721,0.6776620370370371,0.0778670018241462,159,0.9211287988422576,0.9153400868306801,0.934876989869754,0.8176555716353111,0.809971098265896,0.8797945090887798,0.05430036379657808
38,0.8250000476837158,0.05734169261257671,0.00140380859375,0.0004911476431247484,0.1,"(100, 25, 100)",6,"{'NN__alpha': 0.1, 'NN__hidden_layer_sizes': (100, 25, 100), 'pca__n_components': 6}",0.6040462427745664,0.7398843930635838,0.8294797687861272,0.7196531791907514,0.7848837209302325,0.7355324074074074,0.07594817106331095,114,0.9363241678726484,0.9442836468885673,0.9413892908827786,0.8986975397973951,0.8930635838150289,0.9227516458512838,0.022159346924177377
39,0.6144387722015381,0.16498194655335624,0.0020050048828125,8.203816668551089e-07,0.1,"(100, 25, 100)",8,"{'NN__alpha': 0.1, 'NN__hidden_layer_sizes': (100, 25, 100), 'pca__n_components': 8}",0.6069364161849711,0.7023121387283237,0.9248554913294798,0.8554913294797688,0.8604651162790697,0.7899305555555556,0.11721141162600393,56,0.9290882778581766,0.9406657018813314,0.9630969609261939,0.8277858176555717,0.9125722543352601,0.9146418025313068,0.04643725121127079
40,0.5893717288970948,0.10485952210375905,0.0012032508850097657,0.00040080559742270805,0.1,"(100, 25, 100)",10,"{'NN__alpha': 0.1, 'NN__hidden_layer_sizes': (100, 25, 100), 'pca__n_components': 10}",0.5867052023121387,0.6965317919075145,0.9046242774566474,0.9190751445086706,0.877906976744186,0.796875,0.13222115289054756,38,0.9298118668596237,0.959479015918958,0.9761215629522432,0.9696092619392185,0.9263005780346821,0.9522644571409451,0.020495343071676598
41,0.677406644821167,0.12208539200451392,0.0018047332763671876,0.00040097266403715234,0.1,"(100, 25, 100)",12,"{'NN__alpha': 0.1, 'NN__hidden_layer_sizes': (100, 25, 100), 'pca__n_components': 12}",0.6502890173410405,0.9046242774566474,0.8208092485549133,0.9508670520231214,0.9505813953488372,0.8553240740740741,0.11303537540458782,1,0.9956584659913169,0.9992764109985528,0.9992764109985528,0.9884225759768451,0.9942196531791907,0.9953707034288917,0.004004829641794254
42,0.5478607654571533,0.09209910275269814,0.002005147933959961,4.862803948967728e-07,0.1,"(100, 25, 100)",14,"{'NN__alpha': 0.1, 'NN__hidden_layer_sizes': (100, 25, 100), 'pca__n_components': 14}",0.7572254335260116,0.791907514450867,0.7890173410404624,0.7890173410404624,0.8197674418604651,0.7893518518518519,0.019803482294237965,57,0.9949348769898697,0.9688856729377714,0.9942112879884226,1.0,0.9898843930635838,0.9895832461959294,0.0108355683839386
43,0.6591557025909424,0.08194589956120556,0.0014036178588867187,0.0004910113891719583,0.1,"(100, 25, 100)",16,"{'NN__alpha': 0.1, 'NN__hidden_layer_sizes': (100, 25, 100), 'pca__n_components': 16}",0.7658959537572254,0.9017341040462428,0.8121387283236994,0.8005780346820809,0.813953488372093,0.8188657407407407,0.04491839353273377,10,0.9978292329956585,1.0,0.9963820549927641,0.9978292329956585,0.9985549132947977,0.9981190868557759,0.0011758477073697555
44,0.6284765243530274,0.15866804923554537,0.0016040802001953125,0.0004910500217575199,0.1,"(100, 25, 100)",18,"{'NN__alpha': 0.1, 'NN__hidden_layer_sizes': (100, 25, 100), 'pca__n_components': 18}",0.7745664739884393,0.8815028901734104,0.7890173410404624,0.8034682080924855,0.813953488372093,0.8125,0.03699559869448549,20,0.9978292329956585,0.9978292329956585,0.9884225759768451,0.9978292329956585,0.9920520231213873,0.9947924596170417,0.0038923357366903943
45,0.22800831794738768,0.09702407416888303,0.0010027408599853516,2.78041453115716e-07,0.01,"(50, 50)",2,"{'NN__alpha': 0.01, 'NN__hidden_layer_sizes': (50, 50), 'pca__n_components': 2}",0.6994219653179191,0.546242774566474,0.6994219653179191,0.7167630057803468,0.7034883720930233,0.6730324074074074,0.06375970002528539,164,0.723589001447178,0.8118668596237337,0.7120115774240231,0.7337192474674384,0.6994219653179191,0.7361217302560584,0.03956851792516673
46,0.4090909004211426,0.0935296178210854,0.0012033939361572265,0.00040097238050940066,0.01,"(50, 50)",4,"{'NN__alpha': 0.01, 'NN__hidden_layer_sizes': (50, 50), 'pca__n_components': 4}",0.43352601156069365,0.7485549132947977,0.8323699421965318,0.6502890173410405,0.6540697674418605,0.6637731481481481,0.13342031294961085,165,0.886396526772793,0.9117221418234442,0.9261939218523878,0.7916063675832128,0.8085260115606936,0.8648889939185063,0.05470162886790078
47,0.5899732112884521,0.06288759154063289,0.0016042232513427735,0.0004911668919439145,0.01,"(50, 50)",6,"{'NN__alpha': 0.01, 'NN__hidden_layer_sizes': (50, 50), 'pca__n_components': 6}",0.5953757225433526,0.7312138728323699,0.8323699421965318,0.7861271676300579,0.7848837209302325,0.7459490740740741,0.08187575907259953,91,0.9341534008683068,0.9232995658465991,0.9167872648335745,0.8654124457308249,0.8815028901734104,0.9042311134905431,0.026230010276454732
48,0.4483957290649414,0.17333566210133963,0.0012031078338623046,0.0004009963322269632,0.01,"(50, 50)",8,"{'NN__alpha': 0.01, 'NN__hidden_layer_sizes': (50, 50), 'pca__n_components': 8}",0.6069364161849711,0.7167630057803468,0.9190751445086706,0.8901734104046243,0.872093023255814,0.8009259259259259,0.11979825992970064,31,0.9204052098408104,0.9384949348769899,0.9623733719247467,0.8480463096960926,0.8692196531791907,0.9077078959035662,0.04275097078522674
49,0.4397725582122803,0.04165449630970142,0.001203155517578125,0.00040097260733161803,0.01,"(50, 50)",10,"{'NN__alpha': 0.01, 'NN__hidden_layer_sizes': (50, 50), 'pca__n_components': 10}",0.6098265895953757,0.684971098265896,0.8583815028901735,0.9104046242774566,0.9011627906976745,0.7928240740740741,0.12247403195616317,47,0.9392185238784371,0.951519536903039,0.9681620839363242,0.9522431259044862,0.8930635838150289,0.940841370887463,0.025596074614581764
50,0.46203203201293946,0.0407849851794956,0.0010025978088378906,3.504023183989303e-07,0.01,"(50, 50)",12,"{'NN__alpha': 0.01, 'NN__hidden_layer_sizes': (50, 50), 'pca__n_components': 12}",0.6589595375722543,0.8670520231213873,0.8034682080924855,0.9479768786127167,0.9331395348837209,0.8420138888888888,0.10504226966064237,5,0.9862518089725036,0.9826338639652678,0.9826338639652678,0.9898697539797395,0.9920520231213873,0.9866882628008332,0.0037936421201199733
51,0.49010696411132815,0.11187834214424383,0.0010028362274169921,4.6231077741778654e-07,0.01,"(50, 50)",14,"{'NN__alpha': 0.01, 'NN__hidden_layer_sizes': (50, 50), 'pca__n_components': 14}",0.8121387283236994,0.8497109826589595,0.7803468208092486,0.8063583815028902,0.7848837209302325,0.8067129629629629,0.024701644439485686,24,0.9898697539797395,0.9934876989869754,0.983357452966715,0.9855282199710564,0.9855491329479769,0.9875584517704926,0.0036415843995694537
52,0.4048807144165039,0.05179064064774539,0.001000213623046875,3.6296047656984458e-06,0.01,"(50, 50)",16,"{'NN__alpha': 0.01, 'NN__hidden_layer_sizes': (50, 50), 'pca__n_components': 16}",0.7658959537572254,0.8786127167630058,0.7861271676300579,0.7196531791907514,0.8430232558139535,0.7986111111111112,0.05628515212429818,34,0.9869753979739508,0.9862518089725036,0.9869753979739508,0.9949348769898697,0.9819364161849711,0.9874147796190492,0.004202450322544958
53,0.41651086807250975,0.07329979915633002,0.0008020401000976562,0.0007502398314082262,0.01,"(50, 50)",18,"{'NN__alpha': 0.01, 'NN__hidden_layer_sizes': (50, 50), 'pca__n_components': 18}",0.7658959537572254,0.846820809248555,0.7890173410404624,0.7861271676300579,0.7645348837209303,0.7905092592592593,0.029913792276896296,53,0.992040520984081,0.9696092619392185,0.9790159189580319,0.9862518089725036,0.9761560693641619,0.9806147160435994,0.007821528464482499
54,0.07680263519287109,0.023546433487694706,0.0012029170989990234,0.00040073431655924917,0.01,"(50,)",2,"{'NN__alpha': 0.01, 'NN__hidden_layer_sizes': (50,), 'pca__n_components': 2}",0.6994219653179191,0.6994219653179191,0.6994219653179191,0.7456647398843931,0.7034883720930233,0.7094907407407407,0.01816825313769355,133,0.7004341534008683,0.7004341534008683,0.7004341534008683,0.7373371924746743,0.6994219653179191,0.7076123235990396,0.014867603577097011
55,0.24324841499328614,0.03910532369423825,0.0010027885437011719,0.0006342946774810514,0.01,"(50,)",4,"{'NN__alpha': 0.01, 'NN__hidden_layer_sizes': (50,), 'pca__n_components': 4}",0.49710982658959535,0.6329479768786127,0.7658959537572254,0.7369942196531792,0.6656976744186046,0.6597222222222222,0.0943296431833058,169,0.8393632416787264,0.8798842257597684,0.8104196816208393,0.7698986975397974,0.791907514450867,0.8182946722099997,0.03830829064727888
56,0.26711411476135255,0.09433112269261518,0.0012014389038085937,0.0004020838795843345,0.01,"(50,)",6,"{'NN__alpha': 0.01, 'NN__hidden_layer_sizes': (50,), 'pca__n_components': 6}",0.5433526011560693,0.6907514450867052,0.791907514450867,0.8352601156069365,0.7674418604651163,0.7256944444444444,0.10261774682398261,121,0.7807525325615051,0.9044862518089725,0.829232995658466,0.8285094066570188,0.7911849710982659,0.8268332315568456,0.0434345237768506
57,0.2837573528289795,0.09025140777270481,0.000601959228515625,0.0004914978138557591,0.01,"(50,)",8,"{'NN__alpha': 0.01, 'NN__hidden_layer_sizes': (50,), 'pca__n_components': 8}",0.5578034682080925,0.5664739884393064,0.8497109826589595,0.8901734104046243,0.8604651162790697,0.7447916666666666,0.1498923414256789,95,0.869753979739508,0.8002894356005789,0.8552821997105644,0.8444283646888567,0.8417630057803468,0.842303397103971,0.02320329405648836
58,0.4325533866882324,0.1069033678902718,0.0008021831512451172,0.0004010916145960509,0.01,"(50,)",10,"{'NN__alpha': 0.01, 'NN__hidden_layer_sizes': (50,), 'pca__n_components': 10}",0.630057803468208,0.6734104046242775,0.846820809248555,0.9132947976878613,0.8284883720930233,0.7783564814814815,0.10813710076430999,71,0.9225759768451519,0.947178002894356,0.9638205499276411,0.914616497829233,0.8576589595375722,0.9211699974067908,0.03626034485741827
59,0.45902438163757325,0.08103523272464282,0.0012032508850097657,0.00040128246276432825,0.01,"(50,)",12,"{'NN__alpha': 0.01, 'NN__hidden_layer_sizes': (50,), 'pca__n_components': 12}",0.653179190751445,0.8179190751445087,0.8034682080924855,0.953757225433526,0.8662790697674418,0.8188657407407407,0.09815951345450025,10,0.9464544138929089,0.9804630969609262,0.9797395079594791,0.9855282199710564,0.9566473988439307,0.9697665275256602,0.015348446596018438
60,0.3328878402709961,0.06046729287186235,0.00040111541748046877,0.0004912640503953003,0.01,"(50,)",14,"{'NN__alpha': 0.01, 'NN__hidden_layer_sizes': (50,), 'pca__n_components': 14}",0.7485549132947977,0.7630057803468208,0.7225433526011561,0.7745664739884393,0.688953488372093,0.7395833333333334,0.030650532424402646,105,0.9732272069464544,0.9573082489146165,0.9602026049204052,0.9551374819102749,0.9797687861271677,0.9651288657637836,0.009645395204591692
61,0.4367651462554932,0.05268257813781565,0.0010030746459960937,6.468133910298604e-07,0.01,"(50,)",16,"{'NN__alpha': 0.01, 'NN__hidden_layer_sizes': (50,), 'pca__n_components': 16}",0.7369942196531792,0.8034682080924855,0.7485549132947977,0.7716763005780347,0.6569767441860465,0.7436342592592593,0.04881526789976782,100,0.9602026049204052,0.9659913169319826,0.975397973950796,0.9855282199710564,0.9826589595375722,0.9739558150623624,0.009636691559495784
62,0.41731276512146,0.1999674153620709,0.0008023738861083985,0.00040118706703127447,0.01,"(50,)",18,"{'NN__alpha': 0.01, 'NN__hidden_layer_sizes': (50,), 'pca__n_components': 18}",0.7138728323699421,0.7427745664739884,0.7138728323699421,0.6676300578034682,0.6569767441860465,0.6990740740740741,0.03195092475090326,146,0.9602026049204052,0.8986975397973951,0.9283646888567294,0.9927641099855282,0.9841040462427746,0.9528265979605666,0.03508854243509734
63,0.06798176765441895,0.010311951750901415,0.000200653076171875,0.00040130615234375,0.01,"(25,)",2,"{'NN__alpha': 0.01, 'NN__hidden_layer_sizes': (25,), 'pca__n_components': 2}",0.6994219653179191,0.6994219653179191,0.6994219653179191,0.6994219653179191,0.7034883720930233,0.7002314814814815,0.0016237319954344998,142,0.7004341534008683,0.7004341534008683,0.6997105643994211,0.7004341534008683,0.6994219653179191,0.7000869979839891,0.0004348612056591474
64,0.26711249351501465,0.10825294902851273,0.0008018970489501953,0.000400948790298186,0.01,"(25,)",4,"{'NN__alpha': 0.01, 'NN__hidden_layer_sizes': (25,), 'pca__n_components': 4}",0.47398843930635837,0.6734104046242775,0.7716763005780347,0.7109826589595376,0.6627906976744186,0.6585648148148148,0.09990607421319674,172,0.8610709117221418,0.7170767004341534,0.874095513748191,0.731548480463097,0.7630057803468208,0.7893594773428807,0.06570259390563586
65,0.252473258972168,0.0838761245590302,0.0008022785186767578,0.00040113929830723835,0.01,"(25,)",6,"{'NN__alpha': 0.01, 'NN__hidden_layer_sizes': (25,), 'pca__n_components': 6}",0.5375722543352601,0.6416184971098265,0.7543352601156069,0.8208092485549133,0.7412790697674418,0.6990740740740741,0.0990807180459356,146,0.8632416787264834,0.7120115774240231,0.8154848046309696,0.8162083936324168,0.7543352601156069,0.7922563429059,0.05297057858266104
66,0.26971921920776365,0.10832612118853753,0.0008021831512451172,0.00040109167128476016,0.01,"(25,)",8,"{'NN__alpha': 0.01, 'NN__hidden_layer_sizes': (25,), 'pca__n_components': 8}",0.5838150289017341,0.661849710982659,0.838150289017341,0.869942196531792,0.8459302325581395,0.7598379629629629,0.11514095862046803,77,0.8603473227206947,0.8205499276410999,0.8813314037626628,0.8299565846599132,0.8143063583815029,0.8412983194331748,0.02550768134589763
67,0.3270723819732666,0.12293496747666716,0.00040121078491210936,0.0004913808743042954,0.01,"(25,)",10,"{'NN__alpha': 0.01, 'NN__hidden_layer_sizes': (25,), 'pca__n_components': 10}",0.6242774566473989,0.6560693641618497,0.8179190751445087,0.8959537572254336,0.7877906976744186,0.7563657407407407,0.10180573147242365,83,0.9204052098408104,0.7937771345875543,0.9479015918958031,0.8900144717800289,0.7572254335260116,0.8618647683260416,0.07376590047273189
68,0.39705891609191896,0.10121933485092663,0.001002931594848633,1.9073486328125e-07,0.01,"(25,)",12,"{'NN__alpha': 0.01, 'NN__hidden_layer_sizes': (25,), 'pca__n_components': 12}",0.6589595375722543,0.7283236994219653,0.7601156069364162,0.9219653179190751,0.872093023255814,0.7881944444444444,0.09593823215634041,62,0.9565846599131693,0.9319826338639653,0.9558610709117221,0.951519536903039,0.9472543352601156,0.9486404473704022,0.008977094534253006
69,0.3733958721160889,0.10178455395121512,0.0010025501251220703,0.0006340683907042513,0.01,"(25,)",14,"{'NN__alpha': 0.01, 'NN__hidden_layer_sizes': (25,), 'pca__n_components': 14}",0.7023121387283237,0.7109826589595376,0.7716763005780347,0.7254335260115607,0.6715116279069767,0.7164351851851852,0.03278540888262413,130,0.9500723589001447,0.9536903039073806,0.9609261939218524,0.9319826338639653,0.8916184971098265,0.9376579975406341,0.02491748595270981
70,0.377406644821167,0.10329313328769685,0.0010032176971435547,8.44957597096889e-07,0.01,"(25,)",16,"{'NN__alpha': 0.01, 'NN__hidden_layer_sizes': (25,), 'pca__n_components': 16}",0.7138728323699421,0.8121387283236994,0.7832369942196532,0.6820809248554913,0.5959302325581395,0.7175925925925926,0.07651547143449605,129,0.8921852387843705,0.9667149059334298,0.9507959479015919,0.9688856729377714,0.9624277456647399,0.9482019022443806,0.028696759241321403
71,0.38823566436767576,0.027278487890106635,0.0010024547576904298,3.2340669551493016e-07,0.01,"(25,)",18,"{'NN__alpha': 0.01, 'NN__hidden_layer_sizes': (25,), 'pca__n_components': 18}",0.7109826589595376,0.8554913294797688,0.7947976878612717,0.708092485549133,0.6918604651162791,0.7523148148148148,0.06288180688919973,86,0.9500723589001447,0.9688856729377714,0.967438494934877,0.967438494934877,0.9523121387283237,0.9612294320871989,0.008242831428633381
72,0.16263060569763182,0.09953655846950016,0.0006017684936523438,0.0004913419252898431,0.01,"(25, 25)",2,"{'NN__alpha': 0.01, 'NN__hidden_layer_sizes': (25, 25), 'pca__n_components': 2}",0.6994219653179191,0.6994219653179191,0.6994219653179191,0.7427745664739884,0.7034883720930233,0.7089120370370371,0.017016316393131784,137,0.7004341534008683,0.7959479015918958,0.7004341534008683,0.7424023154848046,0.6994219653179191,0.7277280978392713,0.03784291276285346
73,0.27152400016784667,0.07261329823974655,0.0010027885437011719,4.523674478771752e-07,0.01,"(25, 25)",4,"{'NN__alpha': 0.01, 'NN__hidden_layer_sizes': (25, 25), 'pca__n_components': 4}",0.430635838150289,0.6242774566473989,0.7341040462427746,0.7312138728323699,0.7063953488372093,0.6452546296296297,0.1145223722252495,176,0.8856729377713459,0.8342981186685963,0.8321273516642547,0.7575976845151954,0.7875722543352601,0.8194536693909305,0.04383733315898435
74,0.3439169406890869,0.14837546847752545,0.001203441619873047,0.00040082968390314175,0.01,"(25, 25)",6,"{'NN__alpha': 0.01, 'NN__hidden_layer_sizes': (25, 25), 'pca__n_components': 6}",0.5780346820809249,0.6763005780346821,0.8323699421965318,0.7543352601156069,0.7936046511627907,0.7268518518518519,0.09063006614380763,117,0.9232995658465991,0.7062228654124457,0.902315484804631,0.808972503617945,0.833092485549133,0.8347805810461507,0.07693187463161556
75,0.38322200775146487,0.14404099270360976,0.0010031700134277345,1.621246337890625e-06,0.01,"(25, 25)",8,"{'NN__alpha': 0.01, 'NN__hidden_layer_sizes': (25, 25), 'pca__n_components': 8}",0.5028901734104047,0.6907514450867052,0.8757225433526011,0.8757225433526011,0.8633720930232558,0.7615740740740741,0.14725571612033503,75,0.8444283646888567,0.8704775687409552,0.9442836468885673,0.8393632416787264,0.8605491329479769,0.8718203909890164,0.037903977446068826
76,0.5494664669036865,0.11678820766643976,0.0008006572723388671,0.00040033858612733306,0.01,"(25, 25)",10,"{'NN__alpha': 0.01, 'NN__hidden_layer_sizes': (25, 25), 'pca__n_components': 10}",0.5809248554913294,0.7052023121387283,0.8526011560693642,0.884393063583815,0.8837209302325582,0.78125,0.12013818578009036,66,0.9399421128798843,0.9522431259044862,0.9602026049204052,0.9536903039073806,0.8822254335260116,0.9376607162276336,0.028481595593987438
77,0.47847418785095214,0.13390896730007418,0.0008021831512451172,0.0004010917846621547,0.01,"(25, 25)",12,"{'NN__alpha': 0.01, 'NN__hidden_layer_sizes': (25, 25), 'pca__n_components': 12}",0.6040462427745664,0.7803468208092486,0.7832369942196532,0.9335260115606936,0.9040697674418605,0.8009259259259259,0.1163926586807002,31,0.9645441389290883,0.9710564399421129,0.9630969609261939,0.9869753979739508,0.9436416184971098,0.9658629112536911,0.013970578579161395
78,0.5394408702850342,0.07341093018946662,0.0010005950927734375,4.392081809871466e-06,0.01,"(25, 25)",14,"{'NN__alpha': 0.01, 'NN__hidden_layer_sizes': (25, 25), 'pca__n_components': 14}",0.7572254335260116,0.815028901734104,0.7687861271676301,0.7832369942196532,0.625,0.75,0.06526543529717763,89,0.9768451519536903,0.9746743849493488,0.984081041968162,0.9884225759768451,0.9761560693641619,0.9800358448424417,0.005304324838547171
79,0.4818849563598633,0.06220639691199486,0.0010027408599853516,4.1019083342755444e-07,0.01,"(25, 25)",16,"{'NN__alpha': 0.01, 'NN__hidden_layer_sizes': (25, 25), 'pca__n_components': 16}",0.7369942196531792,0.7947976878612717,0.7861271676300579,0.6965317919075145,0.6627906976744186,0.7355324074074074,0.05073665027762994,114,0.9811866859623734,0.9782923299565847,0.975397973950796,0.983357452966715,0.9732658959537572,0.9783000677580453,0.003678989097596349
80,0.4030749320983887,0.08289821457885552,0.0006016254425048828,0.0004912251245188774,0.01,"(25, 25)",18,"{'NN__alpha': 0.01, 'NN__hidden_layer_sizes': (25, 25), 'pca__n_components': 18}",0.7716763005780347,0.8323699421965318,0.7572254335260116,0.8554913294797688,0.7354651162790697,0.7905092592592593,0.04574258052580155,53,0.975397973950796,0.9652677279305355,0.9804630969609262,0.9855282199710564,0.9653179190751445,0.9743949875776916,0.008092920831723695
81,0.5705193042755127,0.46154657738299526,0.0014037132263183595,0.0004911278426263346,0.01,"(100, 25, 100)",2,"{'NN__alpha': 0.01, 'NN__hidden_layer_sizes': (100, 25, 100), 'pca__n_components': 2}",0.708092485549133,0.5924855491329479,0.6994219653179191,0.7283236994219653,0.7034883720930233,0.6863425925925926,0.04800267416813253,155,0.7872648335745297,0.9196816208393632,0.7004341534008683,0.7402315484804631,0.6994219653179191,0.7694068243226286,0.08174072364133306
82,0.5548806667327881,0.09248320683862418,0.001806640625,0.00039775378339790084,0.01,"(100, 25, 100)",4,"{'NN__alpha': 0.01, 'NN__hidden_layer_sizes': (100, 25, 100), 'pca__n_components': 4}",0.6213872832369942,0.7312138728323699,0.7947976878612717,0.6416184971098265,0.6482558139534884,0.6875,0.06550680606073853,154,0.9232995658465991,0.9037626628075254,0.9290882778581766,0.796671490593343,0.8143063583815029,0.8734256710974293,0.05637794177819666
83,0.9238639354705811,0.06012859255448022,0.001605081558227539,0.0004916758416684175,0.01,"(100, 25, 100)",6,"{'NN__alpha': 0.01, 'NN__hidden_layer_sizes': (100, 25, 100), 'pca__n_components': 6}",0.6127167630057804,0.7312138728323699,0.846820809248555,0.7514450867052023,0.7877906976744186,0.7459490740740741,0.07739316794902047,91,0.9435600578871202,0.9500723589001447,0.951519536903039,0.9037626628075254,0.8923410404624278,0.9282511313920514,0.02506458704868006
84,0.6188502788543702,0.19865045370468512,0.0012031078338623046,0.0004012346940638668,0.01,"(100, 25, 100)",8,"{'NN__alpha': 0.01, 'NN__hidden_layer_sizes': (100, 25, 100), 'pca__n_components': 8}",0.5953757225433526,0.7052023121387283,0.9190751445086706,0.8583815028901735,0.8546511627906976,0.7864583333333334,0.11881097893015909,64,0.9493487698986975,0.942836468885673,0.9616497829232996,0.829232995658466,0.9140173410404624,0.9194170716813197,0.047729029492604554
85,0.6739968299865723,0.1583127584545275,0.0012038230895996093,0.00040135396352582143,0.01,"(100, 25, 100)",10,"{'NN__alpha': 0.01, 'NN__hidden_layer_sizes': (100, 25, 100), 'pca__n_components': 10}",0.5867052023121387,0.7167630057803468,0.9046242774566474,0.9161849710982659,0.8546511627906976,0.7957175925925926,0.12636332517101737,40,0.9312590448625181,0.959479015918958,0.9768451519536903,0.9732272069464544,0.9385838150289018,0.9558788469421045,0.018214090922458796
86,0.6709896564483643,0.11940870175042088,0.0014037609100341797,0.0004914784762181589,0.01,"(100, 25, 100)",12,"{'NN__alpha': 0.01, 'NN__hidden_layer_sizes': (100, 25, 100), 'pca__n_components': 12}",0.6560693641618497,0.8728323699421965,0.8208092485549133,0.9450867052023122,0.9505813953488372,0.8489583333333334,0.10783684804803714,2,0.9971056439942113,0.992040520984081,0.9992764109985528,0.9891461649782923,0.9956647398843931,0.9946466961679061,0.0036211901162733584
87,0.5985960006713867,0.12827503012807903,0.00180511474609375,0.00040092496617867037,0.01,"(100, 25, 100)",14,"{'NN__alpha': 0.01, 'NN__hidden_layer_sizes': (100, 25, 100), 'pca__n_components': 14}",0.7543352601156069,0.7947976878612717,0.8092485549132948,0.7803468208092486,0.8081395348837209,0.7893518518518519,0.020426143180405552,57,0.9963820549927641,0.9732272069464544,1.0,0.9978292329956585,0.9920520231213873,0.9918981036112529,0.009690726642966399
88,0.608422327041626,0.04231941821588924,0.0016046524047851562,0.0004912251476624076,0.01,"(100, 25, 100)",16,"{'NN__alpha': 0.01, 'NN__hidden_layer_sizes': (100, 25, 100), 'pca__n_components': 16}",0.7687861271676301,0.8959537572254336,0.815028901734104,0.8034682080924855,0.8168604651162791,0.8200231481481481,0.04173658354061612,9,0.9985528219971056,0.9971056439942113,0.9971056439942113,0.9978292329956585,0.9985549132947977,0.997829651255197,0.000647665677784378
89,0.5793482303619385,0.1840688062053807,0.0012002944946289062,0.0004025589821747688,0.01,"(100, 25, 100)",18,"{'NN__alpha': 0.01, 'NN__hidden_layer_sizes': (100, 25, 100), 'pca__n_components': 18}",0.7803468208092486,0.884393063583815,0.7803468208092486,0.8179190751445087,0.8052325581395349,0.8136574074074074,0.038262031735838996,18,0.9978292329956585,0.9978292329956585,0.9905933429811867,0.9978292329956585,0.9920520231213873,0.9952266130179099,0.003220748499651243
90,0.24926481246948243,0.10616127372930956,0.0010026931762695313,6.325959759436417e-07,0.001,"(50, 50)",2,"{'NN__alpha': 0.001, 'NN__hidden_layer_sizes': (50, 50), 'pca__n_components': 2}",0.708092485549133,0.546242774566474,0.6994219653179191,0.7167630057803468,0.7034883720930233,0.6747685185185185,0.06456755114953855,161,0.7416787264833574,0.8125904486251809,0.7120115774240231,0.7337192474674384,0.6994219653179191,0.7398843930635838,0.039348446166828775
91,0.39605889320373533,0.11398749396716888,0.0010000228881835937,4.817235443253346e-06,0.001,"(50, 50)",4,"{'NN__alpha': 0.001, 'NN__hidden_layer_sizes': (50, 50), 'pca__n_components': 4}",0.430635838150289,0.7456647398843931,0.8294797687861272,0.6473988439306358,0.6540697674418605,0.6614583333333334,0.13338345440564103,166,0.8878437047756874,0.91027496382055,0.9261939218523878,0.7923299565846599,0.8092485549132948,0.8651782203893161,0.05423163891164363
92,0.6413102149963379,0.10018475154927828,0.0010030269622802734,5.223489356090222e-07,0.001,"(50, 50)",6,"{'NN__alpha': 0.001, 'NN__hidden_layer_sizes': (50, 50), 'pca__n_components': 6}",0.5924855491329479,0.7312138728323699,0.8323699421965318,0.7572254335260116,0.7848837209302325,0.7395833333333334,0.08087827711898593,105,0.9290882778581766,0.9232995658465991,0.9160636758321273,0.8979739507959479,0.8807803468208093,0.909441163430732,0.01774745879111047
93,0.46985273361206054,0.1971417552825558,0.001203298568725586,0.0007503035942030867,0.001,"(50, 50)",8,"{'NN__alpha': 0.001, 'NN__hidden_layer_sizes': (50, 50), 'pca__n_components': 8}",0.5982658959537572,0.7167630057803468,0.9190751445086706,0.8901734104046243,0.872093023255814,0.7991898148148148,0.12262641099496902,33,0.9211287988422576,0.9392185238784371,0.9616497829232996,0.8480463096960926,0.8684971098265896,0.9077081050333351,0.0428480060204853
94,0.4564188003540039,0.03669444791378045,0.0012016773223876953,0.0004020829182533039,0.001,"(50, 50)",10,"{'NN__alpha': 0.001, 'NN__hidden_layer_sizes': (50, 50), 'pca__n_components': 10}",0.6098265895953757,0.6878612716763006,0.869942196531792,0.9104046242774566,0.9011627906976745,0.7957175925925926,0.12328270866154913,40,0.9392185238784371,0.9522431259044862,0.9703328509406657,0.951519536903039,0.9010115606936416,0.9428651196640538,0.02316177998164063
95,0.4626338481903076,0.044578185135616975,0.0010024070739746093,4.672030911985737e-07,0.001,"(50, 50)",12,"{'NN__alpha': 0.001, 'NN__hidden_layer_sizes': (50, 50), 'pca__n_components': 12}",0.6589595375722543,0.8670520231213873,0.8034682080924855,0.9508670520231214,0.9273255813953488,0.8414351851851852,0.10465967962033958,8,0.9862518089725036,0.9826338639652678,0.9826338639652678,0.9898697539797395,0.986271676300578,0.9855321934366714,0.0027084955358950857
96,0.4806822299957275,0.05693773584357878,0.0010027408599853516,1.784161275279017e-07,0.001,"(50, 50)",14,"{'NN__alpha': 0.001, 'NN__hidden_layer_sizes': (50, 50), 'pca__n_components': 14}",0.8121387283236994,0.8497109826589595,0.7803468208092486,0.8063583815028902,0.7877906976744186,0.8072916666666666,0.024212668002922835,22,0.9905933429811867,0.9934876989869754,0.983357452966715,0.9855282199710564,0.9848265895953757,0.9875586609002619,0.0038366610496331
97,0.3904425621032715,0.05322625572386902,0.0010009765625,2.819394206828019e-06,0.001,"(50, 50)",16,"{'NN__alpha': 0.001, 'NN__hidden_layer_sizes': (50, 50), 'pca__n_components': 16}",0.7658959537572254,0.8757225433526011,0.7861271676300579,0.7196531791907514,0.8430232558139535,0.7980324074074074,0.05546856366221921,35,0.9876989869753979,0.9862518089725036,0.9869753979739508,0.9949348769898697,0.9819364161849711,0.9875594974193387,0.004197283525091948
98,0.44598970413208006,0.10351442072949255,0.0010024547576904298,3.2340669551493016e-07,0.001,"(50, 50)",18,"{'NN__alpha': 0.001, 'NN__hidden_layer_sizes': (50, 50), 'pca__n_components': 18}",0.7658959537572254,0.8526011560693642,0.7890173410404624,0.7861271676300579,0.7645348837209303,0.7916666666666666,0.03210196883162733,51,0.9927641099855282,0.992040520984081,0.9790159189580319,0.9862518089725036,0.9761560693641619,0.9852456856528613,0.0067102890117573
99,0.07439813613891602,0.01828494079278461,0.0008022308349609375,0.00040111544582314236,0.001,"(50,)",2,"{'NN__alpha': 0.001, 'NN__hidden_layer_sizes': (50,), 'pca__n_components': 2}",0.6994219653179191,0.6994219653179191,0.6994219653179191,0.7456647398843931,0.7034883720930233,0.7094907407407407,0.01816825313769355,133,0.7004341534008683,0.7004341534008683,0.7004341534008683,0.7373371924746743,0.6994219653179191,0.7076123235990396,0.014867603577097011
100,0.23282084465026856,0.07227184180516613,0.0012032032012939454,0.0004014254005743865,0.001,"(50,)",4,"{'NN__alpha': 0.001, 'NN__hidden_layer_sizes': (50,), 'pca__n_components': 4}",0.49710982658959535,0.6329479768786127,0.7658959537572254,0.7369942196531792,0.6656976744186046,0.6597222222222222,0.0943296431833058,169,0.8386396526772794,0.8798842257597684,0.8104196816208393,0.7698986975397974,0.791907514450867,0.8181499544097104,0.038229712413589495
101,0.25989303588867185,0.10012346656504992,0.0008018970489501953,0.00040094887536153704,0.001,"(50,)",6,"{'NN__alpha': 0.001, 'NN__hidden_layer_sizes': (50,), 'pca__n_components': 6}",0.5433526011560693,0.6936416184971098,0.791907514450867,0.8352601156069365,0.7674418604651163,0.7262731481481481,0.10242702930876,118,0.7807525325615051,0.9044862518089725,0.829232995658466,0.8285094066570188,0.7911849710982659,0.8268332315568456,0.0434345237768506
102,0.2889707565307617,0.10996466089428673,0.001203298568725586,0.0004011393833301914,0.001,"(50,)",8,"{'NN__alpha': 0.001, 'NN__hidden_layer_sizes': (50,), 'pca__n_components': 8}",0.5578034682080925,0.5664739884393064,0.8497109826589595,0.8901734104046243,0.8604651162790697,0.7447916666666666,0.1498923414256789,95,0.869753979739508,0.8002894356005789,0.8552821997105644,0.8444283646888567,0.8417630057803468,0.842303397103971,0.02320329405648836
103,0.42513389587402345,0.116531099991357,0.0008022785186767578,0.00040113932664822475,0.001,"(50,)",10,"{'NN__alpha': 0.001, 'NN__hidden_layer_sizes': (50,), 'pca__n_components': 10}",0.6329479768786127,0.6734104046242775,0.846820809248555,0.9132947976878613,0.8284883720930233,0.7789351851851852,0.10734676627336992,69,0.9225759768451519,0.947178002894356,0.9645441389290883,0.914616497829233,0.8576589595375722,0.9213147152070803,0.03643131853817091
104,0.45280776023864744,0.1064964823760259,0.0008018016815185547,0.0004009011916874516,0.001,"(50,)",12,"{'NN__alpha': 0.001, 'NN__hidden_layer_sizes': (50,), 'pca__n_components': 12}",0.653179190751445,0.8179190751445087,0.8034682080924855,0.953757225433526,0.8662790697674418,0.8188657407407407,0.09815951345450025,10,0.9464544138929089,0.9804630969609262,0.9797395079594791,0.9855282199710564,0.9566473988439307,0.9697665275256602,0.015348446596018438
105,0.32667102813720705,0.07807348575018856,0.0010026454925537109,2.431401974483864e-07,0.001,"(50,)",14,"{'NN__alpha': 0.001, 'NN__hidden_layer_sizes': (50,), 'pca__n_components': 14}",0.7485549132947977,0.7630057803468208,0.7225433526011561,0.7745664739884393,0.688953488372093,0.7395833333333334,0.030650532424402646,105,0.9732272069464544,0.9573082489146165,0.959479015918958,0.9551374819102749,0.9797687861271677,0.9649841479634944,0.009723335687173118
106,0.4397730350494385,0.07626803353816777,0.0008021831512451172,0.00040109158625169325,0.001,"(50,)",16,"{'NN__alpha': 0.001, 'NN__hidden_layer_sizes': (50,), 'pca__n_components': 16}",0.7369942196531792,0.8034682080924855,0.7601156069364162,0.7716763005780347,0.6569767441860465,0.7459490740740741,0.049265745535112475,91,0.9602026049204052,0.9659913169319826,0.9819102749638206,0.9855282199710564,0.9826589595375722,0.9752582752649674,0.01016897947910069
107,0.4297461032867432,0.2082035936487786,0.0006016254425048828,0.0004912251476624076,0.001,"(50,)",18,"{'NN__alpha': 0.001, 'NN__hidden_layer_sizes': (50,), 'pca__n_components': 18}",0.7138728323699421,0.7427745664739884,0.7138728323699421,0.6676300578034682,0.6569767441860465,0.6990740740740741,0.03195092475090326,146,0.9602026049204052,0.8986975397973951,0.9276410998552822,0.9927641099855282,0.9841040462427746,0.952681880160277,0.03519047783903033
108,0.05594902038574219,0.0031958612602107765,0.0006017684936523438,0.0004913419484278717,0.001,"(25,)",2,"{'NN__alpha': 0.001, 'NN__hidden_layer_sizes': (25,), 'pca__n_components': 2}",0.6994219653179191,0.6994219653179191,0.6994219653179191,0.6994219653179191,0.7034883720930233,0.7002314814814815,0.0016237319954344998,142,0.7004341534008683,0.7004341534008683,0.6997105643994211,0.7004341534008683,0.6994219653179191,0.7000869979839891,0.0004348612056591474
109,0.2554816722869873,0.09623446421814957,0.0010051250457763672,4.58706441261911e-06,0.001,"(25,)",4,"{'NN__alpha': 0.001, 'NN__hidden_layer_sizes': (25,), 'pca__n_components': 4}",0.47398843930635837,0.6734104046242775,0.7716763005780347,0.7109826589595376,0.6627906976744186,0.6585648148148148,0.09990607421319674,172,0.8610709117221418,0.7170767004341534,0.874095513748191,0.731548480463097,0.7630057803468208,0.7893594773428807,0.06570259390563586
110,0.25568108558654784,0.0946831029225287,0.0006016254425048828,0.0004912251245188774,0.001,"(25,)",6,"{'NN__alpha': 0.001, 'NN__hidden_layer_sizes': (25,), 'pca__n_components': 6}",0.5375722543352601,0.6416184971098265,0.7543352601156069,0.8208092485549133,0.7412790697674418,0.6990740740740741,0.0990807180459356,146,0.8567293777134588,0.7120115774240231,0.8154848046309696,0.8162083936324168,0.7543352601156069,0.7909538827032951,0.05126164897805802
111,0.2604967594146729,0.07445173994594859,0.00040116310119628904,0.0004913225028443264,0.001,"(25,)",8,"{'NN__alpha': 0.001, 'NN__hidden_layer_sizes': (25,), 'pca__n_components': 8}",0.5809248554913294,0.661849710982659,0.838150289017341,0.869942196531792,0.8459302325581395,0.7592592592592593,0.11602804943580086,79,0.8603473227206947,0.821273516642547,0.8813314037626628,0.8299565846599132,0.8143063583815029,0.841443037233464,0.02539134217349198
112,0.3268711090087891,0.12851940250941876,0.0006017208099365235,0.0004913030148393832,0.001,"(25,)",10,"{'NN__alpha': 0.001, 'NN__hidden_layer_sizes': (25,), 'pca__n_components': 10}",0.6242774566473989,0.6560693641618497,0.8179190751445087,0.8959537572254336,0.7877906976744186,0.7563657407407407,0.10180573147242365,83,0.9204052098408104,0.7937771345875543,0.9479015918958031,0.8892908827785818,0.7572254335260116,0.8617200505257522,0.07371122247795481
113,0.3764040946960449,0.14116049173136905,0.0008020401000976562,0.00040102024849468314,0.001,"(25,)",12,"{'NN__alpha': 0.001, 'NN__hidden_layer_sizes': (25,), 'pca__n_components': 12}",0.661849710982659,0.7283236994219653,0.7601156069364162,0.9219653179190751,0.872093023255814,0.7887731481481481,0.09516251681652106,59,0.9254703328509407,0.9319826338639653,0.9565846599131693,0.951519536903039,0.9472543352601156,0.942562299758246,0.01185696876885717
114,0.33950581550598147,0.06340046295242797,0.00100250244140625,5.309833872633002e-07,0.001,"(25,)",14,"{'NN__alpha': 0.001, 'NN__hidden_layer_sizes': (25,), 'pca__n_components': 14}",0.7023121387283237,0.6936416184971098,0.7716763005780347,0.7254335260115607,0.6686046511627907,0.7123842592592593,0.03478831531446764,131,0.9500723589001447,0.9341534008683068,0.9609261939218524,0.9319826338639653,0.8945086705202312,0.9343286516149002,0.022567494244356216
115,0.41931824684143065,0.07875544554640376,0.0008018970489501953,0.00040094856346249496,0.001,"(25,)",16,"{'NN__alpha': 0.001, 'NN__hidden_layer_sizes': (25,), 'pca__n_components': 16}",0.7167630057803468,0.8121387283236994,0.7832369942196532,0.6820809248554913,0.5959302325581395,0.7181712962962963,0.0764960766764412,127,0.9066570188133141,0.9667149059334298,0.9507959479015919,0.9688856729377714,0.9624277456647399,0.9510962582501694,0.023081352756887864
116,0.4116971969604492,0.0491883523227788,0.001002931594848633,4.90933901833868e-07,0.001,"(25,)",18,"{'NN__alpha': 0.001, 'NN__hidden_layer_sizes': (25,), 'pca__n_components': 18}",0.7109826589595376,0.8554913294797688,0.7947976878612717,0.7052023121387283,0.6918604651162791,0.7517361111111112,0.06329804535051443,87,0.9507959479015919,0.9688856729377714,0.967438494934877,0.967438494934877,0.9523121387283237,0.9613741498874881,0.00804976948422445
117,0.14578828811645508,0.07205449582324391,0.00040121078491210936,0.0004913809437128759,0.001,"(25, 25)",2,"{'NN__alpha': 0.001, 'NN__hidden_layer_sizes': (25, 25), 'pca__n_components': 2}",0.6994219653179191,0.6994219653179191,0.6994219653179191,0.7427745664739884,0.7034883720930233,0.7089120370370371,0.017016316393131784,137,0.7004341534008683,0.7973950795947902,0.7004341534008683,0.7424023154848046,0.6994219653179191,0.7280175334398502,0.038365500361464015
118,0.2518716812133789,0.057673503752431354,0.0006014823913574219,0.0004911083237479125,0.001,"(25, 25)",4,"{'NN__alpha': 0.001, 'NN__hidden_layer_sizes': (25, 25), 'pca__n_components': 4}",0.430635838150289,0.6242774566473989,0.7312138728323699,0.7312138728323699,0.6773255813953488,0.6388888888888888,0.11150905467198055,178,0.8849493487698987,0.8342981186685963,0.8328509406657019,0.7575976845151954,0.7803468208092486,0.8180085826857282,0.04479865101158654
119,0.3274733066558838,0.15582629795805222,0.0010025978088378906,4.6231077741778654e-07,0.001,"(25, 25)",6,"{'NN__alpha': 0.001, 'NN__hidden_layer_sizes': (25, 25), 'pca__n_components': 6}",0.5722543352601156,0.6763005780346821,0.8294797687861272,0.7369942196531792,0.7877906976744186,0.7204861111111112,0.09014194064096025,123,0.9240231548480463,0.7062228654124457,0.8994211287988423,0.8060781476121563,0.815028901734104,0.830154839681119,0.07717084261080646
120,0.432753849029541,0.13074598146342223,0.0008040428161621094,0.0007535833220742153,0.001,"(25, 25)",8,"{'NN__alpha': 0.001, 'NN__hidden_layer_sizes': (25, 25), 'pca__n_components': 8}",0.49710982658959535,0.6907514450867052,0.8728323699421965,0.8757225433526011,0.8633720930232558,0.7598379629629629,0.14884986953413992,77,0.8444283646888567,0.8712011577424024,0.9442836468885673,0.8393632416787264,0.8605491329479769,0.8719651087893059,0.037899955390938635
121,0.535829496383667,0.0801127680481721,0.001202869415283203,0.0004009964172802292,0.001,"(25, 25)",10,"{'NN__alpha': 0.001, 'NN__hidden_layer_sizes': (25, 25), 'pca__n_components': 10}",0.5809248554913294,0.7052023121387283,0.8526011560693642,0.884393063583815,0.8808139534883721,0.7806712962962963,0.1196491974443129,67,0.9384949348769899,0.9536903039073806,0.9609261939218524,0.9536903039073806,0.8815028901734104,0.9376609253574028,0.02901577213302528
122,0.4684492588043213,0.0949643942393506,0.0010026931762695313,3.8738433859996607e-07,0.001,"(25, 25)",12,"{'NN__alpha': 0.001, 'NN__hidden_layer_sizes': (25, 25), 'pca__n_components': 12}",0.6040462427745664,0.7947976878612717,0.7832369942196532,0.9219653179190751,0.9040697674418605,0.8015046296296297,0.1135011430967754,30,0.9645441389290883,0.9804630969609262,0.9630969609261939,0.967438494934877,0.9436416184971098,0.963836862049639,0.011817774775041041
123,0.513569688796997,0.06743591440439092,0.0010027408599853516,3.504023183989303e-07,0.001,"(25, 25)",14,"{'NN__alpha': 0.001, 'NN__hidden_layer_sizes': (25, 25), 'pca__n_components': 14}",0.7514450867052023,0.7716763005780347,0.7745664739884393,0.7716763005780347,0.627906976744186,0.7395833333333334,0.056289024825277395,105,0.9710564399421129,0.9630969609261939,0.984081041968162,0.9869753979739508,0.9761560693641619,0.9762731820349163,0.008675724971313109
124,0.4682504653930664,0.03982139698181628,0.0010004997253417968,3.281526667420436e-06,0.001,"(25, 25)",16,"{'NN__alpha': 0.001, 'NN__hidden_layer_sizes': (25, 25), 'pca__n_components': 16}",0.7369942196531792,0.7947976878612717,0.7890173410404624,0.7254335260115607,0.6627906976744186,0.7418981481481481,0.048060126128583056,102,0.9811866859623734,0.9782923299565847,0.975397973950796,0.9290882778581766,0.9732658959537572,0.9674462327363376,0.01936424153179703
125,0.4399734973907471,0.08212755841877757,0.0006014823913574219,0.0004911084394930737,0.001,"(25, 25)",18,"{'NN__alpha': 0.001, 'NN__hidden_layer_sizes': (25, 25), 'pca__n_components': 18}",0.7716763005780347,0.8323699421965318,0.7572254335260116,0.8554913294797688,0.7587209302325582,0.7951388888888888,0.040852760218066136,43,0.975397973950796,0.9667149059334298,0.9804630969609262,0.9848046309696092,0.990606936416185,0.9795975088461892,0.008156818131563694
126,0.573730182647705,0.39382319751669187,0.001203775405883789,0.00040102041859105215,0.001,"(100, 25, 100)",2,"{'NN__alpha': 0.001, 'NN__hidden_layer_sizes': (100, 25, 100), 'pca__n_components': 2}",0.7138728323699421,0.569364161849711,0.6994219653179191,0.7283236994219653,0.7034883720930233,0.6828703703703703,0.057665654848797626,156,0.7872648335745297,0.9211287988422576,0.7004341534008683,0.7395079594790159,0.6994219653179191,0.7695515421229182,0.08232546783747355
127,0.5260041236877442,0.0721468568815482,0.0012028217315673828,0.0004011491041690034,0.001,"(100, 25, 100)",4,"{'NN__alpha': 0.001, 'NN__hidden_layer_sizes': (100, 25, 100), 'pca__n_components': 4}",0.630057803468208,0.7341040462427746,0.7976878612716763,0.6445086705202312,0.6482558139534884,0.6909722222222222,0.06474006661356624,153,0.9232995658465991,0.9037626628075254,0.926917510853835,0.7981186685962374,0.815028901734104,0.8734254619676601,0.055408379621793576
128,0.8324202537536621,0.12525418544684117,0.0014040470123291016,0.0004912449905239611,0.001,"(100, 25, 100)",6,"{'NN__alpha': 0.001, 'NN__hidden_layer_sizes': (100, 25, 100), 'pca__n_components': 6}",0.5953757225433526,0.7283236994219653,0.8757225433526011,0.7485549132947977,0.7877906976744186,0.7471064814814815,0.09122823102407564,90,0.9464544138929089,0.947178002894356,0.9587554269175108,0.8914616497829233,0.8923410404624278,0.9272381067900254,0.029182074969391732
129,0.6423130512237549,0.17752773449823234,0.0014037132263183595,0.0004909331746953806,0.001,"(100, 25, 100)",8,"{'NN__alpha': 0.001, 'NN__hidden_layer_sizes': (100, 25, 100), 'pca__n_components': 8}",0.6011560693641619,0.7052023121387283,0.9190751445086706,0.861271676300578,0.8575581395348837,0.7887731481481481,0.11764601919340144,59,0.9312590448625181,0.942836468885673,0.9623733719247467,0.8285094066570188,0.9125722543352601,0.9155101093330433,0.046408356005271545
130,0.643516206741333,0.0959502297190767,0.0018047809600830079,0.0007503547975017882,0.001,"(100, 25, 100)",10,"{'NN__alpha': 0.001, 'NN__hidden_layer_sizes': (100, 25, 100), 'pca__n_components': 10}",0.5867052023121387,0.7283236994219653,0.9046242774566474,0.9132947976878613,0.8808139534883721,0.8026620370370371,0.12725208689440745,28,0.9312590448625181,0.9681620839363242,0.9768451519536903,0.9732272069464544,0.9255780346820809,0.9550143044762136,0.02196345219410692
131,0.6693842887878418,0.10477586886305662,0.0020052433013916016,0.0006339929844760178,0.001,"(100, 25, 100)",12,"{'NN__alpha': 0.001, 'NN__hidden_layer_sizes': (100, 25, 100), 'pca__n_components': 12}",0.653179190751445,0.8757225433526011,0.8208092485549133,0.930635838150289,0.9505813953488372,0.8460648148148148,0.1065840371128915,4,0.9971056439942113,0.992040520984081,0.9992764109985528,0.9971056439942113,0.994942196531792,0.9960940833005696,0.0024467092280421937
132,0.6080216407775879,0.09967573011852515,0.001604461669921875,0.0004914587954583951,0.001,"(100, 25, 100)",14,"{'NN__alpha': 0.001, 'NN__hidden_layer_sizes': (100, 25, 100), 'pca__n_components': 14}",0.7572254335260116,0.7976878612716763,0.8092485549132948,0.791907514450867,0.8081395348837209,0.7928240740740741,0.018956835201044218,47,0.9963820549927641,0.9725036179450073,1.0,1.0,0.9920520231213873,0.9921875392118318,0.010267795974006665
133,0.6046123027801513,0.045064923915698704,0.0016041278839111328,0.000491672997615426,0.001,"(100, 25, 100)",16,"{'NN__alpha': 0.001, 'NN__hidden_layer_sizes': (100, 25, 100), 'pca__n_components': 16}",0.7572254335260116,0.8959537572254336,0.8179190751445087,0.8005780346820809,0.8197674418604651,0.8182870370370371,0.044918202604721014,14,0.9927641099855282,0.9971056439942113,0.9971056439942113,0.9978292329956585,0.9985549132947977,0.9966719088528814,0.002026437723349383
134,0.6010025024414063,0.11365331995970505,0.0016045093536376954,0.0004913034082168732,0.001,"(100, 25, 100)",18,"{'NN__alpha': 0.001, 'NN__hidden_layer_sizes': (100, 25, 100), 'pca__n_components': 18}",0.7832369942196532,0.8872832369942196,0.7803468208092486,0.8179190751445087,0.8023255813953488,0.8142361111111112,0.03900951930749128,17,0.9978292329956585,0.9978292329956585,0.9898697539797395,0.9978292329956585,0.9920520231213873,0.9950818952176205,0.0034348256375850133
135,0.24304804801940919,0.08742665441628363,0.00100250244140625,4.6231077741778654e-07,0.0001,"(50, 50)",2,"{'NN__alpha': 0.0001, 'NN__hidden_layer_sizes': (50, 50), 'pca__n_components': 2}",0.708092485549133,0.546242774566474,0.6994219653179191,0.7167630057803468,0.7034883720930233,0.6747685185185185,0.06456755114953855,161,0.7424023154848046,0.8125904486251809,0.7120115774240231,0.7329956584659914,0.6994219653179191,0.7398843930635838,0.0393803682658034
136,0.42172489166259763,0.10092388631356,0.0012032032012939454,0.00040130635064812754,0.0001,"(50, 50)",4,"{'NN__alpha': 0.0001, 'NN__hidden_layer_sizes': (50, 50), 'pca__n_components': 4}",0.43352601156069365,0.7456647398843931,0.8294797687861272,0.6473988439306358,0.6482558139534884,0.6608796296296297,0.13247324323862705,167,0.886396526772793,0.91027496382055,0.9261939218523878,0.7901591895803184,0.8078034682080925,0.8641656140468283,0.05499352495025257
137,0.5891716003417968,0.059042690754550986,0.0010024547576904298,5.352483825837052e-07,0.0001,"(50, 50)",6,"{'NN__alpha': 0.0001, 'NN__hidden_layer_sizes': (50, 50), 'pca__n_components': 6}",0.5895953757225434,0.7312138728323699,0.8323699421965318,0.7687861271676301,0.7848837209302325,0.7413194444444444,0.08257507796993663,104,0.9283646888567294,0.9232995658465991,0.9167872648335745,0.874095513748191,0.8807803468208093,0.9046654760211806,0.022631136723324875
138,0.5482622623443604,0.24642123717235198,0.0014039993286132813,0.0008025409119187363,0.0001,"(50, 50)",8,"{'NN__alpha': 0.0001, 'NN__hidden_layer_sizes': (50, 50), 'pca__n_components': 8}",0.6098265895953757,0.7630057803468208,0.930635838150289,0.8901734104046243,0.872093023255814,0.8130787037037037,0.11586384235066985,19,0.9204052098408104,0.9616497829232996,0.967438494934877,0.8480463096960926,0.8677745664739884,0.9130628727738136,0.048269017389684664
139,0.44899711608886717,0.06270482600932528,0.0010030269622802734,4.264961199760036e-07,0.0001,"(50, 50)",10,"{'NN__alpha': 0.0001, 'NN__hidden_layer_sizes': (50, 50), 'pca__n_components': 10}",0.6098265895953757,0.6878612716763006,0.8583815028901735,0.9104046242774566,0.8866279069767442,0.7905092592592593,0.11952602079247518,53,0.9392185238784371,0.951519536903039,0.9688856729377714,0.951519536903039,0.9190751445086706,0.9460436830261914,0.01646579072893298
140,0.46744661331176757,0.06869120410477002,0.001203298568725586,0.00040102019179587744,0.0001,"(50, 50)",12,"{'NN__alpha': 0.0001, 'NN__hidden_layer_sizes': (50, 50), 'pca__n_components': 12}",0.6589595375722543,0.8670520231213873,0.8034682080924855,0.9479768786127167,0.9331395348837209,0.8420138888888888,0.10504226966064237,5,0.9862518089725036,0.983357452966715,0.9826338639652678,0.9898697539797395,0.9920520231213873,0.9868329806011227,0.0036471915415114443
141,0.4822863578796387,0.09762336410820997,0.0010026931762695313,4.156969970265077e-07,0.0001,"(50, 50)",14,"{'NN__alpha': 0.0001, 'NN__hidden_layer_sizes': (50, 50), 'pca__n_components': 14}",0.8121387283236994,0.8497109826589595,0.7803468208092486,0.8063583815028902,0.7877906976744186,0.8072916666666666,0.024212668002922835,22,0.9898697539797395,0.9934876989869754,0.983357452966715,0.9855282199710564,0.9848265895953757,0.9874139430999724,0.003731674683837775
142,0.41370363235473634,0.029788974250900012,0.0014035224914550782,0.0004912836232526636,0.0001,"(50, 50)",16,"{'NN__alpha': 0.0001, 'NN__hidden_layer_sizes': (50, 50), 'pca__n_components': 16}",0.7658959537572254,0.8757225433526011,0.7861271676300579,0.7196531791907514,0.8430232558139535,0.7980324074074074,0.05546856366221921,35,0.9876989869753979,0.9862518089725036,0.9869753979739508,0.9949348769898697,0.9819364161849711,0.9875594974193387,0.004197283525091948
143,0.45741972923278806,0.11054423207362767,0.000801992416381836,0.0004009964172802292,0.0001,"(50, 50)",18,"{'NN__alpha': 0.0001, 'NN__hidden_layer_sizes': (50, 50), 'pca__n_components': 18}",0.7658959537572254,0.8497109826589595,0.7890173410404624,0.7861271676300579,0.7645348837209303,0.7910879629629629,0.03100561287163614,52,0.9927641099855282,0.9913169319826338,0.9790159189580319,0.9862518089725036,0.9761560693641619,0.9851009678525718,0.0065684917860393995
144,0.07379670143127441,0.01835307749619783,0.0006013870239257813,0.000491030518307815,0.0001,"(50,)",2,"{'NN__alpha': 0.0001, 'NN__hidden_layer_sizes': (50,), 'pca__n_components': 2}",0.6994219653179191,0.6994219653179191,0.6994219653179191,0.7456647398843931,0.7034883720930233,0.7094907407407407,0.01816825313769355,133,0.7004341534008683,0.7004341534008683,0.7004341534008683,0.7373371924746743,0.6994219653179191,0.7076123235990396,0.014867603577097011
145,0.23021440505981444,0.05268602418575604,0.00100250244140625,3.814697265625e-07,0.0001,"(50,)",4,"{'NN__alpha': 0.0001, 'NN__hidden_layer_sizes': (50,), 'pca__n_components': 4}",0.49710982658959535,0.6329479768786127,0.7658959537572254,0.7369942196531792,0.6656976744186046,0.6597222222222222,0.0943296431833058,169,0.8386396526772794,0.8798842257597684,0.8104196816208393,0.7698986975397974,0.791907514450867,0.8181499544097104,0.038229712413589495
146,0.2677138328552246,0.14887838156414143,0.0010024070739746093,2.86102294921875e-07,0.0001,"(50,)",6,"{'NN__alpha': 0.0001, 'NN__hidden_layer_sizes': (50,), 'pca__n_components': 6}",0.5433526011560693,0.6936416184971098,0.791907514450867,0.8352601156069365,0.7674418604651163,0.7262731481481481,0.10242702930876,118,0.7807525325615051,0.9052098408104197,0.829232995658466,0.8285094066570188,0.7911849710982659,0.8269779493571351,0.043693445472314504
147,0.2785430908203125,0.09629311834425232,0.000801849365234375,0.0004009247393295001,0.0001,"(50,)",8,"{'NN__alpha': 0.0001, 'NN__hidden_layer_sizes': (50,), 'pca__n_components': 8}",0.5578034682080925,0.5664739884393064,0.8497109826589595,0.8901734104046243,0.8604651162790697,0.7447916666666666,0.1498923414256789,95,0.869753979739508,0.8002894356005789,0.8552821997105644,0.8444283646888567,0.8417630057803468,0.842303397103971,0.02320329405648836
148,0.4245321273803711,0.11477985469113315,0.0008023262023925781,0.000401163285401734,0.0001,"(50,)",10,"{'NN__alpha': 0.0001, 'NN__hidden_layer_sizes': (50,), 'pca__n_components': 10}",0.6329479768786127,0.6734104046242775,0.846820809248555,0.9132947976878613,0.8284883720930233,0.7789351851851852,0.10734676627336992,69,0.9225759768451519,0.947178002894356,0.9645441389290883,0.914616497829233,0.8576589595375722,0.9213147152070803,0.03643131853817091
149,0.4720589637756348,0.07974765220253449,0.0010026454925537109,3.2340669551493016e-07,0.0001,"(50,)",12,"{'NN__alpha': 0.0001, 'NN__hidden_layer_sizes': (50,), 'pca__n_components': 12}",0.653179190751445,0.8179190751445087,0.8034682080924855,0.953757225433526,0.8662790697674418,0.8188657407407407,0.09815951345450025,10,0.9464544138929089,0.9804630969609262,0.9797395079594791,0.9855282199710564,0.9566473988439307,0.9697665275256602,0.015348446596018438
150,0.3270717144012451,0.050303705714160714,0.0008023262023925781,0.00040116317204454713,0.0001,"(50,)",14,"{'NN__alpha': 0.0001, 'NN__hidden_layer_sizes': (50,), 'pca__n_components': 14}",0.7485549132947977,0.7630057803468208,0.7225433526011561,0.7745664739884393,0.688953488372093,0.7395833333333334,0.030650532424402646,105,0.9732272069464544,0.9573082489146165,0.959479015918958,0.9551374819102749,0.9797687861271677,0.9649841479634944,0.009723335687173118
151,0.4331550598144531,0.05296907643732132,0.00080413818359375,0.0004020896475222517,0.0001,"(50,)",16,"{'NN__alpha': 0.0001, 'NN__hidden_layer_sizes': (50,), 'pca__n_components': 16}",0.7341040462427746,0.8034682080924855,0.7601156069364162,0.7716763005780347,0.6569767441860465,0.7453703703703703,0.04938436750683075,94,0.9602026049204052,0.9659913169319826,0.9819102749638206,0.9855282199710564,0.9826589595375722,0.9752582752649674,0.01016897947910069
152,0.4367626667022705,0.19929539581654546,0.0010028362274169921,3.1629798797182086e-07,0.0001,"(50,)",18,"{'NN__alpha': 0.0001, 'NN__hidden_layer_sizes': (50,), 'pca__n_components': 18}",0.7138728323699421,0.7427745664739884,0.7138728323699421,0.6676300578034682,0.6569767441860465,0.6990740740740741,0.03195092475090326,146,0.9602026049204052,0.8986975397973951,0.9276410998552822,0.9927641099855282,0.9841040462427746,0.952681880160277,0.03519047783903033
153,0.05955848693847656,0.004728241812056716,0.0006016731262207031,0.0004912641198203862,0.0001,"(25,)",2,"{'NN__alpha': 0.0001, 'NN__hidden_layer_sizes': (25,), 'pca__n_components': 2}",0.6994219653179191,0.6994219653179191,0.6994219653179191,0.6994219653179191,0.7034883720930233,0.7002314814814815,0.0016237319954344998,142,0.7004341534008683,0.7004341534008683,0.6997105643994211,0.7004341534008683,0.6994219653179191,0.7000869979839891,0.0004348612056591474
154,0.27413115501403806,0.13546813582788086,0.0004009723663330078,0.0004910888550235889,0.0001,"(25,)",4,"{'NN__alpha': 0.0001, 'NN__hidden_layer_sizes': (25,), 'pca__n_components': 4}",0.47398843930635837,0.6734104046242775,0.7716763005780347,0.7109826589595376,0.6627906976744186,0.6585648148148148,0.09990607421319674,172,0.8610709117221418,0.7170767004341534,0.874095513748191,0.731548480463097,0.7630057803468208,0.7893594773428807,0.06570259390563586
155,0.253676700592041,0.09351478996330645,0.000801849365234375,0.000400925448232731,0.0001,"(25,)",6,"{'NN__alpha': 0.0001, 'NN__hidden_layer_sizes': (25,), 'pca__n_components': 6}",0.5375722543352601,0.6416184971098265,0.7543352601156069,0.8208092485549133,0.7412790697674418,0.6990740740740741,0.0990807180459356,146,0.8625180897250362,0.7120115774240231,0.8154848046309696,0.8162083936324168,0.7543352601156069,0.7921116251056105,0.05277708105838392
156,0.2849597454071045,0.06677963383951799,0.0006012916564941406,0.0004909526820121308,0.0001,"(25,)",8,"{'NN__alpha': 0.0001, 'NN__hidden_layer_sizes': (25,), 'pca__n_components': 8}",0.5809248554913294,0.661849710982659,0.838150289017341,0.869942196531792,0.8459302325581395,0.7592592592592593,0.11602804943580086,79,0.8603473227206947,0.821273516642547,0.8813314037626628,0.8299565846599132,0.8143063583815029,0.841443037233464,0.02539134217349198
157,0.31664390563964845,0.11645008114000736,0.0008021831512451172,0.0004010916145960509,0.0001,"(25,)",10,"{'NN__alpha': 0.0001, 'NN__hidden_layer_sizes': (25,), 'pca__n_components': 10}",0.6242774566473989,0.6560693641618497,0.8179190751445087,0.8959537572254336,0.7877906976744186,0.7563657407407407,0.10180573147242365,83,0.9204052098408104,0.7937771345875543,0.9479015918958031,0.8892908827785818,0.7572254335260116,0.8617200505257522,0.07371122247795481
158,0.38703193664550783,0.1087759378241033,0.0010024547576904298,5.761645304486548e-07,0.0001,"(25,)",12,"{'NN__alpha': 0.0001, 'NN__hidden_layer_sizes': (25,), 'pca__n_components': 12}",0.661849710982659,0.7283236994219653,0.7601156069364162,0.9219653179190751,0.872093023255814,0.7887731481481481,0.09516251681652106,59,0.9254703328509407,0.9319826338639653,0.9565846599131693,0.951519536903039,0.9472543352601156,0.942562299758246,0.01185696876885717
159,0.35996041297912595,0.06183502587701467,0.0008018970489501953,0.00040094862017142976,0.0001,"(25,)",14,"{'NN__alpha': 0.0001, 'NN__hidden_layer_sizes': (25,), 'pca__n_components': 14}",0.7023121387283237,0.6936416184971098,0.7716763005780347,0.7254335260115607,0.6686046511627907,0.7123842592592593,0.03478831531446764,131,0.9500723589001447,0.9341534008683068,0.9609261939218524,0.9319826338639653,0.8945086705202312,0.9343286516149002,0.022567494244356216
160,0.40367774963378905,0.06826651278594871,0.001001453399658203,2.2497417663737198e-06,0.0001,"(25,)",16,"{'NN__alpha': 0.0001, 'NN__hidden_layer_sizes': (25,), 'pca__n_components': 16}",0.7167630057803468,0.8121387283236994,0.7832369942196532,0.6820809248554913,0.5959302325581395,0.7181712962962963,0.0764960766764412,127,0.9066570188133141,0.9667149059334298,0.9507959479015919,0.9688856729377714,0.9624277456647399,0.9510962582501694,0.023081352756887864
161,0.41610989570617674,0.03534778952506055,0.0008021354675292969,0.0004010678046297531,0.0001,"(25,)",18,"{'NN__alpha': 0.0001, 'NN__hidden_layer_sizes': (25,), 'pca__n_components': 18}",0.7109826589595376,0.8554913294797688,0.7947976878612717,0.7052023121387283,0.6918604651162791,0.7517361111111112,0.06329804535051443,87,0.9507959479015919,0.9688856729377714,0.967438494934877,0.967438494934877,0.9523121387283237,0.9613741498874881,0.00804976948422445
162,0.16082868576049805,0.08246248398256968,0.0010053634643554688,5.389314733908057e-06,0.0001,"(25, 25)",2,"{'NN__alpha': 0.0001, 'NN__hidden_layer_sizes': (25, 25), 'pca__n_components': 2}",0.6994219653179191,0.6994219653179191,0.6994219653179191,0.7427745664739884,0.7034883720930233,0.7089120370370371,0.017016316393131784,137,0.7004341534008683,0.7952243125904487,0.7004341534008683,0.7424023154848046,0.6994219653179191,0.7275833800389818,0.03758223755277629
163,0.26811561584472654,0.049862752424749614,0.0010024070739746093,3.2340669551493016e-07,0.0001,"(25, 25)",4,"{'NN__alpha': 0.0001, 'NN__hidden_layer_sizes': (25, 25), 'pca__n_components': 4}",0.430635838150289,0.6242774566473989,0.7341040462427746,0.7312138728323699,0.6802325581395349,0.6400462962962963,0.11219460346703661,177,0.8849493487698987,0.8342981186685963,0.8314037626628076,0.7575976845151954,0.7817919075144508,0.8180081644261896,0.044467898916968715
164,0.3513371467590332,0.14667961833841606,0.0008023262023925781,0.0007505074442331176,0.0001,"(25, 25)",6,"{'NN__alpha': 0.0001, 'NN__hidden_layer_sizes': (25, 25), 'pca__n_components': 6}",0.5606936416184971,0.6763005780346821,0.8294797687861272,0.7543352601156069,0.7819767441860465,0.7204861111111112,0.09415079179920538,123,0.914616497829233,0.7069464544138929,0.9001447178002895,0.8096960926193922,0.8135838150289018,0.828997515538342,0.0746982237137206
165,0.45040063858032225,0.13325723305611173,0.000801992416381836,0.0004009962188225805,0.0001,"(25, 25)",8,"{'NN__alpha': 0.0001, 'NN__hidden_layer_sizes': (25, 25), 'pca__n_components': 8}",0.5057803468208093,0.6907514450867052,0.8757225433526011,0.8757225433526011,0.8633720930232558,0.7621527777777778,0.14624014812419942,74,0.8444283646888567,0.8712011577424024,0.9442836468885673,0.8386396526772794,0.8605491329479769,0.8718203909890164,0.03802534066368325
166,0.567112398147583,0.09197898509328499,0.0010027885437011719,5.001110306597479e-07,0.0001,"(25, 25)",10,"{'NN__alpha': 0.0001, 'NN__hidden_layer_sizes': (25, 25), 'pca__n_components': 10}",0.5809248554913294,0.7052023121387283,0.8526011560693642,0.8872832369942196,0.8837209302325582,0.7818287037037037,0.12063954527610908,65,0.9399421128798843,0.9536903039073806,0.9602026049204052,0.9493487698986975,0.8822254335260116,0.9370818450264758,0.028207427763600423
167,0.47867631912231445,0.09278437020811917,0.0010027408599853516,3.1629798797182086e-07,0.0001,"(25, 25)",12,"{'NN__alpha': 0.0001, 'NN__hidden_layer_sizes': (25, 25), 'pca__n_components': 12}",0.6069364161849711,0.7947976878612717,0.7832369942196532,0.9219653179190751,0.9040697674418605,0.8020833333333334,0.11249581032533694,29,0.9645441389290883,0.9804630969609262,0.9630969609261939,0.9681620839363242,0.9436416184971098,0.9639815798499285,0.011865328245677922
168,0.5398426532745362,0.07678440056426393,0.0009996414184570313,5.346958570087485e-06,0.0001,"(25, 25)",14,"{'NN__alpha': 0.0001, 'NN__hidden_layer_sizes': (25, 25), 'pca__n_components': 14}",0.7514450867052023,0.7687861271676301,0.7774566473988439,0.7716763005780347,0.625,0.7390046296296297,0.05749562552567625,111,0.9710564399421129,0.9630969609261939,0.9855282199710564,0.9869753979739508,0.976878612716763,0.9767071263060154,0.008949249824787656
169,0.47125658988952634,0.08014855255261043,0.0008021354675292969,0.00040106774793767036,0.0001,"(25, 25)",16,"{'NN__alpha': 0.0001, 'NN__hidden_layer_sizes': (25, 25), 'pca__n_components': 16}",0.7369942196531792,0.7947976878612717,0.7890173410404624,0.7254335260115607,0.6627906976744186,0.7418981481481481,0.048060126128583056,102,0.984081041968162,0.9782923299565847,0.975397973950796,0.9305354558610709,0.9732658959537572,0.9683145395380741,0.019235846939618537
170,0.45441150665283203,0.08145610153661795,0.0008023738861083985,0.0004011872087193135,0.0001,"(25, 25)",18,"{'NN__alpha': 0.0001, 'NN__hidden_layer_sizes': (25, 25), 'pca__n_components': 18}",0.7716763005780347,0.8323699421965318,0.7572254335260116,0.8554913294797688,0.7587209302325582,0.7951388888888888,0.040852760218066136,43,0.975397973950796,0.9659913169319826,0.9804630969609262,0.9855282199710564,0.990606936416185,0.9795975088461892,0.008484039419920547
171,0.5288101673126221,0.377969179019193,0.0012033462524414062,0.0004012346657296167,0.0001,"(100, 25, 100)",2,"{'NN__alpha': 0.0001, 'NN__hidden_layer_sizes': (100, 25, 100), 'pca__n_components': 2}",0.7138728323699421,0.5924855491329479,0.6994219653179191,0.6965317919075145,0.7034883720930233,0.6811342592592593,0.04474443583916729,158,0.7829232995658466,0.9196816208393632,0.7004341534008683,0.743849493487699,0.6994219653179191,0.7692621065223393,0.08133067298176558
172,0.5673131465911865,0.0964373363524492,0.0014039039611816405,0.0004913616523774501,0.0001,"(100, 25, 100)",4,"{'NN__alpha': 0.0001, 'NN__hidden_layer_sizes': (100, 25, 100), 'pca__n_components': 4}",0.6358381502890174,0.7312138728323699,0.7976878612716763,0.5953757225433526,0.6482558139534884,0.6817129629629629,0.07294216850218443,157,0.9225759768451519,0.9044862518089725,0.926917510853835,0.8125904486251809,0.8121387283236994,0.8757417832913678,0.05229164544950126
173,0.8905750274658203,0.1498041785081411,0.0016045093536376954,0.0004914006090824158,0.0001,"(100, 25, 100)",6,"{'NN__alpha': 0.0001, 'NN__hidden_layer_sizes': (100, 25, 100), 'pca__n_components': 6}",0.5982658959537572,0.7225433526011561,0.8439306358381503,0.7514450867052023,0.7819767441860465,0.7395833333333334,0.08138198328279747,105,0.9421128798842258,0.9464544138929089,0.9406657018813314,0.9044862518089725,0.8923410404624278,0.9252120575859732,0.022296876057769834
174,0.6274733543395996,0.23158021493504258,0.001403665542602539,0.000491069459610197,0.0001,"(100, 25, 100)",8,"{'NN__alpha': 0.0001, 'NN__hidden_layer_sizes': (100, 25, 100), 'pca__n_components': 8}",0.5924855491329479,0.7052023121387283,0.9190751445086706,0.861271676300578,0.8633720930232558,0.7881944444444444,0.12113094460436151,62,0.9507959479015919,0.942836468885673,0.9638205499276411,0.829232995658466,0.9096820809248555,0.9192736086596455,0.04844090342585559
175,0.6545474052429199,0.16555328708126005,0.0018028736114501954,0.00040016813541285195,0.0001,"(100, 25, 100)",10,"{'NN__alpha': 0.0001, 'NN__hidden_layer_sizes': (100, 25, 100), 'pca__n_components': 10}",0.5867052023121387,0.7283236994219653,0.9046242774566474,0.9104046242774566,0.8546511627906976,0.796875,0.12391695311998482,38,0.9073806078147613,0.9681620839363242,0.9775687409551375,0.9739507959479016,0.9385838150289018,0.9531292087366052,0.026688272818775147
176,0.627473258972168,0.0751736347028352,0.0014039993286132813,0.00049099156928603,0.0001,"(100, 25, 100)",12,"{'NN__alpha': 0.0001, 'NN__hidden_layer_sizes': (100, 25, 100), 'pca__n_components': 12}",0.653179190751445,0.8757225433526011,0.8208092485549133,0.9450867052023122,0.9505813953488372,0.8489583333333334,0.10900923820296798,2,0.9971056439942113,0.992040520984081,0.9992764109985528,0.9884225759768451,0.994942196531792,0.9943574696970965,0.0038126517222303764
177,0.601204252243042,0.09417679465902005,0.0018039703369140624,0.0004007148261503505,0.0001,"(100, 25, 100)",14,"{'NN__alpha': 0.0001, 'NN__hidden_layer_sizes': (100, 25, 100), 'pca__n_components': 14}",0.7572254335260116,0.7976878612716763,0.8092485549132948,0.7976878612716763,0.8081395348837209,0.7939814814814815,0.01904181082161451,45,0.9963820549927641,0.9732272069464544,1.0,1.0,0.9920520231213873,0.9923322570121211,0.009990704657685567
178,0.5967914581298828,0.02904222966688504,0.0014038562774658203,0.0008020164053066941,0.0001,"(100, 25, 100)",16,"{'NN__alpha': 0.0001, 'NN__hidden_layer_sizes': (100, 25, 100), 'pca__n_components': 16}",0.7572254335260116,0.8959537572254336,0.8121387283236994,0.8034682080924855,0.8197674418604651,0.8177083333333334,0.044788704275559386,16,0.992040520984081,0.9971056439942113,0.9971056439942113,0.9978292329956585,0.9985549132947977,0.9965271910525919,0.00230678974456055
179,0.6170458316802978,0.11813444555769322,0.0016045570373535156,0.0004915366394991835,0.0001,"(100, 25, 100)",18,"{'NN__alpha': 0.0001, 'NN__hidden_layer_sizes': (100, 25, 100), 'pca__n_components': 18}",0.7803468208092486,0.884393063583815,0.7803468208092486,0.8179190751445087,0.7994186046511628,0.8125,0.03858593732668997,20,0.9978292329956585,0.9978292329956585,0.9898697539797395,0.9978292329956585,0.9920520231213873,0.9950818952176205,0.0034348256375850133
