,mean_fit_time,std_fit_time,mean_score_time,std_score_time,param_NN__alpha,param_NN__hidden_layer_sizes,param_km__n_clusters,params,split0_test_score,split1_test_score,split2_test_score,split3_test_score,split4_test_score,mean_test_score,std_test_score,rank_test_score,split0_train_score,split1_train_score,split2_train_score,split3_train_score,split4_train_score,mean_train_score,std_train_score
0,0.1795665740966797,0.009550452399936826,0.0010026931762695313,3.8738433859996607e-07,0.1,"(50, 50)",2,"{'NN__alpha': 0.1, 'NN__hidden_layer_sizes': (50, 50), 'km__n_clusters': 2}",0.6994219653179191,0.6994219653179191,0.6994219653179191,0.6994219653179191,0.7034883720930233,0.7002314814814815,0.0016237319954344998,12,0.7004341534008683,0.7004341534008683,0.7004341534008683,0.7004341534008683,0.6994219653179191,0.7002317157842785,0.00040487523317969123
1,0.30820040702819823,0.09585646888394335,0.001102781295776367,0.00020034332353691036,0.1,"(50, 50)",5,"{'NN__alpha': 0.1, 'NN__hidden_layer_sizes': (50, 50), 'km__n_clusters': 5}",0.6994219653179191,0.6994219653179191,0.6994219653179191,0.5982658959537572,0.7034883720930233,0.6799768518518519,0.04091525515090993,136,0.7004341534008683,0.711287988422576,0.7004341534008683,0.7293777134587555,0.6994219653179191,0.7081911948001974,0.011451650290361668
2,0.3856010437011719,0.07648320822907664,0.0012033462524414062,0.00024553481083311983,0.1,"(50, 50)",10,"{'NN__alpha': 0.1, 'NN__hidden_layer_sizes': (50, 50), 'km__n_clusters': 10}",0.6994219653179191,0.6994219653179191,0.6791907514450867,0.6994219653179191,0.6686046511627907,0.6892361111111112,0.012933117760972631,100,0.7004341534008683,0.7004341534008683,0.7214182344428365,0.7004341534008683,0.726878612716763,0.7099198614724409,0.011745193038774722
3,0.45317649841308594,0.07654199251884251,0.0012033462524414062,0.0002456323954645221,0.1,"(50, 50)",15,"{'NN__alpha': 0.1, 'NN__hidden_layer_sizes': (50, 50), 'km__n_clusters': 15}",0.708092485549133,0.6994219653179191,0.6936416184971098,0.661849710982659,0.7034883720930233,0.6932870370370371,0.016433481535112274,73,0.7424023154848046,0.7178002894356006,0.7069464544138929,0.7387843704775687,0.7008670520231214,0.7213600963669977,0.01665395136238437
4,0.6133929252624511,0.031054443860079974,0.0012033462524414062,0.0002454374190031142,0.1,"(50, 50)",20,"{'NN__alpha': 0.1, 'NN__hidden_layer_sizes': (50, 50), 'km__n_clusters': 20}",0.7052023121387283,0.6676300578034682,0.6994219653179191,0.6965317919075145,0.6627906976744186,0.6863425925925926,0.017515687843510586,111,0.7409551374819102,0.7308248914616498,0.7510853835021708,0.7452966714905933,0.7319364161849711,0.740019700024259,0.0077595722054316805
5,0.5654683113098145,0.03675209653289706,0.0013034820556640625,0.0004009845096474564,0.1,"(50, 50)",25,"{'NN__alpha': 0.1, 'NN__hidden_layer_sizes': (50, 50), 'km__n_clusters': 25}",0.7167630057803468,0.6994219653179191,0.684971098265896,0.6560693641618497,0.7005813953488372,0.6915509259259259,0.02041236904609651,83,0.7604920405209841,0.7301013024602026,0.711287988422576,0.7134587554269175,0.726878612716763,0.7284437399094885,0.017613405564213407
6,0.6498872756958007,0.13613505081076663,0.0010027408599853516,4.370284743266907e-07,0.1,"(50, 50)",30,"{'NN__alpha': 0.1, 'NN__hidden_layer_sizes': (50, 50), 'km__n_clusters': 30}",0.7052023121387283,0.6820809248554913,0.6994219653179191,0.7312138728323699,0.7034883720930233,0.7042824074074074,0.015778121810763254,4,0.7821997105643994,0.7170767004341534,0.7004341534008683,0.7257597684515196,0.7015895953757225,0.7254119856453325,0.029952769540414106
7,0.6115880489349366,0.043585097340363636,0.0018045902252197266,0.0006017687014656494,0.1,"(50, 50)",35,"{'NN__alpha': 0.1, 'NN__hidden_layer_sizes': (50, 50), 'km__n_clusters': 35}",0.7052023121387283,0.6994219653179191,0.6994219653179191,0.7023121387283237,0.6598837209302325,0.6932870370370371,0.016790845849417552,73,0.7264833574529667,0.7047756874095513,0.6982633863965267,0.6989869753979739,0.736271676300578,0.7129562165915193,0.015521174038644999
8,0.7954654216766357,0.08695786833381688,0.001604318618774414,0.00020086807030201452,0.1,"(50, 50)",40,"{'NN__alpha': 0.1, 'NN__hidden_layer_sizes': (50, 50), 'km__n_clusters': 40}",0.7109826589595376,0.6878612716763006,0.6676300578034682,0.6994219653179191,0.6656976744186046,0.6863425925925926,0.017642087684398563,111,0.7510853835021708,0.7076700434153401,0.7431259044862518,0.7026049204052098,0.7608381502890174,0.733064880419598,0.023537307264890568
9,0.13886055946350098,0.010209658358676134,0.0008022308349609375,0.0002456321640477925,0.1,"(50,)",2,"{'NN__alpha': 0.1, 'NN__hidden_layer_sizes': (50,), 'km__n_clusters': 2}",0.6994219653179191,0.6994219653179191,0.6994219653179191,0.6994219653179191,0.7034883720930233,0.7002314814814815,0.0016237319954344998,12,0.7004341534008683,0.7004341534008683,0.7004341534008683,0.7004341534008683,0.6994219653179191,0.7002317157842785,0.00040487523317969123
10,0.2383213996887207,0.03665297357962099,0.0010004520416259765,4.940272292300955e-06,0.1,"(50,)",5,"{'NN__alpha': 0.1, 'NN__hidden_layer_sizes': (50,), 'km__n_clusters': 5}",0.6994219653179191,0.6994219653179191,0.6994219653179191,0.546242774566474,0.7034883720930233,0.6695601851851852,0.06172333639135842,154,0.7004341534008683,0.7004341534008683,0.7004341534008683,0.7178002894356006,0.6994219653179191,0.703704942991225,0.0070585675993102845
11,0.32895469665527344,0.025599722415573442,0.0009021282196044922,0.00020024852392600204,0.1,"(50,)",10,"{'NN__alpha': 0.1, 'NN__hidden_layer_sizes': (50,), 'km__n_clusters': 10}",0.6994219653179191,0.6994219653179191,0.7138728323699421,0.7109826589595376,0.6366279069767442,0.6921296296296297,0.028290710425714478,78,0.7004341534008683,0.7004341534008683,0.7004341534008683,0.703328509406657,0.7203757225433526,0.7050013384305228,0.007768495106225142
12,0.3243420600891113,0.013559281104324288,0.0010026931762695313,3.8738433859996607e-07,0.1,"(50,)",15,"{'NN__alpha': 0.1, 'NN__hidden_layer_sizes': (50,), 'km__n_clusters': 15}",0.6994219653179191,0.6994219653179191,0.6994219653179191,0.6994219653179191,0.7034883720930233,0.7002314814814815,0.0016237319954344998,12,0.6989869753979739,0.7004341534008683,0.7004341534008683,0.7004341534008683,0.6994219653179191,0.6999422801836996,0.0006179243608219855
13,0.4172840118408203,0.04525912557074878,0.0010025501251220703,4.264961199760036e-07,0.1,"(50,)",20,"{'NN__alpha': 0.1, 'NN__hidden_layer_sizes': (50,), 'km__n_clusters': 20}",0.6994219653179191,0.6994219653179191,0.6647398843930635,0.6994219653179191,0.5174418604651163,0.65625,0.07049622147250727,165,0.7004341534008683,0.7004341534008683,0.7069464544138929,0.6881331403762663,0.7160404624277457,0.7023976728039283,0.009143356332628609
14,0.4686167240142822,0.015050365852024333,0.0010025978088378906,3.1629798797182086e-07,0.1,"(50,)",25,"{'NN__alpha': 0.1, 'NN__hidden_layer_sizes': (50,), 'km__n_clusters': 25}",0.6994219653179191,0.6994219653179191,0.6994219653179191,0.6994219653179191,0.7034883720930233,0.7002314814814815,0.0016237319954344998,12,0.7004341534008683,0.6982633863965267,0.7004341534008683,0.7004341534008683,0.6994219653179191,0.6997975623834102,0.0008614538275334931
15,0.5334853172302246,0.037456727114265884,0.0011029243469238281,0.00020086778731299185,0.1,"(50,)",30,"{'NN__alpha': 0.1, 'NN__hidden_layer_sizes': (50,), 'km__n_clusters': 30}",0.6994219653179191,0.684971098265896,0.661849710982659,0.7052023121387283,0.7034883720930233,0.6909722222222222,0.016219104997018778,85,0.6801736613603473,0.7366136034732272,0.6866859623733719,0.743849493487699,0.6893063583815029,0.7073258158152297,0.027128204601379134
16,0.5778003215789795,0.04170835557388347,0.0012031078338623046,0.0002450482069083716,0.1,"(50,)",35,"{'NN__alpha': 0.1, 'NN__hidden_layer_sizes': (50,), 'km__n_clusters': 35}",0.6820809248554913,0.6994219653179191,0.6994219653179191,0.6271676300578035,0.686046511627907,0.6788194444444444,0.026771426313848268,139,0.7062228654124457,0.7004341534008683,0.6997105643994211,0.7279305354558611,0.6965317919075145,0.7061659821152222,0.011322922918411821
17,0.7146554946899414,0.14983592560224188,0.0012029170989990234,0.00024578842253546515,0.1,"(50,)",40,"{'NN__alpha': 0.1, 'NN__hidden_layer_sizes': (50,), 'km__n_clusters': 40}",0.6994219653179191,0.6994219653179191,0.7196531791907514,0.6994219653179191,0.688953488372093,0.7013888888888888,0.00999513336900901,7,0.7040520984081042,0.6931982633863966,0.7539797395079595,0.6931982633863966,0.7666184971098265,0.7222093723597366,0.031605385853941355
18,0.1327446937561035,0.009529627629318643,0.000902557373046875,0.0002008199904064904,0.1,"(25,)",2,"{'NN__alpha': 0.1, 'NN__hidden_layer_sizes': (25,), 'km__n_clusters': 2}",0.6994219653179191,0.6994219653179191,0.6994219653179191,0.6994219653179191,0.7034883720930233,0.7002314814814815,0.0016237319954344998,12,0.7004341534008683,0.7004341534008683,0.7004341534008683,0.7004341534008683,0.6994219653179191,0.7002317157842785,0.00040487523317969123
19,0.21275248527526855,0.027284143846269426,0.0008020401000976562,0.0002457685972957954,0.1,"(25,)",5,"{'NN__alpha': 0.1, 'NN__hidden_layer_sizes': (25,), 'km__n_clusters': 5}",0.6994219653179191,0.6763005780346821,0.6994219653179191,0.6994219653179191,0.7034883720930233,0.6956018518518519,0.009784784860335662,65,0.7004341534008683,0.7011577424023154,0.7004341534008683,0.7040520984081042,0.6994219653179191,0.7011000225860151,0.0015761169357013298
20,0.3040897369384766,0.026203065535322402,0.0007017612457275391,0.0002454963403513383,0.1,"(25,)",10,"{'NN__alpha': 0.1, 'NN__hidden_layer_sizes': (25,), 'km__n_clusters': 10}",0.6994219653179191,0.6994219653179191,0.6994219653179191,0.6994219653179191,0.7034883720930233,0.7002314814814815,0.0016237319954344998,12,0.7011577424023154,0.6982633863965267,0.7004341534008683,0.6837916063675832,0.6958092485549133,0.6958912274244413,0.006331019584283831
21,0.35903224945068357,0.03401132214851806,0.0009024620056152343,0.00020065364275515088,0.1,"(25,)",15,"{'NN__alpha': 0.1, 'NN__hidden_layer_sizes': (25,), 'km__n_clusters': 15}",0.6994219653179191,0.6734104046242775,0.6994219653179191,0.6994219653179191,0.6773255813953488,0.6898148148148148,0.011848100725933796,95,0.6823444283646889,0.7105643994211288,0.7004341534008683,0.7026049204052098,0.7189306358381503,0.7029757074860092,0.012201595325341
22,0.44295201301574705,0.04662432573075977,0.0010005474090576173,4.1449191688729725e-06,0.1,"(25,)",20,"{'NN__alpha': 0.1, 'NN__hidden_layer_sizes': (25,), 'km__n_clusters': 20}",0.6994219653179191,0.6502890173410405,0.6994219653179191,0.6705202312138728,0.7034883720930233,0.6846064814814815,0.020842667508185052,117,0.7004341534008683,0.6960926193921853,0.6895803183791607,0.6946454413892909,0.6856936416184971,0.6932892348360005,0.005141929989668021
23,0.5201507568359375,0.07736282074698086,0.0009021282196044922,0.00020048711171810144,0.1,"(25,)",25,"{'NN__alpha': 0.1, 'NN__hidden_layer_sizes': (25,), 'km__n_clusters': 25}",0.6907514450867052,0.6994219653179191,0.6994219653179191,0.6994219653179191,0.625,0.6828703703703703,0.0290464303391717,125,0.7141823444283647,0.7004341534008683,0.7004341534008683,0.7004341534008683,0.713150289017341,0.7057270187296621,0.006490620072093549
24,0.5379981517791748,0.06546085899936177,0.0011013031005859375,0.0001978638301714008,0.1,"(25,)",30,"{'NN__alpha': 0.1, 'NN__hidden_layer_sizes': (25,), 'km__n_clusters': 30}",0.708092485549133,0.6820809248554913,0.5751445086705202,0.6994219653179191,0.6482558139534884,0.6626157407407407,0.048314492384311764,161,0.7069464544138929,0.7221418234442837,0.6960926193921853,0.6931982633863966,0.703757225433526,0.7044272772140568,0.010160291765939414
25,0.5353899955749511,0.05024941671824062,0.0013034820556640625,0.00024541805644099767,0.1,"(25,)",35,"{'NN__alpha': 0.1, 'NN__hidden_layer_sizes': (25,), 'km__n_clusters': 35}",0.708092485549133,0.7109826589595376,0.6994219653179191,0.6994219653179191,0.7034883720930233,0.7042824074074074,0.004634843700760011,4,0.7322720694645442,0.6845151953690304,0.7004341534008683,0.7004341534008683,0.6965317919075145,0.7028374727085651,0.015832970857347996
26,0.5823118209838867,0.024302531644984034,0.0013035297393798827,0.0002457489184932245,0.1,"(25,)",40,"{'NN__alpha': 0.1, 'NN__hidden_layer_sizes': (25,), 'km__n_clusters': 40}",0.6994219653179191,0.615606936416185,0.6994219653179191,0.6994219653179191,0.6947674418604651,0.6817129629629629,0.033125851768726046,128,0.7004341534008683,0.7069464544138929,0.7004341534008683,0.6968162083936325,0.6893063583815029,0.698787465598153,0.005757942496318992
27,0.15550355911254882,0.008135244002640766,0.0010026931762695313,1.1680077279964343e-07,0.1,"(25, 25)",2,"{'NN__alpha': 0.1, 'NN__hidden_layer_sizes': (25, 25), 'km__n_clusters': 2}",0.6994219653179191,0.6994219653179191,0.6994219653179191,0.6994219653179191,0.7034883720930233,0.7002314814814815,0.0016237319954344998,12,0.7004341534008683,0.7004341534008683,0.7004341534008683,0.7004341534008683,0.6994219653179191,0.7002317157842785,0.00040487523317969123
28,0.2390202522277832,0.025005271991454546,0.0009026527404785156,0.00020051016677143834,0.1,"(25, 25)",5,"{'NN__alpha': 0.1, 'NN__hidden_layer_sizes': (25, 25), 'km__n_clusters': 5}",0.6994219653179191,0.6994219653179191,0.6994219653179191,0.6994219653179191,0.7034883720930233,0.7002314814814815,0.0016237319954344998,12,0.7004341534008683,0.7004341534008683,0.7004341534008683,0.7004341534008683,0.7015895953757225,0.7006652417958392,0.0004621767899416707
29,0.30068163871765136,0.021904200944778008,0.0010016441345214843,1.7086480014008444e-06,0.1,"(25, 25)",10,"{'NN__alpha': 0.1, 'NN__hidden_layer_sizes': (25, 25), 'km__n_clusters': 10}",0.6994219653179191,0.6994219653179191,0.6994219653179191,0.6994219653179191,0.7034883720930233,0.7002314814814815,0.0016237319954344998,12,0.7004341534008683,0.7004341534008683,0.7004341534008683,0.7004341534008683,0.6914739884393064,0.6986421204085559,0.0035840659846247736
30,0.3566258907318115,0.017642849727521986,0.0010025501251220703,3.9895058943465975e-07,0.1,"(25, 25)",15,"{'NN__alpha': 0.1, 'NN__hidden_layer_sizes': (25, 25), 'km__n_clusters': 15}",0.6994219653179191,0.6994219653179191,0.6994219653179191,0.6994219653179191,0.7034883720930233,0.7002314814814815,0.0016237319954344998,12,0.6968162083936325,0.7004341534008683,0.7004341534008683,0.7004341534008683,0.6994219653179191,0.6995081267828314,0.0014018861796937794
31,0.43442749977111816,0.02681661107749795,0.0011029243469238281,0.00020062948222380184,0.1,"(25, 25)",20,"{'NN__alpha': 0.1, 'NN__hidden_layer_sizes': (25, 25), 'km__n_clusters': 20}",0.6994219653179191,0.6589595375722543,0.7109826589595376,0.6329479768786127,0.7034883720930233,0.6811342592592593,0.03013659213185759,130,0.6982633863965267,0.7004341534008683,0.6997105643994211,0.7387843704775687,0.7001445086705202,0.7074673966689811,0.01567626422326283
32,0.4893707275390625,0.04037288729094101,0.0011025428771972655,0.00020082225484633088,0.1,"(25, 25)",25,"{'NN__alpha': 0.1, 'NN__hidden_layer_sizes': (25, 25), 'km__n_clusters': 25}",0.6994219653179191,0.6994219653179191,0.6676300578034682,0.6994219653179191,0.6337209302325582,0.6799768518518519,0.026145648385602557,136,0.7004341534008683,0.7004341534008683,0.7163531114327062,0.7004341534008683,0.7182080924855492,0.7071727328241721,0.00827386091476642
33,0.5266671657562256,0.05317257205636085,0.0010028839111328124,2.431401974483864e-07,0.1,"(25, 25)",30,"{'NN__alpha': 0.1, 'NN__hidden_layer_sizes': (25, 25), 'km__n_clusters': 30}",0.6994219653179191,0.6994219653179191,0.6994219653179191,0.6994219653179191,0.7034883720930233,0.7002314814814815,0.0016237319954344998,12,0.7134587554269175,0.7279305354558611,0.6997105643994211,0.6989869753979739,0.6994219653179191,0.7079017591996186,0.01140620911743943
34,0.5475220203399658,0.020462373287086055,0.0013033390045166016,0.000245593153327684,0.1,"(25, 25)",35,"{'NN__alpha': 0.1, 'NN__hidden_layer_sizes': (25, 25), 'km__n_clusters': 35}",0.6994219653179191,0.6994219653179191,0.6820809248554913,0.6994219653179191,0.7034883720930233,0.6967592592592593,0.007510909699053731,61,0.7004341534008683,0.7004341534008683,0.695369030390738,0.7040520984081042,0.6994219653179191,0.6999422801836996,0.0027770425128023986
35,0.5963486194610595,0.013580046809509009,0.0013032913208007812,0.00024574901101596437,0.1,"(25, 25)",40,"{'NN__alpha': 0.1, 'NN__hidden_layer_sizes': (25, 25), 'km__n_clusters': 40}",0.6994219653179191,0.6994219653179191,0.6965317919075145,0.7052023121387283,0.7034883720930233,0.7008101851851852,0.003118884078789994,8,0.7004341534008683,0.7004341534008683,0.7149059334298119,0.7011577424023154,0.6994219653179191,0.7032707895903566,0.005843765885229083
36,0.22277841567993165,0.010546955481485418,0.0014037609100341797,0.0003756169936636858,0.1,"(100, 25, 100)",2,"{'NN__alpha': 0.1, 'NN__hidden_layer_sizes': (100, 25, 100), 'km__n_clusters': 2}",0.6994219653179191,0.6994219653179191,0.6994219653179191,0.6994219653179191,0.7034883720930233,0.7002314814814815,0.0016237319954344998,12,0.7004341534008683,0.7004341534008683,0.7004341534008683,0.7004341534008683,0.6994219653179191,0.7002317157842785,0.00040487523317969123
37,0.4147768974304199,0.09838518499806614,0.0012030601501464844,0.0002458658579402365,0.1,"(100, 25, 100)",5,"{'NN__alpha': 0.1, 'NN__hidden_layer_sizes': (100, 25, 100), 'km__n_clusters': 5}",0.6994219653179191,0.684971098265896,0.6994219653179191,0.2861271676300578,0.6191860465116279,0.5978009259259259,0.15874078152689433,179,0.7004341534008683,0.7221418234442837,0.7004341534008683,0.7214182344428365,0.744942196531792,0.7178741122441299,0.01656357254314765
38,0.4838563919067383,0.12405808206737655,0.0016042232513427735,0.00020031937529033837,0.1,"(100, 25, 100)",10,"{'NN__alpha': 0.1, 'NN__hidden_layer_sizes': (100, 25, 100), 'km__n_clusters': 10}",0.6994219653179191,0.6994219653179191,0.6936416184971098,0.638728323699422,0.6627906976744186,0.6788194444444444,0.024227054904455307,139,0.7004341534008683,0.7004341534008683,0.7228654124457308,0.7409551374819102,0.7030346820809249,0.7135447077620605,0.016077568873189087
39,0.6042909145355224,0.16711202090148472,0.0015036582946777344,0.00031688340261944403,0.1,"(100, 25, 100)",15,"{'NN__alpha': 0.1, 'NN__hidden_layer_sizes': (100, 25, 100), 'km__n_clusters': 15}",0.6994219653179191,0.6994219653179191,0.7456647398843931,0.6647398843930635,0.6308139534883721,0.6880787037037037,0.038437033027304245,108,0.7004341534008683,0.7004341534008683,0.7575976845151954,0.7409551374819102,0.7521676300578035,0.7303177517713293,0.024983293576041163
40,0.6032664775848389,0.1253184521541689,0.0015040874481201173,3.2340669551493016e-07,0.1,"(100, 25, 100)",20,"{'NN__alpha': 0.1, 'NN__hidden_layer_sizes': (100, 25, 100), 'km__n_clusters': 20}",0.708092485549133,0.6994219653179191,0.6820809248554913,0.6647398843930635,0.7034883720930233,0.6915509259259259,0.016045288332241503,83,0.7597684515195369,0.7004341534008683,0.7054992764109985,0.7387843704775687,0.6994219653179191,0.7207816434253782,0.02428117100718342
41,0.9004381179809571,0.12220602087626051,0.0015040397644042968,2.86102294921875e-07,0.1,"(100, 25, 100)",25,"{'NN__alpha': 0.1, 'NN__hidden_layer_sizes': (100, 25, 100), 'km__n_clusters': 25}",0.7109826589595376,0.6011560693641619,0.6791907514450867,0.6676300578034682,0.5843023255813954,0.6487268518518519,0.04809166708737038,169,0.7612156295224313,0.756150506512301,0.7380607814761215,0.7525325615050651,0.7825144508670521,0.7580947859765942,0.014437032921149432
42,1.109480905532837,0.3112337166765444,0.0013035297393798827,0.00024574905727732125,0.1,"(100, 25, 100)",30,"{'NN__alpha': 0.1, 'NN__hidden_layer_sizes': (100, 25, 100), 'km__n_clusters': 30}",0.7312138728323699,0.6271676300578035,0.6098265895953757,0.615606936416185,0.6162790697674418,0.6400462962962963,0.04596025669264496,173,0.8118668596237337,0.7612156295224313,0.9399421128798843,0.8408104196816208,0.7478323699421965,0.8203334783299733,0.06862731960876423
43,1.0050094604492188,0.22945050392307006,0.0016042709350585938,0.00020077236332046453,0.1,"(100, 25, 100)",35,"{'NN__alpha': 0.1, 'NN__hidden_layer_sizes': (100, 25, 100), 'km__n_clusters': 35}",0.6994219653179191,0.653179190751445,0.6445086705202312,0.6560693641618497,0.6569767441860465,0.6620370370370371,0.019217410532825416,163,0.7004341534008683,0.7981186685962374,0.7850940665701881,0.7901591895803184,0.7601156069364162,0.7667843370168057,0.035525453103281944
44,1.0334847927093507,0.09110109821726861,0.0019037723541259766,0.00019958941893235947,0.1,"(100, 25, 100)",40,"{'NN__alpha': 0.1, 'NN__hidden_layer_sizes': (100, 25, 100), 'km__n_clusters': 40}",0.7052023121387283,0.5982658959537572,0.6416184971098265,0.6878612716763006,0.6308139534883721,0.6527777777777778,0.03889376121706283,168,0.8017366136034733,0.7959479015918958,0.7655571635311144,0.7460202604920405,0.7478323699421965,0.771418861832144,0.023480250938538887
45,0.17014236450195314,0.0088125219270888,0.001002359390258789,4.370284743266907e-07,0.01,"(50, 50)",2,"{'NN__alpha': 0.01, 'NN__hidden_layer_sizes': (50, 50), 'km__n_clusters': 2}",0.6994219653179191,0.6994219653179191,0.6994219653179191,0.6994219653179191,0.7034883720930233,0.7002314814814815,0.0016237319954344998,12,0.7004341534008683,0.7004341534008683,0.7004341534008683,0.7004341534008683,0.6994219653179191,0.7002317157842785,0.00040487523317969123
46,0.3120104789733887,0.12129795993540624,0.0011028766632080079,0.00020041479940724808,0.01,"(50, 50)",5,"{'NN__alpha': 0.01, 'NN__hidden_layer_sizes': (50, 50), 'km__n_clusters': 5}",0.6994219653179191,0.6994219653179191,0.6994219653179191,0.6271676300578035,0.7034883720930233,0.6857638888888888,0.029361455274948253,115,0.7004341534008683,0.7105643994211288,0.7004341534008683,0.7402315484804631,0.6994219653179191,0.7102172440042496,0.015549500027317887
47,0.3659501075744629,0.07065460132890704,0.0010048866271972657,4.080790118281301e-06,0.01,"(50, 50)",10,"{'NN__alpha': 0.01, 'NN__hidden_layer_sizes': (50, 50), 'km__n_clusters': 10}",0.6994219653179191,0.6994219653179191,0.6878612716763006,0.6994219653179191,0.6686046511627907,0.6909722222222222,0.012017683582080257,85,0.7004341534008683,0.7004341534008683,0.7199710564399421,0.7004341534008683,0.7254335260115607,0.7093414085308216,0.011045028216677546
48,0.41277174949645995,0.06459335311116873,0.0012033462524414062,0.0002456321640477925,0.01,"(50, 50)",15,"{'NN__alpha': 0.01, 'NN__hidden_layer_sizes': (50, 50), 'km__n_clusters': 15}",0.708092485549133,0.6994219653179191,0.6907514450867052,0.6763005780346821,0.7034883720930233,0.6956018518518519,0.011218198954738775,65,0.743849493487699,0.7170767004341534,0.7062228654124457,0.7185238784370478,0.7008670520231214,0.7173079979588934,0.014826784652263674
49,0.595445966720581,0.04812421846194261,0.00140380859375,0.00020039100720715836,0.01,"(50, 50)",20,"{'NN__alpha': 0.01, 'NN__hidden_layer_sizes': (50, 50), 'km__n_clusters': 20}",0.7052023121387283,0.6560693641618497,0.7023121387283237,0.6936416184971098,0.6627906976744186,0.6840277777777778,0.02053105305746799,124,0.7380607814761215,0.7431259044862518,0.7532561505065123,0.7474674384949349,0.7333815028901735,0.7430583555707988,0.006957827552807938
50,0.6641242980957032,0.15274608420216435,0.0010026454925537109,4.90933901833868e-07,0.01,"(50, 50)",25,"{'NN__alpha': 0.01, 'NN__hidden_layer_sizes': (50, 50), 'km__n_clusters': 25}",0.7225433526011561,0.6994219653179191,0.684971098265896,0.6560693641618497,0.6482558139534884,0.6822916666666666,0.027439128997143035,127,0.7648335745296672,0.7308248914616498,0.711287988422576,0.7134587554269175,0.7846820809248555,0.7410174581531331,0.02905518392036023
51,0.6613173007965087,0.14908903181851385,0.0010025501251220703,2.132480599880018e-07,0.01,"(50, 50)",30,"{'NN__alpha': 0.01, 'NN__hidden_layer_sizes': (50, 50), 'km__n_clusters': 30}",0.7138728323699421,0.6820809248554913,0.6994219653179191,0.7254335260115607,0.6627906976744186,0.6967592592592593,0.022305608552013308,61,0.8031837916063675,0.7185238784370478,0.7004341534008683,0.7214182344428365,0.6986994219653179,0.7284518959704875,0.03847881952474025
52,0.6115853309631347,0.053324449630871414,0.0012029647827148438,0.00024555459013073013,0.01,"(50, 50)",35,"{'NN__alpha': 0.01, 'NN__hidden_layer_sizes': (50, 50), 'km__n_clusters': 35}",0.7023121387283237,0.6994219653179191,0.6994219653179191,0.6994219653179191,0.6540697674418605,0.6909722222222222,0.018431882742507667,85,0.7756874095513748,0.7040520984081042,0.6982633863965267,0.6989869753979739,0.7348265895953757,0.7223632918698711,0.029870898005644575
53,0.8019805908203125,0.1514923144136926,0.0015041828155517578,3.371747880871523e-07,0.01,"(50, 50)",40,"{'NN__alpha': 0.01, 'NN__hidden_layer_sizes': (50, 50), 'km__n_clusters': 40}",0.7109826589595376,0.6907514450867052,0.6705202312138728,0.6994219653179191,0.6773255813953488,0.6898148148148148,0.014627708956550455,95,0.808972503617945,0.7054992764109985,0.7445730824891461,0.7018813314037626,0.7442196531791907,0.7410291694202087,0.03855894626923724
54,0.13605165481567383,0.011925261338717031,0.0010027885437011719,3.9895058943465975e-07,0.01,"(50,)",2,"{'NN__alpha': 0.01, 'NN__hidden_layer_sizes': (50,), 'km__n_clusters': 2}",0.6994219653179191,0.6994219653179191,0.6994219653179191,0.6994219653179191,0.7034883720930233,0.7002314814814815,0.0016237319954344998,12,0.7004341534008683,0.7004341534008683,0.7004341534008683,0.7004341534008683,0.6994219653179191,0.7002317157842785,0.00040487523317969123
55,0.23230323791503907,0.03176021586365662,0.0007018089294433594,0.0002455543123426376,0.01,"(50,)",5,"{'NN__alpha': 0.01, 'NN__hidden_layer_sizes': (50,), 'km__n_clusters': 5}",0.6994219653179191,0.6994219653179191,0.6994219653179191,0.5606936416184971,0.7034883720930233,0.6724537037037037,0.05594255298719814,151,0.7004341534008683,0.7004341534008683,0.7004341534008683,0.7185238784370478,0.6994219653179191,0.7038496607915143,0.007347574061172208
56,0.32394094467163087,0.026083958815977856,0.000801992416381836,0.00024563211776442047,0.01,"(50,)",10,"{'NN__alpha': 0.01, 'NN__hidden_layer_sizes': (50,), 'km__n_clusters': 10}",0.6994219653179191,0.6994219653179191,0.7138728323699421,0.7109826589595376,0.6366279069767442,0.6921296296296297,0.028290710425714478,78,0.7004341534008683,0.7004341534008683,0.7004341534008683,0.703328509406657,0.7203757225433526,0.7050013384305228,0.007768495106225142
57,0.31682286262512205,0.013349999789102547,0.0010023117065429688,5.223489356090222e-07,0.01,"(50,)",15,"{'NN__alpha': 0.01, 'NN__hidden_layer_sizes': (50,), 'km__n_clusters': 15}",0.6994219653179191,0.6994219653179191,0.6994219653179191,0.6994219653179191,0.7034883720930233,0.7002314814814815,0.0016237319954344998,12,0.6989869753979739,0.7004341534008683,0.7004341534008683,0.7004341534008683,0.6994219653179191,0.6999422801836996,0.0006179243608219855
58,0.4168823719024658,0.04880173257355568,0.0010023117065429688,3.371747880871523e-07,0.01,"(50,)",20,"{'NN__alpha': 0.01, 'NN__hidden_layer_sizes': (50,), 'km__n_clusters': 20}",0.6994219653179191,0.6994219653179191,0.6647398843930635,0.6994219653179191,0.5058139534883721,0.6539351851851852,0.07505934719429304,167,0.7004341534008683,0.7004341534008683,0.7069464544138929,0.6881331403762663,0.7196531791907514,0.7031202161565295,0.010266657417008843
59,0.4471611022949219,0.011601851791431217,0.0010024547576904298,4.422005889652111e-07,0.01,"(50,)",25,"{'NN__alpha': 0.01, 'NN__hidden_layer_sizes': (50,), 'km__n_clusters': 25}",0.6994219653179191,0.6994219653179191,0.6994219653179191,0.6994219653179191,0.7034883720930233,0.7002314814814815,0.0016237319954344998,12,0.7004341534008683,0.6982633863965267,0.7004341534008683,0.7004341534008683,0.6994219653179191,0.6997975623834102,0.0008614538275334931
60,0.5192481994628906,0.033621235597787326,0.0011029243469238281,0.00020003344361899285,0.01,"(50,)",30,"{'NN__alpha': 0.01, 'NN__hidden_layer_sizes': (50,), 'km__n_clusters': 30}",0.6994219653179191,0.684971098265896,0.661849710982659,0.7023121387283237,0.7034883720930233,0.6903935185185185,0.01574569819052647,92,0.6801736613603473,0.7366136034732272,0.6866859623733719,0.7272069464544139,0.6893063583815029,0.7039973064085726,0.02317577560682831
61,0.5718852996826171,0.041103476064342954,0.0012026786804199218,0.00024549596987926255,0.01,"(50,)",35,"{'NN__alpha': 0.01, 'NN__hidden_layer_sizes': (50,), 'km__n_clusters': 35}",0.6820809248554913,0.6994219653179191,0.6994219653179191,0.6213872832369942,0.686046511627907,0.6776620370370371,0.0290107613887181,142,0.7040520984081042,0.7004341534008683,0.6997105643994211,0.7286541244573083,0.6950867052023122,0.7055875291736028,0.011880982000709474
62,0.6526947498321534,0.09125175682488168,0.001203012466430664,0.0002459050380653996,0.01,"(50,)",40,"{'NN__alpha': 0.01, 'NN__hidden_layer_sizes': (50,), 'km__n_clusters': 40}",0.6994219653179191,0.6994219653179191,0.7052023121387283,0.6994219653179191,0.6191860465116279,0.6846064814814815,0.03269237311457999,117,0.7040520984081042,0.6931982633863966,0.7272069464544139,0.6931982633863966,0.7254335260115607,0.7086178195293743,0.014997965575239693
63,0.1276315689086914,0.008965354015669188,0.0010025501251220703,5.43678009557313e-07,0.01,"(25,)",2,"{'NN__alpha': 0.01, 'NN__hidden_layer_sizes': (25,), 'km__n_clusters': 2}",0.6994219653179191,0.6994219653179191,0.6994219653179191,0.6994219653179191,0.7034883720930233,0.7002314814814815,0.0016237319954344998,12,0.7004341534008683,0.7004341534008683,0.7004341534008683,0.7004341534008683,0.6994219653179191,0.7002317157842785,0.00040487523317969123
64,0.2076390266418457,0.027457935837969634,0.0009023666381835938,0.00020060547746384954,0.01,"(25,)",5,"{'NN__alpha': 0.01, 'NN__hidden_layer_sizes': (25,), 'km__n_clusters': 5}",0.6994219653179191,0.6763005780346821,0.6994219653179191,0.6994219653179191,0.7034883720930233,0.6956018518518519,0.009784784860335662,65,0.7004341534008683,0.7011577424023154,0.7004341534008683,0.7040520984081042,0.6994219653179191,0.7011000225860151,0.0015761169357013298
65,0.2963697910308838,0.025400502135906396,0.0009020328521728516,0.0002006773924870121,0.01,"(25,)",10,"{'NN__alpha': 0.01, 'NN__hidden_layer_sizes': (25,), 'km__n_clusters': 10}",0.6994219653179191,0.6994219653179191,0.6994219653179191,0.6994219653179191,0.7034883720930233,0.7002314814814815,0.0016237319954344998,12,0.7011577424023154,0.6982633863965267,0.7004341534008683,0.6837916063675832,0.6958092485549133,0.6958912274244413,0.006331019584283831
66,0.350309419631958,0.033907388358128364,0.0009024143218994141,0.00020062925556339146,0.01,"(25,)",15,"{'NN__alpha': 0.01, 'NN__hidden_layer_sizes': (25,), 'km__n_clusters': 15}",0.6994219653179191,0.6734104046242775,0.6994219653179191,0.6994219653179191,0.6773255813953488,0.6898148148148148,0.011848100725933796,95,0.6823444283646889,0.7105643994211288,0.7004341534008683,0.7026049204052098,0.7189306358381503,0.7029757074860092,0.012201595325341
67,0.39211859703063967,0.021955860596551552,0.001001739501953125,0.0003171919414384633,0.01,"(25,)",20,"{'NN__alpha': 0.01, 'NN__hidden_layer_sizes': (25,), 'km__n_clusters': 20}",0.6994219653179191,0.6502890173410405,0.6994219653179191,0.6705202312138728,0.7034883720930233,0.6846064814814815,0.020842667508185052,117,0.7004341534008683,0.6960926193921853,0.6895803183791607,0.6946454413892909,0.6856936416184971,0.6932892348360005,0.005141929989668021
68,0.4758354663848877,0.048471634990913885,0.0008022308349609375,0.00024553481083311983,0.01,"(25,)",25,"{'NN__alpha': 0.01, 'NN__hidden_layer_sizes': (25,), 'km__n_clusters': 25}",0.6907514450867052,0.6994219653179191,0.6994219653179191,0.6994219653179191,0.6569767441860465,0.6892361111111112,0.016430233558733853,100,0.7141823444283647,0.7004341534008683,0.7004341534008683,0.7004341534008683,0.7059248554913294,0.7042819320244599,0.005387644462914885
69,0.5281713485717774,0.050700154285612926,0.001203155517578125,0.000245398516306938,0.01,"(25,)",30,"{'NN__alpha': 0.01, 'NN__hidden_layer_sizes': (25,), 'km__n_clusters': 30}",0.708092485549133,0.6820809248554913,0.5751445086705202,0.6994219653179191,0.6482558139534884,0.6626157407407407,0.048314492384311764,161,0.7083936324167872,0.7221418234442837,0.695369030390738,0.6931982633863966,0.703757225433526,0.7045719950143463,0.010373272983692372
70,0.5500259399414062,0.04904138246378962,0.0010026454925537109,1.9073486328124998e-07,0.01,"(25,)",35,"{'NN__alpha': 0.01, 'NN__hidden_layer_sizes': (25,), 'km__n_clusters': 35}",0.708092485549133,0.7138728323699421,0.6994219653179191,0.6994219653179191,0.7034883720930233,0.7048611111111112,0.005529408014305837,1,0.7409551374819102,0.6845151953690304,0.7004341534008683,0.7004341534008683,0.6965317919075145,0.7045740863120383,0.019104431833453384
71,0.587224817276001,0.031524990451685365,0.0012032032012939454,0.00024545688193398116,0.01,"(25,)",40,"{'NN__alpha': 0.01, 'NN__hidden_layer_sizes': (25,), 'km__n_clusters': 40}",0.6994219653179191,0.615606936416185,0.6994219653179191,0.6994219653179191,0.6918604651162791,0.6811342592592593,0.032917473855986555,130,0.7004341534008683,0.7069464544138929,0.7004341534008683,0.6968162083936325,0.6893063583815029,0.698787465598153,0.005757942496318992
72,0.1610175609588623,0.005106501819012093,0.0010028839111328124,5.955694197080992e-07,0.01,"(25, 25)",2,"{'NN__alpha': 0.01, 'NN__hidden_layer_sizes': (25, 25), 'km__n_clusters': 2}",0.6994219653179191,0.6994219653179191,0.6994219653179191,0.6994219653179191,0.7034883720930233,0.7002314814814815,0.0016237319954344998,12,0.7004341534008683,0.7004341534008683,0.7004341534008683,0.7004341534008683,0.6994219653179191,0.7002317157842785,0.00040487523317969123
73,0.25045018196105956,0.02012897463751805,0.001203632354736328,0.00040228373563643043,0.01,"(25, 25)",5,"{'NN__alpha': 0.01, 'NN__hidden_layer_sizes': (25, 25), 'km__n_clusters': 5}",0.6994219653179191,0.6994219653179191,0.6994219653179191,0.6994219653179191,0.7034883720930233,0.7002314814814815,0.0016237319954344998,12,0.7004341534008683,0.7004341534008683,0.7004341534008683,0.7004341534008683,0.7015895953757225,0.7006652417958392,0.0004621767899416707
74,0.3211324214935303,0.03426396042374812,0.0011027336120605468,0.00020072501945202933,0.01,"(25, 25)",10,"{'NN__alpha': 0.01, 'NN__hidden_layer_sizes': (25, 25), 'km__n_clusters': 10}",0.6994219653179191,0.6994219653179191,0.6994219653179191,0.6994219653179191,0.7034883720930233,0.7002314814814815,0.0016237319954344998,12,0.7004341534008683,0.7004341534008683,0.7004341534008683,0.7004341534008683,0.6914739884393064,0.6986421204085559,0.0035840659846247736
75,0.35301690101623534,0.021032015645624055,0.0009020328521728516,0.00020043931478554833,0.01,"(25, 25)",15,"{'NN__alpha': 0.01, 'NN__hidden_layer_sizes': (25, 25), 'km__n_clusters': 15}",0.6994219653179191,0.6994219653179191,0.6994219653179191,0.6994219653179191,0.7034883720930233,0.7002314814814815,0.0016237319954344998,12,0.6960926193921853,0.7004341534008683,0.7004341534008683,0.7004341534008683,0.6994219653179191,0.6993634089825419,0.00168172377142799
76,0.43773689270019533,0.03395184315799987,0.0010025501251220703,4.264961199760036e-07,0.01,"(25, 25)",20,"{'NN__alpha': 0.01, 'NN__hidden_layer_sizes': (25, 25), 'km__n_clusters': 20}",0.6994219653179191,0.6589595375722543,0.7138728323699421,0.6647398843930635,0.7034883720930233,0.6880787037037037,0.02202508725860658,108,0.6982633863965267,0.7011577424023154,0.6989869753979739,0.743849493487699,0.7001445086705202,0.7084804212710071,0.017712106878274337
77,0.49147605895996094,0.03273566065944873,0.0011045455932617188,0.000376864120472621,0.01,"(25, 25)",25,"{'NN__alpha': 0.01, 'NN__hidden_layer_sizes': (25, 25), 'km__n_clusters': 25}",0.6994219653179191,0.6994219653179191,0.6705202312138728,0.6994219653179191,0.6337209302325582,0.6805555555555556,0.025896762629612515,135,0.7004341534008683,0.7004341534008683,0.7098408104196816,0.7004341534008683,0.7167630057803468,0.7055812552805267,0.006673130112660412
78,0.5355907440185547,0.06864556514714362,0.0010026454925537109,3.8738433859996607e-07,0.01,"(25, 25)",30,"{'NN__alpha': 0.01, 'NN__hidden_layer_sizes': (25, 25), 'km__n_clusters': 30}",0.6994219653179191,0.6994219653179191,0.6994219653179191,0.6994219653179191,0.7034883720930233,0.7002314814814815,0.0016237319954344998,12,0.715629522431259,0.7199710564399421,0.6997105643994211,0.6989869753979739,0.6994219653179191,0.706744016797303,0.009134115938063542
79,0.5462182044982911,0.01816782351783846,0.0013034820556640625,0.00024561267797706515,0.01,"(25, 25)",35,"{'NN__alpha': 0.01, 'NN__hidden_layer_sizes': (25, 25), 'km__n_clusters': 35}",0.6994219653179191,0.6994219653179191,0.6820809248554913,0.6994219653179191,0.7034883720930233,0.6967592592592593,0.007510909699053731,61,0.7004341534008683,0.7004341534008683,0.695369030390738,0.7040520984081042,0.6994219653179191,0.6999422801836996,0.0027770425128023986
80,0.6133926391601563,0.011166993257335885,0.0012032508850097657,0.00024541898291417395,0.01,"(25, 25)",40,"{'NN__alpha': 0.01, 'NN__hidden_layer_sizes': (25, 25), 'km__n_clusters': 40}",0.6994219653179191,0.6994219653179191,0.6965317919075145,0.7052023121387283,0.7034883720930233,0.7008101851851852,0.003118884078789994,8,0.7004341534008683,0.7004341534008683,0.7149059334298119,0.7011577424023154,0.6994219653179191,0.7032707895903566,0.005843765885229083
81,0.21957049369812012,0.007502713577871617,0.0012032508850097657,0.0002455153170356583,0.01,"(100, 25, 100)",2,"{'NN__alpha': 0.01, 'NN__hidden_layer_sizes': (100, 25, 100), 'km__n_clusters': 2}",0.6994219653179191,0.6994219653179191,0.6994219653179191,0.6994219653179191,0.7034883720930233,0.7002314814814815,0.0016237319954344998,12,0.7004341534008683,0.7004341534008683,0.7004341534008683,0.7004341534008683,0.6994219653179191,0.7002317157842785,0.00040487523317969123
82,0.42711181640625,0.10928132843368216,0.001500844955444336,5.488807884798688e-06,0.01,"(100, 25, 100)",5,"{'NN__alpha': 0.01, 'NN__hidden_layer_sizes': (100, 25, 100), 'km__n_clusters': 5}",0.6994219653179191,0.6878612716763006,0.6994219653179191,0.28901734104046245,0.6191860465116279,0.5989583333333334,0.15792656243520747,177,0.7004341534008683,0.7214182344428365,0.7004341534008683,0.7192474674384949,0.7514450867052023,0.718595819077654,0.01869308566318982
83,0.5188473701477051,0.10206659991291515,0.001303243637084961,0.0004005670937730611,0.01,"(100, 25, 100)",10,"{'NN__alpha': 0.01, 'NN__hidden_layer_sizes': (100, 25, 100), 'km__n_clusters': 10}",0.6994219653179191,0.6994219653179191,0.6907514450867052,0.6271676300578035,0.6540697674418605,0.6741898148148148,0.028865165145085366,148,0.7004341534008683,0.7076700434153401,0.7301013024602026,0.7395079594790159,0.7030346820809249,0.7161496281672703,0.01569166767932378
84,0.550028133392334,0.16285462534126008,0.0013037681579589843,0.00024584618692291164,0.01,"(100, 25, 100)",15,"{'NN__alpha': 0.01, 'NN__hidden_layer_sizes': (100, 25, 100), 'km__n_clusters': 15}",0.6994219653179191,0.6994219653179191,0.6994219653179191,0.6502890173410405,0.625,0.6747685185185185,0.031275759105262244,145,0.7004341534008683,0.7004341534008683,0.7004341534008683,0.7416787264833574,0.7543352601156069,0.7194632893603139,0.02364700419509881
85,0.5346884250640869,0.09168894085595697,0.0015038013458251952,0.00031695881333341776,0.01,"(100, 25, 100)",20,"{'NN__alpha': 0.01, 'NN__hidden_layer_sizes': (100, 25, 100), 'km__n_clusters': 20}",0.6994219653179191,0.6994219653179191,0.6791907514450867,0.6705202312138728,0.7034883720930233,0.6903935185185185,0.013076296298554186,92,0.7004341534008683,0.7004341534008683,0.7054992764109985,0.7395079594790159,0.6994219653179191,0.709059501601934,0.015371786879263976
86,0.8432899951934815,0.07395330313307395,0.0015037059783935547,3.015782985847835e-07,0.01,"(100, 25, 100)",25,"{'NN__alpha': 0.01, 'NN__hidden_layer_sizes': (100, 25, 100), 'km__n_clusters': 25}",0.708092485549133,0.5953757225433526,0.6907514450867052,0.6791907514450867,0.6627906976744186,0.6672453703703703,0.03887782681097658,156,0.7655571635311144,0.7691751085383502,0.7329956584659914,0.7373371924746743,0.7507225433526011,0.7511575332725463,0.014512250704361008
87,0.9074564933776855,0.2433791005868587,0.0013033390045166016,0.00024559324590910553,0.01,"(100, 25, 100)",30,"{'NN__alpha': 0.01, 'NN__hidden_layer_sizes': (100, 25, 100), 'km__n_clusters': 30}",0.7658959537572254,0.6098265895953757,0.569364161849711,0.5635838150289018,0.6162790697674418,0.625,0.0735609817097462,174,0.861794500723589,0.756150506512301,0.8545586107091172,0.7496382054992764,0.7521676300578035,0.7948618907004172,0.051788464980268276
88,0.7291932106018066,0.1293494604826873,0.0018048763275146484,0.00024551545595180444,0.01,"(100, 25, 100)",35,"{'NN__alpha': 0.01, 'NN__hidden_layer_sizes': (100, 25, 100), 'km__n_clusters': 35}",0.6994219653179191,0.6791907514450867,0.7052023121387283,0.6965317919075145,0.6831395348837209,0.6927083333333334,0.009900661271607407,76,0.7004341534008683,0.7351664254703328,0.7105643994211288,0.6968162083936325,0.7528901734104047,0.7191742720192734,0.021530053133678513
89,1.0312774181365967,0.12510588616008603,0.002105903625488281,0.00020089174941105865,0.01,"(100, 25, 100)",40,"{'NN__alpha': 0.01, 'NN__hidden_layer_sizes': (100, 25, 100), 'km__n_clusters': 40}",0.7138728323699421,0.6878612716763006,0.6647398843930635,0.6878612716763006,0.6773255813953488,0.6863425925925926,0.01619602814108475,111,0.7800289435600579,0.7879884225759769,0.7597684515195369,0.7474674384949349,0.7608381502890174,0.7672182812879048,0.014709273694855779
90,0.17876429557800294,0.009043134802103699,0.0009024143218994141,0.00020039112067213576,0.001,"(50, 50)",2,"{'NN__alpha': 0.001, 'NN__hidden_layer_sizes': (50, 50), 'km__n_clusters': 2}",0.6994219653179191,0.6994219653179191,0.6994219653179191,0.6994219653179191,0.7034883720930233,0.7002314814814815,0.0016237319954344998,12,0.7004341534008683,0.7004341534008683,0.7004341534008683,0.7004341534008683,0.6994219653179191,0.7002317157842785,0.00040487523317969123
91,0.3155195236206055,0.1048427441924739,0.00100250244140625,5.722045898437501e-07,0.001,"(50, 50)",5,"{'NN__alpha': 0.001, 'NN__hidden_layer_sizes': (50, 50), 'km__n_clusters': 5}",0.6994219653179191,0.6994219653179191,0.6994219653179191,0.5635838150289018,0.7034883720930233,0.6730324074074074,0.05478644875419475,150,0.7004341534008683,0.7105643994211288,0.7004341534008683,0.7279305354558611,0.6994219653179191,0.7077570413993292,0.010877260611664939
92,0.43422756195068357,0.09783296723576174,0.001102590560913086,0.00020067722253231345,0.001,"(50, 50)",10,"{'NN__alpha': 0.001, 'NN__hidden_layer_sizes': (50, 50), 'km__n_clusters': 10}",0.6994219653179191,0.6994219653179191,0.6878612716763006,0.615606936416185,0.6598837209302325,0.6724537037037037,0.031895121435364576,151,0.7004341534008683,0.7004341534008683,0.7163531114327062,0.7568740955137482,0.7261560693641619,0.7200503166224707,0.020863978305513422
93,0.4270085334777832,0.06145533441530397,0.0011026382446289063,0.00020029609394230522,0.001,"(50, 50)",15,"{'NN__alpha': 0.001, 'NN__hidden_layer_sizes': (50, 50), 'km__n_clusters': 15}",0.708092485549133,0.6994219653179191,0.6907514450867052,0.6763005780346821,0.7034883720930233,0.6956018518518519,0.011218198954738775,65,0.743849493487699,0.7178002894356006,0.7062228654124457,0.7054992764109985,0.7008670520231214,0.714847795353973,0.015537445883724724
94,0.6714437484741211,0.08892292734825834,0.0014034271240234374,0.0002006773924870121,0.001,"(50, 50)",20,"{'NN__alpha': 0.001, 'NN__hidden_layer_sizes': (50, 50), 'km__n_clusters': 20}",0.7052023121387283,0.6502890173410405,0.7167630057803468,0.6907514450867052,0.6802325581395349,0.6886574074074074,0.022863798394128634,104,0.7503617945007236,0.7510853835021708,0.76410998552822,0.7474674384949349,0.7239884393063584,0.7474026082664815,0.013035977774016836
95,0.6061738014221192,0.12335522099964277,0.0011030197143554687,0.0002003437775044573,0.001,"(50, 50)",25,"{'NN__alpha': 0.001, 'NN__hidden_layer_sizes': (50, 50), 'km__n_clusters': 25}",0.7196531791907514,0.6994219653179191,0.6820809248554913,0.6560693641618497,0.7034883720930233,0.6921296296296297,0.021647295902143864,78,0.768451519536903,0.7337192474674384,0.7120115774240231,0.7134587554269175,0.7290462427745664,0.7313374685259697,0.020403498806697836
96,0.6263410091400147,0.07637694912751357,0.0014036178588867187,0.00020029546958806073,0.001,"(50, 50)",30,"{'NN__alpha': 0.001, 'NN__hidden_layer_sizes': (50, 50), 'km__n_clusters': 30}",0.708092485549133,0.6791907514450867,0.6994219653179191,0.7283236994219653,0.6598837209302325,0.6950231481481481,0.023582218461593193,71,0.7829232995658466,0.7170767004341534,0.7004341534008683,0.7257597684515196,0.7124277456647399,0.7277243335034255,0.028785055114479027
97,0.7044516563415527,0.12464934407682791,0.0015040874481201173,5.56082906231432e-07,0.001,"(50, 50)",35,"{'NN__alpha': 0.001, 'NN__hidden_layer_sizes': (50, 50), 'km__n_clusters': 35}",0.7023121387283237,0.6213872832369942,0.6994219653179191,0.7052023121387283,0.6453488372093024,0.6747685185185185,0.03466894226301162,145,0.76410998552822,0.7612156295224313,0.6989869753979739,0.6997105643994211,0.7716763005780347,0.7391398910852163,0.03266922168588401
98,0.8781080722808838,0.1354697494834207,0.0015041828155517578,0.0003169589352846485,0.001,"(50, 50)",40,"{'NN__alpha': 0.001, 'NN__hidden_layer_sizes': (50, 50), 'km__n_clusters': 40}",0.7167630057803468,0.684971098265896,0.6791907514450867,0.6184971098265896,0.6715116279069767,0.6741898148148148,0.03183831042281357,148,0.756150506512301,0.7069464544138929,0.748191027496382,0.7756874095513748,0.7644508670520231,0.7502852530051948,0.023507329159401118
99,0.1334507942199707,0.00784010390686373,0.0008022308349609375,0.00024534012752720893,0.001,"(50,)",2,"{'NN__alpha': 0.001, 'NN__hidden_layer_sizes': (50,), 'km__n_clusters': 2}",0.6994219653179191,0.6994219653179191,0.6994219653179191,0.6994219653179191,0.7034883720930233,0.7002314814814815,0.0016237319954344998,12,0.7004341534008683,0.7004341534008683,0.7004341534008683,0.7004341534008683,0.6994219653179191,0.7002317157842785,0.00040487523317969123
100,0.23170919418334962,0.0347471896356523,0.0010024070739746093,4.672030911985737e-07,0.001,"(50,)",5,"{'NN__alpha': 0.001, 'NN__hidden_layer_sizes': (50,), 'km__n_clusters': 5}",0.6994219653179191,0.6994219653179191,0.6994219653179191,0.5549132947976878,0.7034883720930233,0.6712962962962963,0.05825481702371059,153,0.7004341534008683,0.7004341534008683,0.7004341534008683,0.7185238784370478,0.6994219653179191,0.7038496607915143,0.007347574061172208
101,0.32154541015625,0.024143835272968428,0.0009023666381835938,0.0003749160288900767,0.001,"(50,)",10,"{'NN__alpha': 0.001, 'NN__hidden_layer_sizes': (50,), 'km__n_clusters': 10}",0.6994219653179191,0.6994219653179191,0.7138728323699421,0.7109826589595376,0.6366279069767442,0.6921296296296297,0.028290710425714478,78,0.7004341534008683,0.7004341534008683,0.6997105643994211,0.703328509406657,0.7203757225433526,0.7048566206302336,0.007858447373644451
102,0.3177351951599121,0.013520514953028006,0.0011030673980712891,0.00020055776542557568,0.001,"(50,)",15,"{'NN__alpha': 0.001, 'NN__hidden_layer_sizes': (50,), 'km__n_clusters': 15}",0.6994219653179191,0.6994219653179191,0.6994219653179191,0.6994219653179191,0.7034883720930233,0.7002314814814815,0.0016237319954344998,12,0.6989869753979739,0.7004341534008683,0.7004341534008683,0.7004341534008683,0.6994219653179191,0.6999422801836996,0.0006179243608219855
103,0.4273229598999023,0.0749064294829021,0.0011031627655029297,0.0002001527592563137,0.001,"(50,)",20,"{'NN__alpha': 0.001, 'NN__hidden_layer_sizes': (50,), 'km__n_clusters': 20}",0.6994219653179191,0.6994219653179191,0.6647398843930635,0.6994219653179191,0.4738372093023256,0.6475694444444444,0.08765124829481132,170,0.7004341534008683,0.7004341534008683,0.7069464544138929,0.6881331403762663,0.7232658959537572,0.7038427595091307,0.01146229013688498
104,0.45158681869506834,0.011117070713644123,0.0009026050567626954,0.0002004866013696641,0.001,"(50,)",25,"{'NN__alpha': 0.001, 'NN__hidden_layer_sizes': (50,), 'km__n_clusters': 25}",0.6994219653179191,0.6994219653179191,0.6994219653179191,0.6994219653179191,0.7034883720930233,0.7002314814814815,0.0016237319954344998,12,0.7004341534008683,0.6982633863965267,0.7004341534008683,0.7004341534008683,0.6994219653179191,0.6997975623834102,0.0008614538275334931
105,0.5504472732543946,0.04791290024173801,0.0011029243469238281,0.00020003367095452446,0.001,"(50,)",30,"{'NN__alpha': 0.001, 'NN__hidden_layer_sizes': (50,), 'km__n_clusters': 30}",0.6994219653179191,0.684971098265896,0.661849710982659,0.7023121387283237,0.7034883720930233,0.6903935185185185,0.01574569819052647,92,0.6801736613603473,0.73589001447178,0.6866859623733719,0.7286541244573083,0.6893063583815029,0.7041420242088621,0.023272608093240447
106,0.6006787776947021,0.05775916613428239,0.0013035774230957032,0.0002456905759692791,0.001,"(50,)",35,"{'NN__alpha': 0.001, 'NN__hidden_layer_sizes': (50,), 'km__n_clusters': 35}",0.6878612716763006,0.6994219653179191,0.6994219653179191,0.6127167630057804,0.6831395348837209,0.6765046296296297,0.032552008694982745,143,0.7026049204052098,0.7004341534008683,0.6997105643994211,0.7272069464544139,0.6950867052023122,0.705008657972445,0.01136646823052339
107,0.6675547122955322,0.0926277447282791,0.0013034820556640625,0.00024590485313729667,0.001,"(50,)",40,"{'NN__alpha': 0.001, 'NN__hidden_layer_sizes': (50,), 'km__n_clusters': 40}",0.6994219653179191,0.6994219653179191,0.6965317919075145,0.6994219653179191,0.6191860465116279,0.6828703703703703,0.031769747617695916,125,0.7040520984081042,0.6931982633863966,0.691027496382055,0.6931982633863966,0.7261560693641619,0.7015264381854228,0.013129679824869513
108,0.13686008453369142,0.006567265490773906,0.0008020401000976562,0.00024576841226502783,0.001,"(25,)",2,"{'NN__alpha': 0.001, 'NN__hidden_layer_sizes': (25,), 'km__n_clusters': 2}",0.6994219653179191,0.6994219653179191,0.6994219653179191,0.6994219653179191,0.7034883720930233,0.7002314814814815,0.0016237319954344998,12,0.7004341534008683,0.7004341534008683,0.7004341534008683,0.7004341534008683,0.6994219653179191,0.7002317157842785,0.00040487523317969123
109,0.21616826057434083,0.028208668835293594,0.0013033390045166016,0.00040121098326362367,0.001,"(25,)",5,"{'NN__alpha': 0.001, 'NN__hidden_layer_sizes': (25,), 'km__n_clusters': 5}",0.6994219653179191,0.6763005780346821,0.6994219653179191,0.6994219653179191,0.7034883720930233,0.6956018518518519,0.009784784860335662,65,0.7004341534008683,0.7011577424023154,0.7004341534008683,0.7040520984081042,0.6994219653179191,0.7011000225860151,0.0015761169357013298
110,0.34260025024414065,0.04005713218992754,0.0009023189544677734,0.00020046239802090234,0.001,"(25,)",10,"{'NN__alpha': 0.001, 'NN__hidden_layer_sizes': (25,), 'km__n_clusters': 10}",0.6994219653179191,0.6994219653179191,0.6994219653179191,0.6994219653179191,0.7034883720930233,0.7002314814814815,0.0016237319954344998,12,0.7011577424023154,0.6982633863965267,0.7004341534008683,0.6837916063675832,0.6958092485549133,0.6958912274244413,0.006331019584283831
111,0.3925317764282227,0.03738378570727731,0.0010026931762695313,4.672030911985737e-07,0.001,"(25,)",15,"{'NN__alpha': 0.001, 'NN__hidden_layer_sizes': (25,), 'km__n_clusters': 15}",0.6994219653179191,0.6734104046242775,0.6994219653179191,0.6994219653179191,0.6773255813953488,0.6898148148148148,0.011848100725933796,95,0.6823444283646889,0.7105643994211288,0.7004341534008683,0.7026049204052098,0.7189306358381503,0.7029757074860092,0.012201595325341
112,0.4378509998321533,0.0264584702991505,0.0010025501251220703,3.371747880871523e-07,0.001,"(25,)",20,"{'NN__alpha': 0.001, 'NN__hidden_layer_sizes': (25,), 'km__n_clusters': 20}",0.6994219653179191,0.6502890173410405,0.6994219653179191,0.6705202312138728,0.7034883720930233,0.6846064814814815,0.020842667508185052,117,0.7004341534008683,0.6960926193921853,0.6895803183791607,0.6946454413892909,0.6856936416184971,0.6932892348360005,0.005141929989668021
113,0.5107426643371582,0.1040583426803515,0.001102781295776367,0.00020046251144547144,0.001,"(25,)",25,"{'NN__alpha': 0.001, 'NN__hidden_layer_sizes': (25,), 'km__n_clusters': 25}",0.6907514450867052,0.6994219653179191,0.6994219653179191,0.6994219653179191,0.6569767441860465,0.6892361111111112,0.016430233558733853,100,0.7206946454413893,0.7004341534008683,0.7004341534008683,0.7004341534008683,0.7059248554913294,0.7055843922270648,0.007848701132491942
114,0.53560791015625,0.0553702679571977,0.0010026454925537109,0.000317109638323435,0.001,"(25,)",30,"{'NN__alpha': 0.001, 'NN__hidden_layer_sizes': (25,), 'km__n_clusters': 30}",0.708092485549133,0.6820809248554913,0.5809248554913294,0.6994219653179191,0.6482558139534884,0.6637731481481481,0.046229439698189476,158,0.7083936324167872,0.7221418234442837,0.6772793053545586,0.6931982633863966,0.703757225433526,0.7009540500071104,0.015051728688733345
115,0.536811351776123,0.04121503392548295,0.0010024547576904298,4.422005889652111e-07,0.001,"(25,)",35,"{'NN__alpha': 0.001, 'NN__hidden_layer_sizes': (25,), 'km__n_clusters': 35}",0.708092485549133,0.7138728323699421,0.6994219653179191,0.6994219653179191,0.7034883720930233,0.7048611111111112,0.005529408014305837,1,0.7322720694645442,0.6845151953690304,0.7004341534008683,0.7004341534008683,0.6965317919075145,0.7028374727085651,0.015832970857347996
116,0.5924572944641113,0.04815518229843802,0.001002931594848633,2.431401974483864e-07,0.001,"(25,)",40,"{'NN__alpha': 0.001, 'NN__hidden_layer_sizes': (25,), 'km__n_clusters': 40}",0.6994219653179191,0.615606936416185,0.6994219653179191,0.6994219653179191,0.6918604651162791,0.6811342592592593,0.032917473855986555,130,0.7004341534008683,0.7069464544138929,0.7004341534008683,0.6968162083936325,0.6893063583815029,0.698787465598153,0.005757942496318992
117,0.1714503288269043,0.01088701254937309,0.0010026454925537109,0.0003172605707810993,0.001,"(25, 25)",2,"{'NN__alpha': 0.001, 'NN__hidden_layer_sizes': (25, 25), 'km__n_clusters': 2}",0.6994219653179191,0.6994219653179191,0.6994219653179191,0.6994219653179191,0.7034883720930233,0.7002314814814815,0.0016237319954344998,12,0.7004341534008683,0.7004341534008683,0.7004341534008683,0.7004341534008683,0.6994219653179191,0.7002317157842785,0.00040487523317969123
118,0.2724157333374023,0.03492659051484033,0.0010027885437011719,3.371747880871523e-07,0.001,"(25, 25)",5,"{'NN__alpha': 0.001, 'NN__hidden_layer_sizes': (25, 25), 'km__n_clusters': 5}",0.6994219653179191,0.6994219653179191,0.6994219653179191,0.6994219653179191,0.7034883720930233,0.7002314814814815,0.0016237319954344998,12,0.7004341534008683,0.7004341534008683,0.7004341534008683,0.7004341534008683,0.7015895953757225,0.7006652417958392,0.0004621767899416707
119,0.34059505462646483,0.03117986471309219,0.001102781295776367,0.00020058230867314028,0.001,"(25, 25)",10,"{'NN__alpha': 0.001, 'NN__hidden_layer_sizes': (25, 25), 'km__n_clusters': 10}",0.6994219653179191,0.6994219653179191,0.6994219653179191,0.6994219653179191,0.7034883720930233,0.7002314814814815,0.0016237319954344998,12,0.7004341534008683,0.7004341534008683,0.7004341534008683,0.7004341534008683,0.6914739884393064,0.6986421204085559,0.0035840659846247736
120,0.37739152908325196,0.026958615008406007,0.0010031700134277345,5.56082906231432e-07,0.001,"(25, 25)",15,"{'NN__alpha': 0.001, 'NN__hidden_layer_sizes': (25, 25), 'km__n_clusters': 15}",0.6994219653179191,0.6994219653179191,0.6994219653179191,0.6994219653179191,0.7034883720930233,0.7002314814814815,0.0016237319954344998,12,0.6975397973950795,0.7004341534008683,0.7004341534008683,0.7004341534008683,0.6994219653179191,0.6996528445831207,0.0011269076324224028
121,0.44707508087158204,0.02969775492722881,0.001203012466430664,0.0002454185660016774,0.001,"(25, 25)",20,"{'NN__alpha': 0.001, 'NN__hidden_layer_sizes': (25, 25), 'km__n_clusters': 20}",0.6994219653179191,0.6589595375722543,0.7167630057803468,0.6647398843930635,0.7034883720930233,0.6886574074074074,0.022722157477128465,104,0.6982633863965267,0.7004341534008683,0.6982633863965267,0.743849493487699,0.7001445086705202,0.7081909856704283,0.01785249491476659
122,0.4848745822906494,0.03340934419935584,0.0011032581329345702,0.00020034338028291,0.001,"(25, 25)",25,"{'NN__alpha': 0.001, 'NN__hidden_layer_sizes': (25, 25), 'km__n_clusters': 25}",0.6994219653179191,0.6994219653179191,0.6676300578034682,0.6994219653179191,0.6337209302325582,0.6799768518518519,0.026145648385602557,136,0.7004341534008683,0.7004341534008683,0.7141823444283647,0.7004341534008683,0.7182080924855492,0.7067385794233039,0.00782555722939486
123,0.5297922611236572,0.06391410939142622,0.0011034965515136718,0.00020046251144547144,0.001,"(25, 25)",30,"{'NN__alpha': 0.001, 'NN__hidden_layer_sizes': (25, 25), 'km__n_clusters': 30}",0.6994219653179191,0.6994219653179191,0.6994219653179191,0.6994219653179191,0.7034883720930233,0.7002314814814815,0.0016237319954344998,12,0.7127351664254703,0.7199710564399421,0.6997105643994211,0.6989869753979739,0.6994219653179191,0.7061651455961453,0.008630487518191645
124,0.5632803440093994,0.02439016933053549,0.001203298568725586,0.000245476630460566,0.001,"(25, 25)",35,"{'NN__alpha': 0.001, 'NN__hidden_layer_sizes': (25, 25), 'km__n_clusters': 35}",0.6994219653179191,0.6994219653179191,0.6907514450867052,0.6994219653179191,0.7034883720930233,0.6984953703703703,0.004181654018180848,60,0.7004341534008683,0.7004341534008683,0.7062228654124457,0.7047756874095513,0.6994219653179191,0.7022577649883306,0.002711266600951041
125,0.6142145156860351,0.024172693193156874,0.001203155517578125,0.0002454963403513383,0.001,"(25, 25)",40,"{'NN__alpha': 0.001, 'NN__hidden_layer_sizes': (25, 25), 'km__n_clusters': 40}",0.6994219653179191,0.6994219653179191,0.6965317919075145,0.7052023121387283,0.7034883720930233,0.7008101851851852,0.003118884078789994,8,0.7004341534008683,0.7004341534008683,0.7149059334298119,0.7011577424023154,0.6994219653179191,0.7032707895903566,0.005843765885229083
126,0.23963003158569335,0.0041701400468296505,0.0017045497894287109,0.00024559356994380613,0.001,"(100, 25, 100)",2,"{'NN__alpha': 0.001, 'NN__hidden_layer_sizes': (100, 25, 100), 'km__n_clusters': 2}",0.6994219653179191,0.6994219653179191,0.6994219653179191,0.6994219653179191,0.7034883720930233,0.7002314814814815,0.0016237319954344998,12,0.7004341534008683,0.7004341534008683,0.7004341534008683,0.7004341534008683,0.6994219653179191,0.7002317157842785,0.00040487523317969123
127,0.546637487411499,0.2589393363907039,0.0014034271240234374,0.0003749557260268122,0.001,"(100, 25, 100)",5,"{'NN__alpha': 0.001, 'NN__hidden_layer_sizes': (100, 25, 100), 'km__n_clusters': 5}",0.6994219653179191,0.684971098265896,0.6994219653179191,0.2774566473988439,0.625,0.5972222222222222,0.16233233216068085,180,0.7004341534008683,0.7214182344428365,0.7004341534008683,0.7503617945007236,0.7398843930635838,0.7225065457617761,0.02026558604999239
128,0.6279506206512451,0.24033106297754123,0.001403474807739258,0.00020046285171879363,0.001,"(100, 25, 100)",10,"{'NN__alpha': 0.001, 'NN__hidden_layer_sizes': (100, 25, 100), 'km__n_clusters': 10}",0.6994219653179191,0.6994219653179191,0.6936416184971098,0.6271676300578035,0.5087209302325582,0.6458333333333334,0.07362064207068958,172,0.7004341534008683,0.7004341534008683,0.7243125904486252,0.7373371924746743,0.7882947976878613,0.7301625774825794,0.03234999496550725
129,0.6771798610687256,0.19843635476691363,0.0015039920806884765,4.370284743266907e-07,0.001,"(100, 25, 100)",15,"{'NN__alpha': 0.001, 'NN__hidden_layer_sizes': (100, 25, 100), 'km__n_clusters': 15}",0.6994219653179191,0.6994219653179191,0.7427745664739884,0.6502890173410405,0.6308139534883721,0.6846064814814815,0.03971457784208257,117,0.7004341534008683,0.7004341534008683,0.7706222865412445,0.7424023154848046,0.7528901734104047,0.7333566164476382,0.02835451227704682
130,0.6562224864959717,0.13100351191221982,0.0015041351318359375,0.000316808339982984,0.001,"(100, 25, 100)",20,"{'NN__alpha': 0.001, 'NN__hidden_layer_sizes': (100, 25, 100), 'km__n_clusters': 20}",0.708092485549133,0.6994219653179191,0.6791907514450867,0.653179190751445,0.7034883720930233,0.6886574074074074,0.02031251064946685,104,0.756150506512301,0.7004341534008683,0.7243125904486252,0.7460202604920405,0.6994219653179191,0.7252678952343508,0.023108594838563108
131,0.8602614879608155,0.10897399964848706,0.0017045021057128906,0.0002457294786930281,0.001,"(100, 25, 100)",25,"{'NN__alpha': 0.001, 'NN__hidden_layer_sizes': (100, 25, 100), 'km__n_clusters': 25}",0.7109826589595376,0.5635838150289018,0.6936416184971098,0.6705202312138728,0.6598837209302325,0.6597222222222222,0.051288555017969126,164,0.7612156295224313,0.7575976845151954,0.7250361794500724,0.7416787264833574,0.740606936416185,0.7452270312774483,0.013040510544621665
132,0.9287412166595459,0.27143349261520694,0.001604604721069336,0.00020036720083406315,0.001,"(100, 25, 100)",30,"{'NN__alpha': 0.001, 'NN__hidden_layer_sizes': (100, 25, 100), 'km__n_clusters': 30}",0.6994219653179191,0.5982658959537572,0.5289017341040463,0.6589595375722543,0.6395348837209303,0.625,0.05808788836895283,174,0.7004341534008683,0.7655571635311144,0.9225759768451519,0.7771345875542692,0.7514450867052023,0.7834293936073212,0.07433978558328065
133,1.0183764934539794,0.3170387368840523,0.0021603584289550783,0.00020308703371986695,0.001,"(100, 25, 100)",35,"{'NN__alpha': 0.001, 'NN__hidden_layer_sizes': (100, 25, 100), 'km__n_clusters': 35}",0.6994219653179191,0.684971098265896,0.6763005780346821,0.653179190751445,0.6656976744186046,0.6759259259259259,0.015854960125329075,144,0.7004341534008683,0.8140376266280752,0.8328509406657019,0.7727930535455861,0.7117052023121387,0.7663641953104741,0.053045168529332706
134,1.0882605075836183,0.25096130471808636,0.0020051002502441406,4.523674478771752e-07,0.001,"(100, 25, 100)",40,"{'NN__alpha': 0.001, 'NN__hidden_layer_sizes': (100, 25, 100), 'km__n_clusters': 40}",0.6994219653179191,0.661849710982659,0.6011560693641619,0.7167630057803468,0.6598837209302325,0.6678240740740741,0.039863848528621855,155,0.7004341534008683,0.7858176555716353,0.8965267727930536,0.7452966714905933,0.755057803468208,0.7766266113448717,0.0658977894338198
135,0.1843846321105957,0.0123670534179411,0.0010027885437011719,2.132480599880018e-07,0.0001,"(50, 50)",2,"{'NN__alpha': 0.0001, 'NN__hidden_layer_sizes': (50, 50), 'km__n_clusters': 2}",0.6994219653179191,0.6994219653179191,0.6994219653179191,0.6994219653179191,0.7034883720930233,0.7002314814814815,0.0016237319954344998,12,0.7004341534008683,0.7004341534008683,0.7004341534008683,0.7004341534008683,0.6994219653179191,0.7002317157842785,0.00040487523317969123
136,0.303297233581543,0.06613080710621674,0.0012032508850097657,0.0004012823494408075,0.0001,"(50, 50)",5,"{'NN__alpha': 0.0001, 'NN__hidden_layer_sizes': (50, 50), 'km__n_clusters': 5}",0.6994219653179191,0.6994219653179191,0.6994219653179191,0.630057803468208,0.7034883720930233,0.6863425925925926,0.02820661213129991,111,0.7004341534008683,0.7105643994211288,0.7004341534008683,0.7322720694645442,0.6994219653179191,0.7086253482010658,0.012504566742994562
137,0.3869174480438232,0.08228033105512957,0.0013049125671386718,0.00024659883394980136,0.0001,"(50, 50)",10,"{'NN__alpha': 0.0001, 'NN__hidden_layer_sizes': (50, 50), 'km__n_clusters': 10}",0.6994219653179191,0.6994219653179191,0.653179190751445,0.6994219653179191,0.6424418604651163,0.6788194444444444,0.025496082216436136,139,0.7004341534008683,0.7004341534008683,0.7322720694645442,0.7004341534008683,0.736271676300578,0.7139692411935454,0.016625209406726266
138,0.43384037017822263,0.06650588662398357,0.0010026454925537109,0.0003168834097947543,0.0001,"(50, 50)",15,"{'NN__alpha': 0.0001, 'NN__hidden_layer_sizes': (50, 50), 'km__n_clusters': 15}",0.708092485549133,0.6994219653179191,0.6878612716763006,0.6560693641618497,0.7034883720930233,0.6909722222222222,0.018709146903735898,85,0.7409551374819102,0.7178002894356006,0.7054992764109985,0.7308248914616498,0.7008670520231214,0.7191893293626561,0.015061138981422993
139,0.5695972442626953,0.0703226778957118,0.0013035297393798827,0.00024574905727732125,0.0001,"(50, 50)",20,"{'NN__alpha': 0.0001, 'NN__hidden_layer_sizes': (50, 50), 'km__n_clusters': 20}",0.7052023121387283,0.6560693641618497,0.7225433526011561,0.6936416184971098,0.6831395348837209,0.6921296296296297,0.022278878429737217,78,0.7373371924746743,0.7445730824891461,0.7633863965267728,0.7474674384949349,0.7247109826589595,0.7434950185288975,0.012675709733348287
140,0.6161194801330566,0.08069410212066808,0.0012032508850097657,0.0002454182880596196,0.0001,"(50, 50)",25,"{'NN__alpha': 0.0001, 'NN__hidden_layer_sizes': (50, 50), 'km__n_clusters': 25}",0.7196531791907514,0.6994219653179191,0.684971098265896,0.653179190751445,0.6976744186046512,0.6909722222222222,0.021935191738597364,85,0.7698986975397974,0.7286541244573083,0.7120115774240231,0.7286541244573083,0.7290462427745664,0.7336529533306007,0.01925254002340636
141,0.6024837493896484,0.0690235264635012,0.0013031959533691406,0.00024567111304206474,0.0001,"(50, 50)",30,"{'NN__alpha': 0.0001, 'NN__hidden_layer_sizes': (50, 50), 'km__n_clusters': 30}",0.7023121387283237,0.6820809248554913,0.6994219653179191,0.7312138728323699,0.7034883720930233,0.7037037037037037,0.015786769124979623,6,0.7583212735166426,0.7192474674384949,0.7004341534008683,0.7272069464544139,0.7015895953757225,0.7213598872372284,0.02113549276203766
142,0.6871057987213135,0.14480077883516834,0.0012035369873046875,0.00024528194732562774,0.0001,"(50, 50)",35,"{'NN__alpha': 0.0001, 'NN__hidden_layer_sizes': (50, 50), 'km__n_clusters': 35}",0.7023121387283237,0.6994219653179191,0.6994219653179191,0.7052023121387283,0.622093023255814,0.6857638888888888,0.03181565581483859,115,0.7633863965267728,0.7047756874095513,0.6982633863965267,0.7004341534008683,0.778179190751445,0.7290077628970328,0.03449226317876148
143,0.8067205905914306,0.07105193092324248,0.00140380859375,0.00020062931222851804,0.0001,"(50, 50)",40,"{'NN__alpha': 0.0001, 'NN__hidden_layer_sizes': (50, 50), 'km__n_clusters': 40}",0.7196531791907514,0.6734104046242775,0.684971098265896,0.6994219653179191,0.6773255813953488,0.6909722222222222,0.016883295692250947,85,0.7424023154848046,0.7040520984081042,0.7409551374819102,0.7011577424023154,0.7442196531791907,0.726557389391265,0.019605828646122942
144,0.1485903739929199,0.013356693779265131,0.0009024620056152343,0.00020017697732615698,0.0001,"(50,)",2,"{'NN__alpha': 0.0001, 'NN__hidden_layer_sizes': (50,), 'km__n_clusters': 2}",0.6994219653179191,0.6994219653179191,0.6994219653179191,0.6994219653179191,0.7034883720930233,0.7002314814814815,0.0016237319954344998,12,0.7004341534008683,0.7004341534008683,0.7004341534008683,0.7004341534008683,0.6994219653179191,0.7002317157842785,0.00040487523317969123
145,0.24023146629333497,0.03657538309096858,0.0009028911590576172,0.0003749930299849857,0.0001,"(50,)",5,"{'NN__alpha': 0.0001, 'NN__hidden_layer_sizes': (50,), 'km__n_clusters': 5}",0.6994219653179191,0.6994219653179191,0.6994219653179191,0.6069364161849711,0.7034883720930233,0.6817129629629629,0.03744834324663881,128,0.7004341534008683,0.7004341534008683,0.7004341534008683,0.7185238784370478,0.6994219653179191,0.7038496607915143,0.007347574061172208
146,0.33076977729797363,0.029538575506027284,0.0009023189544677734,0.0002008199904064904,0.0001,"(50,)",10,"{'NN__alpha': 0.0001, 'NN__hidden_layer_sizes': (50,), 'km__n_clusters': 10}",0.6994219653179191,0.6994219653179191,0.7167630057803468,0.7138728323699421,0.6366279069767442,0.6932870370370371,0.029143716171924704,73,0.7004341534008683,0.7004341534008683,0.6982633863965267,0.7069464544138929,0.7203757225433526,0.7052907740311019,0.008085229174313036
147,0.31482772827148436,0.014310096931226632,0.0009022235870361328,0.00020041491285875551,0.0001,"(50,)",15,"{'NN__alpha': 0.0001, 'NN__hidden_layer_sizes': (50,), 'km__n_clusters': 15}",0.6994219653179191,0.6994219653179191,0.6994219653179191,0.6994219653179191,0.7034883720930233,0.7002314814814815,0.0016237319954344998,12,0.6989869753979739,0.7004341534008683,0.7004341534008683,0.7004341534008683,0.6994219653179191,0.6999422801836996,0.0006179243608219855
148,0.4069697856903076,0.04566735487705917,0.0010024547576904298,1.1680077279964343e-07,0.0001,"(50,)",20,"{'NN__alpha': 0.0001, 'NN__hidden_layer_sizes': (50,), 'km__n_clusters': 20}",0.6994219653179191,0.6994219653179191,0.6647398843930635,0.6994219653179191,0.5087209302325582,0.6545138888888888,0.07391763233968596,166,0.7004341534008683,0.7004341534008683,0.7069464544138929,0.6881331403762663,0.7203757225433526,0.7032647248270496,0.010500766569985057
149,0.44376659393310547,0.007749135012392299,0.0011026382446289063,0.00020053417160206956,0.0001,"(50,)",25,"{'NN__alpha': 0.0001, 'NN__hidden_layer_sizes': (50,), 'km__n_clusters': 25}",0.6994219653179191,0.6994219653179191,0.6994219653179191,0.6994219653179191,0.7034883720930233,0.7002314814814815,0.0016237319954344998,12,0.7004341534008683,0.6982633863965267,0.7004341534008683,0.7004341534008683,0.6994219653179191,0.6997975623834102,0.0008614538275334931
150,0.538214921951294,0.04225955106068387,0.0012029647827148438,0.00024574901101596437,0.0001,"(50,)",30,"{'NN__alpha': 0.0001, 'NN__hidden_layer_sizes': (50,), 'km__n_clusters': 30}",0.6994219653179191,0.684971098265896,0.661849710982659,0.7052023121387283,0.7034883720930233,0.6909722222222222,0.016219104997018778,85,0.6801736613603473,0.7380607814761215,0.6866859623733719,0.7431259044862518,0.6893063583815029,0.707470533615519,0.027254811078669016
151,0.6284520626068115,0.04463540998634159,0.0010025501251220703,4.76837158203125e-07,0.0001,"(50,)",35,"{'NN__alpha': 0.0001, 'NN__hidden_layer_sizes': (50,), 'km__n_clusters': 35}",0.6878612716763006,0.6994219653179191,0.6994219653179191,0.6242774566473989,0.6627906976744186,0.6747685185185185,0.02857870656031367,145,0.7018813314037626,0.7004341534008683,0.6997105643994211,0.7257597684515196,0.7189306358381503,0.7093432906987444,0.010855974470304333
152,0.6498081684112549,0.12137326350044618,0.0011028289794921876,0.00020103494175432237,0.0001,"(50,)",40,"{'NN__alpha': 0.0001, 'NN__hidden_layer_sizes': (50,), 'km__n_clusters': 40}",0.6994219653179191,0.6994219653179191,0.6994219653179191,0.6994219653179191,0.686046511627907,0.6967592592592593,0.005340870530437477,61,0.703328509406657,0.6931982633863966,0.6888567293777135,0.6931982633863966,0.7630057803468208,0.708317509180797,0.027754647391750483
153,0.12753524780273437,0.009004797996529656,0.0008028984069824219,0.0002446227417017334,0.0001,"(25,)",2,"{'NN__alpha': 0.0001, 'NN__hidden_layer_sizes': (25,), 'km__n_clusters': 2}",0.6994219653179191,0.6994219653179191,0.6994219653179191,0.6994219653179191,0.7034883720930233,0.7002314814814815,0.0016237319954344998,12,0.7004341534008683,0.7004341534008683,0.7004341534008683,0.7004341534008683,0.6994219653179191,0.7002317157842785,0.00040487523317969123
154,0.21035280227661132,0.031022650031064043,0.0008023262023925781,0.00024571000033985434,0.0001,"(25,)",5,"{'NN__alpha': 0.0001, 'NN__hidden_layer_sizes': (25,), 'km__n_clusters': 5}",0.6994219653179191,0.6763005780346821,0.6994219653179191,0.6994219653179191,0.7034883720930233,0.6956018518518519,0.009784784860335662,65,0.7004341534008683,0.7011577424023154,0.7004341534008683,0.7040520984081042,0.6994219653179191,0.7011000225860151,0.0015761169357013298
155,0.2969805717468262,0.025569460767559476,0.0008019447326660156,0.0002457880525036398,0.0001,"(25,)",10,"{'NN__alpha': 0.0001, 'NN__hidden_layer_sizes': (25,), 'km__n_clusters': 10}",0.6994219653179191,0.6994219653179191,0.6994219653179191,0.6994219653179191,0.7034883720930233,0.7002314814814815,0.0016237319954344998,12,0.7011577424023154,0.6982633863965267,0.7004341534008683,0.6837916063675832,0.6958092485549133,0.6958912274244413,0.006331019584283831
156,0.34911723136901857,0.03231935770645925,0.0009027481079101563,0.0002004385207203309,0.0001,"(25,)",15,"{'NN__alpha': 0.0001, 'NN__hidden_layer_sizes': (25,), 'km__n_clusters': 15}",0.6994219653179191,0.6734104046242775,0.6994219653179191,0.6994219653179191,0.6773255813953488,0.6898148148148148,0.011848100725933796,95,0.6823444283646889,0.7105643994211288,0.7004341534008683,0.7026049204052098,0.7196531791907514,0.7031202161565295,0.01239248604903924
157,0.3981464862823486,0.02249185891851164,0.0011030197143554687,0.0004913711384969524,0.0001,"(25,)",20,"{'NN__alpha': 0.0001, 'NN__hidden_layer_sizes': (25,), 'km__n_clusters': 20}",0.6994219653179191,0.6502890173410405,0.6994219653179191,0.6705202312138728,0.7034883720930233,0.6846064814814815,0.020842667508185052,117,0.7004341534008683,0.6960926193921853,0.6895803183791607,0.6946454413892909,0.6856936416184971,0.6932892348360005,0.005141929989668021
158,0.4878823280334473,0.05206704699680048,0.0010029792785644532,2.78041453115716e-07,0.0001,"(25,)",25,"{'NN__alpha': 0.0001, 'NN__hidden_layer_sizes': (25,), 'km__n_clusters': 25}",0.6907514450867052,0.6994219653179191,0.6994219653179191,0.6994219653179191,0.6569767441860465,0.6892361111111112,0.016430233558733853,100,0.7141823444283647,0.7004341534008683,0.7004341534008683,0.7004341534008683,0.7059248554913294,0.7042819320244599,0.005387644462914885
159,0.5268850803375245,0.060364111593743476,0.0010026454925537109,3.2340669551493016e-07,0.0001,"(25,)",30,"{'NN__alpha': 0.0001, 'NN__hidden_layer_sizes': (25,), 'km__n_clusters': 30}",0.708092485549133,0.6820809248554913,0.5809248554913294,0.6994219653179191,0.6482558139534884,0.6637731481481481,0.046229439698189476,158,0.7083936324167872,0.7221418234442837,0.6772793053545586,0.6931982633863966,0.703757225433526,0.7009540500071104,0.015051728688733345
160,0.5370115280151367,0.0356568908858272,0.0010027885437011719,3.015782985847835e-07,0.0001,"(25,)",35,"{'NN__alpha': 0.0001, 'NN__hidden_layer_sizes': (25,), 'km__n_clusters': 35}",0.708092485549133,0.7138728323699421,0.6994219653179191,0.6994219653179191,0.7034883720930233,0.7048611111111112,0.005529408014305837,1,0.731548480463097,0.6845151953690304,0.7004341534008683,0.7004341534008683,0.6965317919075145,0.7026927549082758,0.015564296288192713
161,0.5969690322875977,0.02516462359046542,0.0013050079345703126,0.00024658030949595793,0.0001,"(25,)",40,"{'NN__alpha': 0.0001, 'NN__hidden_layer_sizes': (25,), 'km__n_clusters': 40}",0.6994219653179191,0.615606936416185,0.6994219653179191,0.6994219653179191,0.6918604651162791,0.6811342592592593,0.032917473855986555,130,0.7004341534008683,0.7069464544138929,0.7004341534008683,0.6968162083936325,0.6893063583815029,0.698787465598153,0.005757942496318992
162,0.16192569732666015,0.00823748336404342,0.0011028289794921876,0.00020032011307527138,0.0001,"(25, 25)",2,"{'NN__alpha': 0.0001, 'NN__hidden_layer_sizes': (25, 25), 'km__n_clusters': 2}",0.6994219653179191,0.6994219653179191,0.6994219653179191,0.6994219653179191,0.7034883720930233,0.7002314814814815,0.0016237319954344998,12,0.7004341534008683,0.7004341534008683,0.7004341534008683,0.7004341534008683,0.6994219653179191,0.7002317157842785,0.00040487523317969123
163,0.23882770538330078,0.0249166330080394,0.0008024215698242187,0.00024559356994380613,0.0001,"(25, 25)",5,"{'NN__alpha': 0.0001, 'NN__hidden_layer_sizes': (25, 25), 'km__n_clusters': 5}",0.6994219653179191,0.6994219653179191,0.6994219653179191,0.6994219653179191,0.7034883720930233,0.7002314814814815,0.0016237319954344998,12,0.7004341534008683,0.7004341534008683,0.7004341534008683,0.7004341534008683,0.7015895953757225,0.7006652417958392,0.0004621767899416707
164,0.3020941734313965,0.022632754716693484,0.0008020401000976562,0.0002455739604454255,0.0001,"(25, 25)",10,"{'NN__alpha': 0.0001, 'NN__hidden_layer_sizes': (25, 25), 'km__n_clusters': 10}",0.6994219653179191,0.6994219653179191,0.6994219653179191,0.6994219653179191,0.7034883720930233,0.7002314814814815,0.0016237319954344998,12,0.7004341534008683,0.7004341534008683,0.7004341534008683,0.7004341534008683,0.6914739884393064,0.6986421204085559,0.0035840659846247736
165,0.35463242530822753,0.02170793793617071,0.0010025501251220703,3.371747880871523e-07,0.0001,"(25, 25)",15,"{'NN__alpha': 0.0001, 'NN__hidden_layer_sizes': (25, 25), 'km__n_clusters': 15}",0.6994219653179191,0.6994219653179191,0.6994219653179191,0.6994219653179191,0.7034883720930233,0.7002314814814815,0.0016237319954344998,12,0.6946454413892909,0.7004341534008683,0.7004341534008683,0.7004341534008683,0.6994219653179191,0.6990739733819631,0.00224870020452257
166,0.445571756362915,0.03581126380377139,0.0011029243469238281,0.00020074850023499912,0.0001,"(25, 25)",20,"{'NN__alpha': 0.0001, 'NN__hidden_layer_sizes': (25, 25), 'km__n_clusters': 20}",0.6994219653179191,0.6589595375722543,0.7196531791907514,0.661849710982659,0.7034883720930233,0.6886574074074074,0.024080147312244896,104,0.6982633863965267,0.7011577424023154,0.6975397973950795,0.743849493487699,0.7001445086705202,0.7081909856704283,0.01787594205491257
167,0.5293930053710938,0.06830499039164786,0.0012017250061035155,0.00024687534586407915,0.0001,"(25, 25)",25,"{'NN__alpha': 0.0001, 'NN__hidden_layer_sizes': (25, 25), 'km__n_clusters': 25}",0.6994219653179191,0.7167630057803468,0.6734104046242775,0.6994219653179191,0.6337209302325582,0.6846064814814815,0.028905338428675376,117,0.7004341534008683,0.7322720694645442,0.7163531114327062,0.7004341534008683,0.7167630057803468,0.7132512986958667,0.011935673224099084
168,0.5402197360992431,0.06058821465332617,0.0012032508850097657,0.00024561277055112706,0.0001,"(25, 25)",30,"{'NN__alpha': 0.0001, 'NN__hidden_layer_sizes': (25, 25), 'km__n_clusters': 30}",0.6994219653179191,0.6994219653179191,0.6994219653179191,0.6994219653179191,0.7034883720930233,0.7002314814814815,0.0016237319954344998,12,0.7120115774240231,0.7199710564399421,0.6997105643994211,0.6989869753979739,0.6994219653179191,0.7060204277958559,0.008524522851397187
169,0.6004785537719727,0.0597820137006367,0.0011026382446289063,0.00020065330280537733,0.0001,"(25, 25)",35,"{'NN__alpha': 0.0001, 'NN__hidden_layer_sizes': (25, 25), 'km__n_clusters': 35}",0.6994219653179191,0.6965317919075145,0.6820809248554913,0.6994219653179191,0.627906976744186,0.6811342592592593,0.02730544773004674,130,0.7004341534008683,0.7062228654124457,0.6939218523878437,0.7040520984081042,0.7102601156069365,0.7029782170432397,0.005535287011628327
170,0.599876880645752,0.010212765812003942,0.0012031078338623046,0.00024582689355478527,0.0001,"(25, 25)",40,"{'NN__alpha': 0.0001, 'NN__hidden_layer_sizes': (25, 25), 'km__n_clusters': 40}",0.6994219653179191,0.6994219653179191,0.6965317919075145,0.7052023121387283,0.7034883720930233,0.7008101851851852,0.003118884078789994,8,0.7004341534008683,0.7004341534008683,0.7149059334298119,0.7011577424023154,0.6994219653179191,0.7032707895903566,0.005843765885229083
171,0.23100504875183106,0.008384294046158222,0.0015041351318359375,0.00031665729967923913,0.0001,"(100, 25, 100)",2,"{'NN__alpha': 0.0001, 'NN__hidden_layer_sizes': (100, 25, 100), 'km__n_clusters': 2}",0.6994219653179191,0.6994219653179191,0.6994219653179191,0.6994219653179191,0.7034883720930233,0.7002314814814815,0.0016237319954344998,12,0.7004341534008683,0.7004341534008683,0.7004341534008683,0.7004341534008683,0.6994219653179191,0.7002317157842785,0.00040487523317969123
172,0.4333395004272461,0.10567461532031563,0.0014035701751708984,0.00020051039356646874,0.0001,"(100, 25, 100)",5,"{'NN__alpha': 0.0001, 'NN__hidden_layer_sizes': (100, 25, 100), 'km__n_clusters': 5}",0.6994219653179191,0.6820809248554913,0.6994219653179191,0.29190751445086704,0.622093023255814,0.5989583333333334,0.15623614830462984,177,0.7004341534008683,0.7214182344428365,0.7004341534008683,0.7214182344428365,0.7456647398843931,0.7178739031143605,0.01676749783151396
173,0.5245788097381592,0.12075916981295853,0.0013035297393798827,0.00024565151898962216,0.0001,"(100, 25, 100)",10,"{'NN__alpha': 0.0001, 'NN__hidden_layer_sizes': (100, 25, 100), 'km__n_clusters': 10}",0.6994219653179191,0.6994219653179191,0.7052023121387283,0.6271676300578035,0.5,0.6464120370370371,0.0784791997680649,171,0.7004341534008683,0.7004341534008683,0.7228654124457308,0.7387843704775687,0.7463872832369942,0.721781074592406,0.019011235899409545
174,0.6124095439910888,0.17281488992871424,0.0015041351318359375,0.0003168085552932231,0.0001,"(100, 25, 100)",15,"{'NN__alpha': 0.0001, 'NN__hidden_layer_sizes': (100, 25, 100), 'km__n_clusters': 15}",0.6994219653179191,0.6994219653179191,0.7485549132947977,0.6560693641618497,0.6598837209302325,0.6927083333333334,0.033553345733504755,76,0.7004341534008683,0.7004341534008683,0.7670043415340086,0.7387843704775687,0.7471098265895953,0.7307533690805819,0.026399520330368312
175,0.6521140575408936,0.15233318659697964,0.0014034271240234374,0.00020067722253231345,0.0001,"(100, 25, 100)",20,"{'NN__alpha': 0.0001, 'NN__hidden_layer_sizes': (100, 25, 100), 'km__n_clusters': 20}",0.708092485549133,0.6994219653179191,0.6936416184971098,0.6705202312138728,0.7034883720930233,0.6950231481481481,0.013150697242124459,71,0.7568740955137482,0.7004341534008683,0.7272069464544139,0.743849493487699,0.6994219653179191,0.7255573308349297,0.022944696865493705
176,0.9235275268554688,0.037085636817087195,0.0015043258666992188,4.422005889652111e-07,0.0001,"(100, 25, 100)",25,"{'NN__alpha': 0.0001, 'NN__hidden_layer_sizes': (100, 25, 100), 'km__n_clusters': 25}",0.708092485549133,0.5924855491329479,0.684971098265896,0.6705202312138728,0.6627906976744186,0.6637731481481481,0.03886049513750115,158,0.7597684515195369,0.7568740955137482,0.7337192474674384,0.7539797395079595,0.7586705202312138,0.7526024108479794,0.009642533627329317
177,0.8469261646270752,0.1552062794220847,0.0015039443969726562,3.015782985847835e-07,0.0001,"(100, 25, 100)",30,"{'NN__alpha': 0.0001, 'NN__hidden_layer_sizes': (100, 25, 100), 'km__n_clusters': 30}",0.6994219653179191,0.6647398843930635,0.5520231213872833,0.6502890173410405,0.5552325581395349,0.6244212962962963,0.05990238010111754,176,0.7004341534008683,0.7366136034732272,0.8458755426917511,0.7908827785817656,0.7723988439306358,0.7692409844156496,0.04929527530114166
178,0.9666404724121094,0.33769067002547853,0.0021056175231933595,0.0003754640612569797,0.0001,"(100, 25, 100)",35,"{'NN__alpha': 0.0001, 'NN__hidden_layer_sizes': (100, 25, 100), 'km__n_clusters': 35}",0.6994219653179191,0.6416184971098265,0.684971098265896,0.6358381502890174,0.6656976744186046,0.6655092592592593,0.024427289730606268,157,0.7004341534008683,0.7800289435600579,0.8914616497829233,0.7431259044862518,0.7117052023121387,0.765351170708448,0.06885544490919368
179,0.9684453964233398,0.1912188481749818,0.0021056175231933595,0.00020067699592582475,0.0001,"(100, 25, 100)",40,"{'NN__alpha': 0.0001, 'NN__hidden_layer_sizes': (100, 25, 100), 'km__n_clusters': 40}",0.6994219653179191,0.6791907514450867,0.6647398843930635,0.7023121387283237,0.688953488372093,0.6869212962962963,0.01378495889248451,110,0.7004341534008683,0.7872648335745297,0.756150506512301,0.7409551374819102,0.759393063583815,0.7488395389106849,0.028448464044814676
