,mean_fit_time,std_fit_time,mean_score_time,std_score_time,param_NN__alpha,param_NN__hidden_layer_sizes,param_rp__n_components,params,split0_test_score,split1_test_score,split2_test_score,split3_test_score,split4_test_score,mean_test_score,std_test_score,rank_test_score,split0_train_score,split1_train_score,split2_train_score,split3_train_score,split4_train_score,mean_train_score,std_train_score
0,0.15481104850769042,0.01977662433804578,0.0014037132263183595,0.000491030564613219,0.1,"(50, 50)",2,"{'NN__alpha': 0.1, 'NN__hidden_layer_sizes': (50, 50), 'rp__n_components': 2}",0.6994219653179191,0.6098265895953757,0.6994219653179191,0.6994219653179191,0.7034883720930233,0.6822916666666666,0.0362928248949727,166,0.7004341534008683,0.7054992764109985,0.7004341534008683,0.7004341534008683,0.6994219653179191,0.7012447403863045,0.002163087585754307
1,0.2464540958404541,0.07378239530257881,0.00140380859375,0.0004908555314123047,0.1,"(50, 50)",4,"{'NN__alpha': 0.1, 'NN__hidden_layer_sizes': (50, 50), 'rp__n_components': 4}",0.7023121387283237,0.6994219653179191,0.6705202312138728,0.653179190751445,0.7034883720930233,0.6857638888888888,0.020343317541663634,163,0.7026049204052098,0.7004341534008683,0.7011577424023154,0.7083936324167872,0.7015895953757225,0.7028360088001806,0.0028663431754146888
2,0.4489915370941162,0.1349738944463769,0.001203012466430664,0.0004015207963108387,0.1,"(50, 50)",6,"{'NN__alpha': 0.1, 'NN__hidden_layer_sizes': (50, 50), 'rp__n_components': 6}",0.7167630057803468,0.7485549132947977,0.6965317919075145,0.7803468208092486,0.7093023255813954,0.7303240740740741,0.03034845286214731,82,0.7952243125904487,0.768451519536903,0.7771345875542692,0.776410998552822,0.8070809248554913,0.784860468617987,0.014152698186754444
3,0.46924524307250975,0.06568782033108342,0.0012032032012939454,0.00040094856346249496,0.1,"(50, 50)",8,"{'NN__alpha': 0.1, 'NN__hidden_layer_sizes': (50, 50), 'rp__n_components': 8}",0.7427745664739884,0.8265895953757225,0.6473988439306358,0.7745664739884393,0.7819767441860465,0.7546296296296297,0.059965031667988694,59,0.9167872648335745,0.934876989869754,0.942836468885673,0.9081041968162084,0.9219653179190751,0.924914047664857,0.01247224191273383
4,0.6429060935974121,0.1557832169950812,0.0014039993286132813,0.0004910888781735411,0.1,"(50, 50)",10,"{'NN__alpha': 0.1, 'NN__hidden_layer_sizes': (50, 50), 'rp__n_components': 10}",0.8121387283236994,0.6242774566473989,0.6213872832369942,0.7138728323699421,0.7994186046511628,0.7141203703703703,0.08191624289253974,114,0.9826338639652678,0.9240231548480463,0.91027496382055,0.9645441389290883,0.9667630057803468,0.9496478254686599,0.027603457270018675
5,0.7150978565216064,0.15290950209013018,0.0016043663024902343,0.0004911864223821531,0.1,"(50, 50)",12,"{'NN__alpha': 0.1, 'NN__hidden_layer_sizes': (50, 50), 'rp__n_components': 12}",0.7196531791907514,0.7658959537572254,0.815028901734104,0.8872832369942196,0.7267441860465116,0.7829861111111112,0.06224955185720734,5,0.9761215629522432,0.9746743849493488,0.9790159189580319,0.9536903039073806,0.9913294797687862,0.9749663301071582,0.012151056929050316
6,0.7467822074890137,0.0964648774533805,0.0016042232513427735,0.0004910695753645186,0.1,"(50, 50)",14,"{'NN__alpha': 0.1, 'NN__hidden_layer_sizes': (50, 50), 'rp__n_components': 14}",0.6734104046242775,0.8005780346820809,0.791907514450867,0.8063583815028902,0.8313953488372093,0.7806712962962963,0.05525026367340693,9,0.9667149059334298,0.9884225759768451,0.9819102749638206,0.9869753979739508,0.9819364161849711,0.9811919142066035,0.0076991590194987755
7,0.5831479072570801,0.07403051608208622,0.0014035701751708984,0.0004907580140972682,0.1,"(50, 50)",16,"{'NN__alpha': 0.1, 'NN__hidden_layer_sizes': (50, 50), 'rp__n_components': 16}",0.7023121387283237,0.8034682080924855,0.7630057803468208,0.7138728323699421,0.7965116279069767,0.7557870370370371,0.041474856030347236,53,0.9746743849493488,0.9891461649782923,0.9746743849493488,0.9746743849493488,0.9761560693641619,0.9778650778381002,0.00566965960811737
8,0.6848176002502442,0.13746186053257514,0.0012033462524414062,0.0004012346657296167,0.1,"(50, 50)",18,"{'NN__alpha': 0.1, 'NN__hidden_layer_sizes': (50, 50), 'rp__n_components': 18}",0.7225433526011561,0.791907514450867,0.7023121387283237,0.5664739884393064,0.7965116279069767,0.7158564814814815,0.08346852578533998,111,0.9934876989869754,0.9905933429811867,0.9587554269175108,0.9956584659913169,0.9732658959537572,0.9823521661661493,0.014200993705220079
9,0.5590843200683594,0.08936504847147002,0.0016040802001953125,0.0004913421566700798,0.1,"(50, 50)",20,"{'NN__alpha': 0.1, 'NN__hidden_layer_sizes': (50, 50), 'rp__n_components': 20}",0.615606936416185,0.7716763005780347,0.7369942196531792,0.7601156069364162,0.6569767441860465,0.7083333333333334,0.06124917106802705,118,0.9782923299565847,0.9479015918958031,0.9746743849493488,0.9804630969609262,0.9898843930635838,0.9742431593652492,0.014098196551541828
10,0.06777887344360352,0.0021574676538009515,0.0010019302368164062,1.4972990482432922e-06,0.1,"(50,)",2,"{'NN__alpha': 0.1, 'NN__hidden_layer_sizes': (50,), 'rp__n_components': 2}",0.6994219653179191,0.6994219653179191,0.6994219653179191,0.6994219653179191,0.7034883720930233,0.7002314814814815,0.0016237319954344998,123,0.7004341534008683,0.7004341534008683,0.7004341534008683,0.7004341534008683,0.6994219653179191,0.7002317157842785,0.00040487523317969123
11,0.18789877891540527,0.012596626622875695,0.0014037609100341797,0.0004907968936315518,0.1,"(50,)",4,"{'NN__alpha': 0.1, 'NN__hidden_layer_sizes': (50,), 'rp__n_components': 4}",0.6994219653179191,0.6994219653179191,0.6763005780346821,0.6878612716763006,0.7034883720930233,0.6932870370370371,0.009972903366435965,147,0.6982633863965267,0.7004341534008683,0.6975397973950795,0.703328509406657,0.7008670520231214,0.7000865797244507,0.0020518375509813074
12,0.24485044479370116,0.05580215325766708,0.0014031410217285156,0.0004913030611191043,0.1,"(50,)",6,"{'NN__alpha': 0.1, 'NN__hidden_layer_sizes': (50,), 'rp__n_components': 6}",0.7167630057803468,0.7341040462427746,0.6647398843930635,0.7572254335260116,0.7325581395348837,0.7210648148148148,0.031001624779533336,105,0.7735166425470333,0.7626628075253257,0.7170767004341534,0.7395079594790159,0.7312138728323699,0.7447955965635796,0.020615019951569676
13,0.2568815231323242,0.02419195783832718,0.0014031410217285156,0.0008022548238420895,0.1,"(50,)",8,"{'NN__alpha': 0.1, 'NN__hidden_layer_sizes': (50,), 'rp__n_components': 8}",0.708092485549133,0.8554913294797688,0.6734104046242775,0.7225433526011561,0.6656976744186046,0.7251157407407407,0.06856371735392107,92,0.837192474674385,0.7901591895803184,0.8523878437047757,0.8277858176555717,0.8395953757225434,0.8294241402675187,0.02114499079754745
14,0.5219854831695556,0.10182712171468983,0.0014038562774658203,0.0004914977675943761,0.1,"(50,)",10,"{'NN__alpha': 0.1, 'NN__hidden_layer_sizes': (50,), 'rp__n_components': 10}",0.8323699421965318,0.6589595375722543,0.6647398843930635,0.6936416184971098,0.7122093023255814,0.7123842592592593,0.06307942382207817,117,0.902315484804631,0.9247467438494935,0.9319826338639653,0.874095513748191,0.8822254335260116,0.9030731619584585,0.02271742797546937
15,0.5378273010253907,0.09886559811486546,0.0012032508850097657,0.0004010440159280357,0.1,"(50,)",12,"{'NN__alpha': 0.1, 'NN__hidden_layer_sizes': (50,), 'rp__n_components': 12}",0.708092485549133,0.6965317919075145,0.7803468208092486,0.8757225433526011,0.7761627906976745,0.7673611111111112,0.06409549103775762,30,0.9442836468885673,0.9081041968162084,0.9167872648335745,0.9399421128798843,0.9067919075144508,0.9231818257865371,0.015893701918604255
16,0.40748138427734376,0.12829740517737756,0.0012035369873046875,0.0004011393833301914,0.1,"(50,)",14,"{'NN__alpha': 0.1, 'NN__hidden_layer_sizes': (50,), 'rp__n_components': 14}",0.7023121387283237,0.6791907514450867,0.7630057803468208,0.7861271676300579,0.7994186046511628,0.7459490740740741,0.047162247689435256,72,0.9587554269175108,0.7604920405209841,0.9457308248914617,0.9370477568740955,0.9385838150289018,0.9081219728465907,0.07421239000664787
17,0.38923330307006837,0.06598510504373316,0.0014037132263183595,0.0004909331283807908,0.1,"(50,)",16,"{'NN__alpha': 0.1, 'NN__hidden_layer_sizes': (50,), 'rp__n_components': 16}",0.684971098265896,0.7716763005780347,0.7658959537572254,0.7369942196531792,0.7877906976744186,0.7494212962962963,0.036183501159484724,67,0.9204052098408104,0.9225759768451519,0.9486251808972503,0.9211287988422576,0.9183526011560693,0.926217553516308,0.011286266736690708
18,0.5574795246124268,0.1282620764366834,0.001403474807739258,0.0004917120313842514,0.1,"(50,)",18,"{'NN__alpha': 0.1, 'NN__hidden_layer_sizes': (50,), 'rp__n_components': 18}",0.7254335260115607,0.7514450867052023,0.7601156069364162,0.42196531791907516,0.7994186046511628,0.6915509259259259,0.1369594560392095,154,0.9254703328509407,0.9761215629522432,0.9580318379160637,0.9196816208393632,0.9696531791907514,0.9497917067498725,0.02303816693516755
19,0.4399672508239746,0.1443738796857631,0.0016046524047851562,0.0004914199312766447,0.1,"(50,)",20,"{'NN__alpha': 0.1, 'NN__hidden_layer_sizes': (50,), 'rp__n_components': 20}",0.6502890173410405,0.6994219653179191,0.7427745664739884,0.7225433526011561,0.752906976744186,0.7135416666666666,0.036562970632605316,116,0.9703328509406657,0.8900144717800289,0.9341534008683068,0.9037626628075254,0.9761560693641619,0.9348838911521377,0.0344741953030849
20,0.07580003738403321,0.01777413257095287,0.0012032032012939454,0.0007503290735612827,0.1,"(25,)",2,"{'NN__alpha': 0.1, 'NN__hidden_layer_sizes': (25,), 'rp__n_components': 2}",0.6994219653179191,0.6994219653179191,0.630057803468208,0.5867052023121387,0.6104651162790697,0.6452546296296297,0.04635280629011297,194,0.7004341534008683,0.7004341534008683,0.683068017366136,0.7127351664254703,0.6748554913294798,0.6943053963845645,0.013559920668986857
21,0.1724571704864502,0.04305595415884593,0.0010027885437011719,0.0,0.1,"(25,)",4,"{'NN__alpha': 0.1, 'NN__hidden_layer_sizes': (25,), 'rp__n_components': 4}",0.6994219653179191,0.6994219653179191,0.6416184971098265,0.653179190751445,0.5872093023255814,0.65625,0.041713957550703326,185,0.6939218523878437,0.7011577424023154,0.6982633863965267,0.7076700434153401,0.684971098265896,0.6971968245735843,0.007572431097650278
22,0.2434459686279297,0.10138997084280238,0.000801992416381836,0.0004009965023334771,0.1,"(25,)",6,"{'NN__alpha': 0.1, 'NN__hidden_layer_sizes': (25,), 'rp__n_components': 6}",0.7196531791907514,0.7283236994219653,0.6271676300578035,0.7832369942196532,0.6598837209302325,0.7037037037037037,0.05471790015553439,122,0.7670043415340086,0.7539797395079595,0.7120115774240231,0.7677279305354558,0.6979768786127167,0.7397400935228328,0.029128894530044504
23,0.34591827392578123,0.05521383396302294,0.001205301284790039,0.0003998022264539137,0.1,"(25,)",8,"{'NN__alpha': 0.1, 'NN__hidden_layer_sizes': (25,), 'rp__n_components': 8}",0.6965317919075145,0.8670520231213873,0.7167630057803468,0.7890173410404624,0.7209302325581395,0.7581018518518519,0.06280481260398985,44,0.8654124457308249,0.8849493487698987,0.8878437047756874,0.8610709117221418,0.8988439306358381,0.8796240683268781,0.014223318734636553
24,0.17907700538635254,0.05056992380583159,0.0012014389038085937,0.00039753938187386643,0.1,"(25,)",10,"{'NN__alpha': 0.1, 'NN__hidden_layer_sizes': (25,), 'rp__n_components': 10}",0.6589595375722543,0.6589595375722543,0.6907514450867052,0.6705202312138728,0.6424418604651163,0.6643518518518519,0.015949199357912672,181,0.6989869753979739,0.7662807525325616,0.7069464544138929,0.7098408104196816,0.7239884393063584,0.7212086864140936,0.02394018578484892
25,0.5189779281616211,0.27611933320819404,0.0008016586303710938,0.00040082985408037886,0.1,"(25,)",12,"{'NN__alpha': 0.1, 'NN__hidden_layer_sizes': (25,), 'rp__n_components': 12}",0.7109826589595376,0.7023121387283237,0.7832369942196532,0.5202312138728323,0.7325581395348837,0.6898148148148148,0.08939035949733397,157,0.9254703328509407,0.8769898697539797,0.8929088277858177,0.7199710564399421,0.9385838150289018,0.8707847803719165,0.07856204514241841
26,0.47646470069885255,0.17450627328023827,0.001202869415283203,0.000400877069800189,0.1,"(25,)",14,"{'NN__alpha': 0.1, 'NN__hidden_layer_sizes': (25,), 'rp__n_components': 14}",0.6213872832369942,0.7254335260115607,0.7167630057803468,0.7283236994219653,0.6773255813953488,0.6938657407407407,0.04060249326468004,144,0.8299565846599132,0.918958031837916,0.914616497829233,0.9305354558610709,0.75,0.8688133140376266,0.06935199517033126
27,0.4590184688568115,0.07084026160276236,0.001202869415283203,0.0004011157009071151,0.1,"(25,)",16,"{'NN__alpha': 0.1, 'NN__hidden_layer_sizes': (25,), 'rp__n_components': 16}",0.6820809248554913,0.7774566473988439,0.8208092485549133,0.5982658959537572,0.7732558139534884,0.7303240740740741,0.08005665130411861,82,0.8885672937771346,0.9341534008683068,0.9109985528219972,0.9044862518089725,0.9378612716763006,0.9152133541905425,0.018517566504449544
28,0.5771315574645997,0.03628767105238971,0.0010033130645751953,1.1018962868014662e-06,0.1,"(25,)",18,"{'NN__alpha': 0.1, 'NN__hidden_layer_sizes': (25,), 'rp__n_components': 18}",0.6965317919075145,0.7167630057803468,0.6878612716763006,0.47109826589595377,0.7558139534883721,0.6655092592592593,0.10005023923792354,180,0.9645441389290883,0.9044862518089725,0.9457308248914617,0.9406657018813314,0.9429190751445087,0.9396691985310724,0.019518711181415484
29,0.416504955291748,0.031931321440369836,0.0012038230895996093,0.0004009965023334771,0.1,"(25,)",20,"{'NN__alpha': 0.1, 'NN__hidden_layer_sizes': (25,), 'rp__n_components': 20}",0.6242774566473989,0.6878612716763006,0.6416184971098265,0.5780346820809249,0.7296511627906976,0.6521990740740741,0.05223722513702354,192,0.8871201157742402,0.8748191027496383,0.8914616497829233,0.861794500723589,0.9010115606936416,0.8832413859448065,0.013633049058620885
30,0.11851425170898437,0.027709534640964484,0.0012037277221679688,0.00040152076799677803,0.1,"(25, 25)",2,"{'NN__alpha': 0.1, 'NN__hidden_layer_sizes': (25, 25), 'rp__n_components': 2}",0.6994219653179191,0.6994219653179191,0.6994219653179191,0.6994219653179191,0.7034883720930233,0.7002314814814815,0.0016237319954344998,123,0.7004341534008683,0.7004341534008683,0.7004341534008683,0.7004341534008683,0.6994219653179191,0.7002317157842785,0.00040487523317969123
31,0.18288540840148926,0.06886101234399329,0.0016045570373535156,0.0004914393730050803,0.1,"(25, 25)",4,"{'NN__alpha': 0.1, 'NN__hidden_layer_sizes': (25, 25), 'rp__n_components': 4}",0.6994219653179191,0.6994219653179191,0.6213872832369942,0.6791907514450867,0.7034883720930233,0.6805555555555556,0.03079930942400368,171,0.703328509406657,0.6997105643994211,0.7026049204052098,0.6946454413892909,0.6994219653179191,0.6999422801836996,0.003063890411806676
32,0.37038302421569824,0.05260926761721348,0.0010028362274169921,4.1019083342755444e-07,0.1,"(25, 25)",6,"{'NN__alpha': 0.1, 'NN__hidden_layer_sizes': (25, 25), 'rp__n_components': 6}",0.7254335260115607,0.7109826589595376,0.7283236994219653,0.7716763005780347,0.7180232558139535,0.7309027777777778,0.021276256849267816,81,0.7981186685962374,0.7821997105643994,0.7590448625180898,0.7489146164978292,0.7543352601156069,0.7685226236584326,0.018647100404802316
33,0.6447112083435058,0.1561513808812921,0.002205562591552734,0.002406024956486777,0.1,"(25, 25)",8,"{'NN__alpha': 0.1, 'NN__hidden_layer_sizes': (25, 25), 'rp__n_components': 8}",0.684971098265896,0.8410404624277457,0.6676300578034682,0.791907514450867,0.6337209302325582,0.7239583333333334,0.0789302572420204,98,0.8842257597684515,0.914616497829233,0.9319826338639653,0.902315484804631,0.921242774566474,0.910876630166551,0.016434531053935882
34,0.6589490890502929,0.45244215730625026,0.001002359390258789,2.3360154559928684e-07,0.1,"(25, 25)",10,"{'NN__alpha': 0.1, 'NN__hidden_layer_sizes': (25, 25), 'rp__n_components': 10}",0.6994219653179191,0.7283236994219653,0.6502890173410405,0.7254335260115607,0.7674418604651163,0.7141203703703703,0.03861495222946094,114,0.7018813314037626,0.9413892908827786,0.7004341534008683,0.9630969609261939,0.9479768786127167,0.8509557230452641,0.12251278237345678
35,0.7078803062438965,0.1879371279422095,0.0014020919799804688,0.0004890515772117186,0.1,"(25, 25)",12,"{'NN__alpha': 0.1, 'NN__hidden_layer_sizes': (25, 25), 'rp__n_components': 12}",0.708092485549133,0.7687861271676301,0.7601156069364162,0.7976878612716763,0.7441860465116279,0.7557870370370371,0.029519499381702428,53,0.9254703328509407,0.9659913169319826,0.9696092619392185,0.9891461649782923,0.9226878612716763,0.954580987594422,0.02613579101227
36,0.739762830734253,0.1593334368014328,0.0008023738861083985,0.0004011872937321129,0.1,"(25, 25)",14,"{'NN__alpha': 0.1, 'NN__hidden_layer_sizes': (25, 25), 'rp__n_components': 14}",0.6589595375722543,0.7687861271676301,0.7514450867052023,0.7861271676300579,0.7819767441860465,0.7494212962962963,0.04685330988381398,67,0.9645441389290883,0.9811866859623734,0.8936324167872648,0.9819102749638206,0.9689306358381503,0.9580408304961395,0.03290837474538664
37,0.5261968612670899,0.23601689101758883,0.0010042190551757812,3.5842171617443342e-06,0.1,"(25, 25)",16,"{'NN__alpha': 0.1, 'NN__hidden_layer_sizes': (25, 25), 'rp__n_components': 16}",0.7398843930635838,0.7543352601156069,0.7658959537572254,0.7774566473988439,0.7703488372093024,0.7615740740740741,0.013201031748667106,39,0.9819102749638206,0.8733719247467439,0.9500723589001447,0.8921852387843705,0.8554913294797688,0.9106062253749696,0.047760278104255656
38,0.614232873916626,0.266289684341915,0.0014009475708007812,0.0004926250814056249,0.1,"(25, 25)",18,"{'NN__alpha': 0.1, 'NN__hidden_layer_sizes': (25, 25), 'rp__n_components': 18}",0.6994219653179191,0.6560693641618497,0.7716763005780347,0.3352601156069364,0.7906976744186046,0.6504629629629629,0.1650354269064828,193,0.7004341534008683,0.9819102749638206,0.9746743849493488,0.9869753979739508,0.9689306358381503,0.9225849694252277,0.11124552326374919
39,0.5552737236022949,0.06009455330274736,0.001203155517578125,0.00040121098326362367,0.1,"(25, 25)",20,"{'NN__alpha': 0.1, 'NN__hidden_layer_sizes': (25, 25), 'rp__n_components': 20}",0.6907514450867052,0.8034682080924855,0.7890173410404624,0.7427745664739884,0.75,0.7552083333333334,0.039540765951680816,55,0.9638205499276411,0.9710564399421129,0.9739507959479016,0.9746743849493488,0.9819364161849711,0.973087717390395,0.005857787462017038
40,0.2544776439666748,0.10203649099355715,0.0018023967742919922,0.0011712911170733847,0.1,"(100, 25, 100)",2,"{'NN__alpha': 0.1, 'NN__hidden_layer_sizes': (100, 25, 100), 'rp__n_components': 2}",0.6994219653179191,0.6994219653179191,0.6994219653179191,0.6647398843930635,0.7034883720930233,0.6932870370370371,0.014370186540225796,147,0.7004341534008683,0.7004341534008683,0.7004341534008683,0.7040520984081042,0.6994219653179191,0.7009553047857257,0.001597251198838427
41,0.3473217010498047,0.1004635090838715,0.0020076274871826173,4.8360786031753915e-06,0.1,"(100, 25, 100)",4,"{'NN__alpha': 0.1, 'NN__hidden_layer_sizes': (100, 25, 100), 'rp__n_components': 4}",0.6994219653179191,0.6878612716763006,0.6936416184971098,0.6994219653179191,0.7034883720930233,0.6967592592592593,0.005445447602923496,134,0.7098408104196816,0.695369030390738,0.6939218523878437,0.6975397973950795,0.7030346820809249,0.6999412345348535,0.005839108372401707
42,1.0523932456970215,0.2907710428217453,0.002206277847290039,0.00040068630659763013,0.1,"(100, 25, 100)",6,"{'NN__alpha': 0.1, 'NN__hidden_layer_sizes': (100, 25, 100), 'rp__n_components': 6}",0.7023121387283237,0.7312138728323699,0.7254335260115607,0.7658959537572254,0.7238372093023255,0.7297453703703703,0.02057837591252526,84,0.8451519536903039,0.8400868306801736,0.7821997105643994,0.8306801736613604,0.8403179190751445,0.8276873175342763,0.023222287196765563
43,1.094103717803955,0.17541947534538807,0.0022058486938476562,0.000401497142048662,0.1,"(100, 25, 100)",8,"{'NN__alpha': 0.1, 'NN__hidden_layer_sizes': (100, 25, 100), 'rp__n_components': 8}",0.7138728323699421,0.8352601156069365,0.708092485549133,0.7774566473988439,0.7209302325581395,0.7511574074074074,0.04885046020772178,65,0.9725036179450073,0.9544138929088278,0.9775687409551375,0.9652677279305355,0.9674855491329479,0.9674479057744912,0.007779866504521795
44,1.8363863945007324,0.3296176358976276,0.002506732940673828,0.0008966548800816508,0.1,"(100, 25, 100)",10,"{'NN__alpha': 0.1, 'NN__hidden_layer_sizes': (100, 25, 100), 'rp__n_components': 10}",0.7601156069364162,0.7167630057803468,0.815028901734104,0.7601156069364162,0.8284883720930233,0.7760416666666666,0.040707686632031205,20,0.9869753979739508,0.9876989869753979,0.9949348769898697,0.9927641099855282,0.9927745664739884,0.991029587679747,0.003125193064108445
45,1.0535961627960204,0.2855545625046507,0.002406597137451172,0.000375184766647589,0.1,"(100, 25, 100)",12,"{'NN__alpha': 0.1, 'NN__hidden_layer_sizes': (100, 25, 100), 'rp__n_components': 12}",0.708092485549133,0.7630057803468208,0.8497109826589595,0.8352601156069365,0.7063953488372093,0.7725694444444444,0.06083546760594689,24,0.9659913169319826,0.967438494934877,0.9963820549927641,0.9985528219971056,0.9776011560693642,0.9811931689852187,0.013894241481351986
46,1.0228140830993653,0.21412360116497103,0.0021059513092041016,0.0003749926661801666,0.1,"(100, 25, 100)",14,"{'NN__alpha': 0.1, 'NN__hidden_layer_sizes': (100, 25, 100), 'rp__n_components': 14}",0.7485549132947977,0.8236994219653179,0.8179190751445087,0.8208092485549133,0.8081395348837209,0.8038194444444444,0.028142381699909742,1,0.9985528219971056,0.9963820549927641,0.9913169319826338,0.9949348769898697,0.9884393063583815,0.9939251984641511,0.003615758856035386
47,1.1496526718139648,0.23874037539156884,0.002207231521606445,0.0002472693509643224,0.1,"(100, 25, 100)",16,"{'NN__alpha': 0.1, 'NN__hidden_layer_sizes': (100, 25, 100), 'rp__n_components': 16}",0.6763005780346821,0.846820809248555,0.7861271676300579,0.7167630057803468,0.8488372093023255,0.7748842592592593,0.06908415998942,21,0.9949348769898697,0.9992764109985528,0.9985528219971056,0.9688856729377714,0.9934971098265896,0.9910293785499779,0.01128097566230516
48,0.8133585929870606,0.20839482177605048,0.0017049312591552734,0.00024567125187011525,0.1,"(100, 25, 100)",18,"{'NN__alpha': 0.1, 'NN__hidden_layer_sizes': (100, 25, 100), 'rp__n_components': 18}",0.7225433526011561,0.7283236994219653,0.7861271676300579,0.4421965317919075,0.7906976744186046,0.6938657407407407,0.1290564351724389,144,0.9717800289435601,0.9978292329956585,0.9985528219971056,0.9623733719247467,0.994942196531792,0.9850955304785725,0.015058564192154355
49,0.9609503746032715,0.12482423316791236,0.002306413650512695,0.0008741834748470586,0.1,"(100, 25, 100)",20,"{'NN__alpha': 0.1, 'NN__hidden_layer_sizes': (100, 25, 100), 'rp__n_components': 20}",0.7254335260115607,0.7947976878612717,0.8208092485549133,0.7572254335260116,0.7877906976744186,0.7771990740740741,0.032887574630458286,18,0.9985528219971056,0.9942112879884226,0.9992764109985528,0.9992764109985528,0.9985549132947977,0.9979743690554862,0.0019090859058600584
50,0.1476919174194336,0.007633458538371132,0.0015039920806884765,0.00031680844763812185,0.01,"(50, 50)",2,"{'NN__alpha': 0.01, 'NN__hidden_layer_sizes': (50, 50), 'rp__n_components': 2}",0.6994219653179191,0.6098265895953757,0.6994219653179191,0.6994219653179191,0.7034883720930233,0.6822916666666666,0.0362928248949727,166,0.7004341534008683,0.7054992764109985,0.7004341534008683,0.7004341534008683,0.6994219653179191,0.7012447403863045,0.002163087585754307
51,0.23983631134033204,0.05425549270189266,0.0014039993286132813,0.0005847376204881099,0.01,"(50, 50)",4,"{'NN__alpha': 0.01, 'NN__hidden_layer_sizes': (50, 50), 'rp__n_components': 4}",0.7023121387283237,0.6994219653179191,0.6705202312138728,0.630057803468208,0.7034883720930233,0.6811342592592593,0.028304959383071458,170,0.7026049204052098,0.7004341534008683,0.7026049204052098,0.7076700434153401,0.7015895953757225,0.7029807266004701,0.0024775969780580684
52,0.4526012897491455,0.17185318975982447,0.0018045902252197266,0.00024547690833656537,0.01,"(50, 50)",6,"{'NN__alpha': 0.01, 'NN__hidden_layer_sizes': (50, 50), 'rp__n_components': 6}",0.7167630057803468,0.7456647398843931,0.6936416184971098,0.7774566473988439,0.7122093023255814,0.7291666666666666,0.029362773096248226,86,0.7648335745296672,0.7677279305354558,0.7771345875542692,0.7756874095513748,0.8034682080924855,0.7777703420526504,0.013662599266704633
53,0.6060081481933594,0.08746793901669239,0.001405620574951172,0.00020132698408716315,0.01,"(50, 50)",8,"{'NN__alpha': 0.01, 'NN__hidden_layer_sizes': (50, 50), 'rp__n_components': 8}",0.7196531791907514,0.8294797687861272,0.653179190751445,0.7745664739884393,0.7906976744186046,0.7534722222222222,0.061357999584911165,62,0.9247467438494935,0.9464544138929089,0.9464544138929089,0.9088277858176556,0.9291907514450867,0.9311348217796107,0.014223716866912393
54,0.8955763816833496,0.14836793530268733,0.0015038490295410157,0.00031688362505398644,0.01,"(50, 50)",10,"{'NN__alpha': 0.01, 'NN__hidden_layer_sizes': (50, 50), 'rp__n_components': 10}",0.8092485549132948,0.6791907514450867,0.7254335260115607,0.7369942196531792,0.8023255813953488,0.7505787037037037,0.049053806243148444,66,0.984081041968162,0.9819102749638206,0.9616497829232996,0.9869753979739508,0.9761560693641619,0.9781545134386789,0.00898262096643709
55,1.0158966064453125,0.22757608172533492,0.0022058010101318358,0.0009296858916553929,0.01,"(50, 50)",12,"{'NN__alpha': 0.01, 'NN__hidden_layer_sizes': (50, 50), 'rp__n_components': 12}",0.7225433526011561,0.7687861271676301,0.8092485549132948,0.8872832369942196,0.7063953488372093,0.7789351851851852,0.06511122791932836,14,0.9775687409551375,0.9775687409551375,0.9811866859623734,0.9551374819102749,0.9927745664739884,0.9768472432513823,0.012205451597054738
56,1.1678991317749023,0.3579454633954651,0.0030083656311035156,0.001821695239241465,0.01,"(50, 50)",14,"{'NN__alpha': 0.01, 'NN__hidden_layer_sizes': (50, 50), 'rp__n_components': 14}",0.6734104046242775,0.8034682080924855,0.7890173410404624,0.8092485549132948,0.8226744186046512,0.7795138888888888,0.054176108892406184,12,0.9652677279305355,0.9884225759768451,0.9826338639652678,0.9884225759768451,0.9927745664739884,0.9835042620646963,0.009671059273892548
57,0.9042998790740967,0.18887269691537367,0.0017047882080078124,0.00024578814501164835,0.01,"(50, 50)",16,"{'NN__alpha': 0.01, 'NN__hidden_layer_sizes': (50, 50), 'rp__n_components': 16}",0.7138728323699421,0.815028901734104,0.7658959537572254,0.7283236994219653,0.7994186046511628,0.7644675925925926,0.039110230828615714,33,0.975397973950796,0.9884225759768451,0.9732272069464544,0.9905933429811867,0.976878612716763,0.980903942514409,0.007153538555591464
58,0.8348126888275147,0.17387645363087853,0.0016042709350585938,0.0007369220833157991,0.01,"(50, 50)",18,"{'NN__alpha': 0.01, 'NN__hidden_layer_sizes': (50, 50), 'rp__n_components': 18}",0.7254335260115607,0.7803468208092486,0.6965317919075145,0.5722543352601156,0.811046511627907,0.7170138888888888,0.08280997214683242,107,0.9905933429811867,0.9913169319826338,0.9587554269175108,0.9949348769898697,0.9920520231213873,0.9855305203985176,0.013468424429774521
59,0.5587829113006592,0.10894247751830882,0.0013036727905273438,0.00024547635258425195,0.01,"(50, 50)",20,"{'NN__alpha': 0.01, 'NN__hidden_layer_sizes': (50, 50), 'rp__n_components': 20}",0.6127167630057804,0.7716763005780347,0.7369942196531792,0.7601156069364162,0.6511627906976745,0.7065972222222222,0.063111423321548,120,0.9811866859623734,0.9479015918958031,0.9826338639652678,0.9811866859623734,0.9942196531791907,0.9774256961930016,0.015550722333322858
60,0.06868224143981934,0.0008972945659086254,0.0014036178588867187,0.0005847949532194896,0.01,"(50,)",2,"{'NN__alpha': 0.01, 'NN__hidden_layer_sizes': (50,), 'rp__n_components': 2}",0.6994219653179191,0.6994219653179191,0.6994219653179191,0.6994219653179191,0.7034883720930233,0.7002314814814815,0.0016237319954344998,123,0.7004341534008683,0.7004341534008683,0.7004341534008683,0.7004341534008683,0.6994219653179191,0.7002317157842785,0.00040487523317969123
61,0.1524043083190918,0.03933715242039893,0.0010053634643554688,5.154254576443352e-06,0.01,"(50,)",4,"{'NN__alpha': 0.01, 'NN__hidden_layer_sizes': (50,), 'rp__n_components': 4}",0.6994219653179191,0.6994219653179191,0.6763005780346821,0.6878612716763006,0.7034883720930233,0.6932870370370371,0.009972903366435965,147,0.6982633863965267,0.7004341534008683,0.6975397973950795,0.703328509406657,0.7008670520231214,0.7000865797244507,0.0020518375509813074
62,0.23873353004455566,0.07874371553436231,0.0017043113708496093,0.0009295519209969439,0.01,"(50,)",6,"{'NN__alpha': 0.01, 'NN__hidden_layer_sizes': (50,), 'rp__n_components': 6}",0.7167630057803468,0.7341040462427746,0.6647398843930635,0.7572254335260116,0.7354651162790697,0.7216435185185185,0.03123700655263693,102,0.7735166425470333,0.7619392185238785,0.7170767004341534,0.7395079594790159,0.7319364161849711,0.7447953874338105,0.020398318973210476
63,0.25818424224853515,0.04283714211880404,0.0012033462524414062,0.0005114175644421389,0.01,"(50,)",8,"{'NN__alpha': 0.01, 'NN__hidden_layer_sizes': (50,), 'rp__n_components': 8}",0.7052023121387283,0.8554913294797688,0.6734104046242775,0.7225433526011561,0.6656976744186046,0.7245370370370371,0.06871698360031236,94,0.8364688856729378,0.7901591895803184,0.85383502170767,0.8277858176555717,0.8403179190751445,0.8297133667383285,0.021485791495375627
64,0.5317111492156983,0.13062263129636167,0.0011030673980712891,0.00020055799216678056,0.01,"(50,)",10,"{'NN__alpha': 0.01, 'NN__hidden_layer_sizes': (50,), 'rp__n_components': 10}",0.8294797687861272,0.6589595375722543,0.684971098265896,0.6936416184971098,0.7122093023255814,0.7158564814814815,0.05937764815532672,111,0.9073806078147613,0.9334298118668596,0.9261939218523878,0.8755426917510853,0.8836705202312138,0.9052435107032617,0.022739775939984424
65,0.5046390056610107,0.10034831086803783,0.0011030673980712891,0.00020031977255948613,0.01,"(50,)",12,"{'NN__alpha': 0.01, 'NN__hidden_layer_sizes': (50,), 'rp__n_components': 12}",0.708092485549133,0.7138728323699421,0.7716763005780347,0.8901734104046243,0.7732558139534884,0.7714120370370371,0.06550212197549816,27,0.9305354558610709,0.9167872648335745,0.9153400868306801,0.9182344428364689,0.9075144508670521,0.9176823402457692,0.007418634426399646
66,0.4666386604309082,0.15934203850860304,0.0016063690185546876,0.0004933196154961648,0.01,"(50,)",14,"{'NN__alpha': 0.01, 'NN__hidden_layer_sizes': (50,), 'rp__n_components': 14}",0.7023121387283237,0.6791907514450867,0.8063583815028902,0.7861271676300579,0.7994186046511628,0.7546296296296297,0.05311660378799082,59,0.959479015918958,0.7604920405209841,0.9667149059334298,0.9573082489146165,0.9385838150289018,0.9165156052633779,0.07856236103396887
67,0.3859244823455811,0.054994273220744,0.0013033390045166016,0.0004009130904520834,0.01,"(50,)",16,"{'NN__alpha': 0.01, 'NN__hidden_layer_sizes': (50,), 'rp__n_components': 16}",0.6907514450867052,0.7716763005780347,0.7630057803468208,0.7312138728323699,0.7877906976744186,0.7488425925925926,0.03441615989639613,69,0.9232995658465991,0.9225759768451519,0.9493487698986975,0.9175108538350217,0.9183526011560693,0.926217553516308,0.011785525011558391
68,0.5026374816894531,0.11684155051309951,0.001203298568725586,0.0002456712055941071,0.01,"(50,)",18,"{'NN__alpha': 0.01, 'NN__hidden_layer_sizes': (50,), 'rp__n_components': 18}",0.7254335260115607,0.7543352601156069,0.7601156069364162,0.41040462427745666,0.7936046511627907,0.6886574074074074,0.14089851824659042,158,0.9254703328509407,0.9775687409551375,0.9587554269175108,0.9204052098408104,0.9696531791907514,0.9503705779510302,0.02323708228493537
69,0.43926572799682617,0.17222299374474806,0.0010028362274169921,2.3360154559928684e-07,0.01,"(50,)",20,"{'NN__alpha': 0.01, 'NN__hidden_layer_sizes': (50,), 'rp__n_components': 20}",0.653179190751445,0.7023121387283237,0.7427745664739884,0.7196531791907514,0.7558139534883721,0.7146990740740741,0.03588597109809285,113,0.9710564399421129,0.8900144717800289,0.9341534008683068,0.9037626628075254,0.976878612716763,0.9351731176229474,0.03479632431743014
70,0.08031272888183594,0.02094932441394726,0.0009028911590576172,0.0002003916312637391,0.01,"(25,)",2,"{'NN__alpha': 0.01, 'NN__hidden_layer_sizes': (25,), 'rp__n_components': 2}",0.6994219653179191,0.6994219653179191,0.630057803468208,0.5867052023121387,0.6104651162790697,0.6452546296296297,0.04635280629011297,194,0.7004341534008683,0.7004341534008683,0.683068017366136,0.7127351664254703,0.6748554913294798,0.6943053963845645,0.013559920668986857
71,0.14919619560241698,0.03752619943805396,0.0010025501251220703,0.00031733593485648874,0.01,"(25,)",4,"{'NN__alpha': 0.01, 'NN__hidden_layer_sizes': (25,), 'rp__n_components': 4}",0.6994219653179191,0.6994219653179191,0.6329479768786127,0.653179190751445,0.5872093023255814,0.6545138888888888,0.04246053448490785,186,0.6939218523878437,0.7011577424023154,0.6989869753979739,0.7076700434153401,0.684971098265896,0.6973415423738738,0.007598301563989236
72,0.24204230308532715,0.08531540192321907,0.0012032032012939454,0.0004014257404237018,0.01,"(25,)",6,"{'NN__alpha': 0.01, 'NN__hidden_layer_sizes': (25,), 'rp__n_components': 6}",0.7167630057803468,0.7283236994219653,0.6271676300578035,0.7832369942196532,0.6308139534883721,0.6973379629629629,0.06010109818152729,131,0.7771345875542692,0.7735166425470333,0.7120115774240231,0.7677279305354558,0.6950867052023122,0.7450954886526189,0.03447293685504903
73,0.32375898361206057,0.07832778545395382,0.0011034488677978515,0.0002009632112518211,0.01,"(25,)",8,"{'NN__alpha': 0.01, 'NN__hidden_layer_sizes': (25,), 'rp__n_components': 8}",0.6965317919075145,0.8670520231213873,0.7109826589595376,0.7890173410404624,0.7180232558139535,0.7563657407407407,0.06394151530655123,50,0.8661360347322721,0.8849493487698987,0.8878437047756874,0.8625180897250362,0.8988439306358381,0.8800582217277464,0.013703453948704031
74,0.19080572128295897,0.02751321715324364,0.0011031627655029297,0.00020074884002356454,0.01,"(25,)",10,"{'NN__alpha': 0.01, 'NN__hidden_layer_sizes': (25,), 'rp__n_components': 10}",0.6878612716763006,0.6589595375722543,0.6907514450867052,0.6705202312138728,0.6424418604651163,0.6701388888888888,0.018048033778846024,177,0.7170767004341534,0.7662807525325616,0.7069464544138929,0.7098408104196816,0.7239884393063584,0.7248266314213295,0.021556825899667984
75,0.5638959884643555,0.2519647079069525,0.0009026050567626954,0.0003752346215222726,0.01,"(25,)",12,"{'NN__alpha': 0.01, 'NN__hidden_layer_sizes': (25,), 'rp__n_components': 12}",0.7109826589595376,0.7052023121387283,0.8121387283236994,0.523121387283237,0.7325581395348837,0.6967592592592593,0.09493405068882008,134,0.9327062228654125,0.877713458755427,0.9384949348769899,0.7199710564399421,0.9393063583815029,0.8816384062638548,0.08404512674969468
76,0.45771446228027346,0.15813041076044135,0.0011029243469238281,0.00020039140433429823,0.01,"(25,)",14,"{'NN__alpha': 0.01, 'NN__hidden_layer_sizes': (25,), 'rp__n_components': 14}",0.6213872832369942,0.7254335260115607,0.7225433526011561,0.7283236994219653,0.6773255813953488,0.6950231481481481,0.04131484009362588,141,0.8299565846599132,0.9196816208393632,0.9261939218523878,0.9312590448625181,0.75,0.8714182344428364,0.07123497602620638
77,0.45741424560546873,0.10009667223739807,0.001303243637084961,0.00040110354172399133,0.01,"(25,)",16,"{'NN__alpha': 0.01, 'NN__hidden_layer_sizes': (25,), 'rp__n_components': 16}",0.6820809248554913,0.7745664739884393,0.8179190751445087,0.5953757225433526,0.7877906976744186,0.7314814814814815,0.08183407190843699,78,0.886396526772793,0.934876989869754,0.9109985528219972,0.9073806078147613,0.944364161849711,0.9168033678258032,0.020655814906669654
78,0.47947254180908205,0.07764941599710092,0.001102781295776367,0.0003746487005796366,0.01,"(25,)",18,"{'NN__alpha': 0.01, 'NN__hidden_layer_sizes': (25,), 'rp__n_components': 18}",0.6936416184971098,0.7138728323699421,0.684971098265896,0.47109826589595377,0.75,0.6626157407407407,0.09840370162447139,182,0.9616497829232996,0.9059334298118669,0.9464544138929089,0.942836468885673,0.9241329479768786,0.9362014086981254,0.01927986607816774
79,0.4071804046630859,0.042051276334807326,0.0011030197143554687,0.0002004624547331949,0.01,"(25,)",20,"{'NN__alpha': 0.01, 'NN__hidden_layer_sizes': (25,), 'rp__n_components': 20}",0.6242774566473989,0.6878612716763006,0.6416184971098265,0.5838150289017341,0.7325581395348837,0.6539351851851852,0.05149808628040962,189,0.8878437047756874,0.8755426917510853,0.8885672937771346,0.918958031837916,0.8995664739884393,0.8940956392260524,0.014573467309922565
80,0.11821351051330567,0.029131483126824106,0.0017045497894287109,0.000750023236851313,0.01,"(25, 25)",2,"{'NN__alpha': 0.01, 'NN__hidden_layer_sizes': (25, 25), 'rp__n_components': 2}",0.6994219653179191,0.6994219653179191,0.6994219653179191,0.6994219653179191,0.7034883720930233,0.7002314814814815,0.0016237319954344998,123,0.7004341534008683,0.7004341534008683,0.7004341534008683,0.7004341534008683,0.6994219653179191,0.7002317157842785,0.00040487523317969123
81,0.19662184715270997,0.06252540450421273,0.0013034820556640625,0.0002452233731645966,0.01,"(25, 25)",4,"{'NN__alpha': 0.01, 'NN__hidden_layer_sizes': (25, 25), 'rp__n_components': 4}",0.6994219653179191,0.6994219653179191,0.6213872832369942,0.6791907514450867,0.7034883720930233,0.6805555555555556,0.03079930942400368,171,0.7047756874095513,0.6997105643994211,0.7026049204052098,0.6946454413892909,0.6994219653179191,0.7002317157842783,0.0034179974986502538
82,0.358751916885376,0.06612695126609931,0.0013035297393798827,0.0002458470192968607,0.01,"(25, 25)",6,"{'NN__alpha': 0.01, 'NN__hidden_layer_sizes': (25, 25), 'rp__n_components': 6}",0.7254335260115607,0.7167630057803468,0.7283236994219653,0.7341040462427746,0.7180232558139535,0.7245370370370371,0.006473516118752572,94,0.796671490593343,0.784370477568741,0.7604920405209841,0.7293777134587555,0.7557803468208093,0.7653384137925265,0.02346059291665917
83,0.7012609958648681,0.12865660619339253,0.0014039039611816405,0.0003750182104842413,0.01,"(25, 25)",8,"{'NN__alpha': 0.01, 'NN__hidden_layer_sizes': (25, 25), 'rp__n_components': 8}",0.684971098265896,0.846820809248555,0.6705202312138728,0.7803468208092486,0.6366279069767442,0.7239583333333334,0.07780487853819996,98,0.8849493487698987,0.9008683068017366,0.9276410998552822,0.91027496382055,0.9219653179190751,0.9091398074333086,0.015242546595445378
84,0.5510625839233398,0.47075102592304213,0.0011029243469238281,0.00020039117740460038,0.01,"(25, 25)",10,"{'NN__alpha': 0.01, 'NN__hidden_layer_sizes': (25, 25), 'rp__n_components': 10}",0.6994219653179191,0.7312138728323699,0.6502890173410405,0.7109826589595376,0.627906976744186,0.6840277777777778,0.0386480295326637,165,0.7018813314037626,0.9544138929088278,0.7004341534008683,0.967438494934877,0.7658959537572254,0.8180127652811123,0.11913078380518022
85,0.6745913982391357,0.17540086485609904,0.0014039039611816405,0.0003751454210388102,0.01,"(25, 25)",12,"{'NN__alpha': 0.01, 'NN__hidden_layer_sizes': (25, 25), 'rp__n_components': 12}",0.708092485549133,0.7687861271676301,0.7687861271676301,0.7976878612716763,0.7412790697674418,0.7569444444444444,0.03025315430699767,47,0.9225759768451519,0.9681620839363242,0.9696092619392185,0.9884225759768451,0.9226878612716763,0.9542915519938433,0.02682022247014721
86,0.7652307987213135,0.15747739856160292,0.0012033462524414062,0.00024534035921940133,0.01,"(25, 25)",14,"{'NN__alpha': 0.01, 'NN__hidden_layer_sizes': (25, 25), 'rp__n_components': 14}",0.653179190751445,0.7601156069364162,0.8179190751445087,0.7832369942196532,0.7790697674418605,0.7586805555555556,0.05599331750912629,43,0.9688856729377714,0.9746743849493488,0.9746743849493488,0.9848046309696092,0.9703757225433526,0.9746829592698862,0.005560740995044543
87,0.49541501998901366,0.2822486270861462,0.0014032363891601563,0.0003749673687528434,0.01,"(25, 25)",16,"{'NN__alpha': 0.01, 'NN__hidden_layer_sizes': (25, 25), 'rp__n_components': 16}",0.7312138728323699,0.7514450867052023,0.7745664739884393,0.7716763005780347,0.7732558139534884,0.7604166666666666,0.016886847089783736,40,0.975397973950796,0.8921852387843705,0.9276410998552822,0.8936324167872648,0.8670520231213873,0.9111817504998202,0.03744572858181681
88,0.5454476833343506,0.2440405066784735,0.001303243637084961,0.00040110365509803055,0.01,"(25, 25)",18,"{'NN__alpha': 0.01, 'NN__hidden_layer_sizes': (25, 25), 'rp__n_components': 18}",0.6994219653179191,0.661849710982659,0.7138728323699421,0.34104046242774566,0.7936046511627907,0.6417824074074074,0.15647750758459011,198,0.7004341534008683,0.9826338639652678,0.9384949348769899,0.9811866859623734,0.9710982658959537,0.9147695808202906,0.10834415666455806
89,0.5799391269683838,0.09423170716654101,0.0021059513092041016,0.0022062063391078404,0.01,"(25, 25)",20,"{'NN__alpha': 0.01, 'NN__hidden_layer_sizes': (25, 25), 'rp__n_components': 20}",0.6994219653179191,0.791907514450867,0.791907514450867,0.7543352601156069,0.747093023255814,0.7569444444444444,0.03424542125716832,47,0.9609261939218524,0.9710564399421129,0.9761215629522432,0.9790159189580319,0.9833815028901735,0.9741003237328828,0.00770988580666026
90,0.2575836181640625,0.06859928569161308,0.0016041278839111328,0.0002004867714859542,0.01,"(100, 25, 100)",2,"{'NN__alpha': 0.01, 'NN__hidden_layer_sizes': (100, 25, 100), 'rp__n_components': 2}",0.6994219653179191,0.6994219653179191,0.6994219653179191,0.6647398843930635,0.7034883720930233,0.6932870370370371,0.014370186540225796,147,0.7004341534008683,0.7004341534008683,0.7004341534008683,0.7040520984081042,0.6994219653179191,0.7009553047857257,0.001597251198838427
91,0.30801758766174314,0.11435665258412445,0.002205657958984375,0.0005110433008309163,0.01,"(100, 25, 100)",4,"{'NN__alpha': 0.01, 'NN__hidden_layer_sizes': (100, 25, 100), 'rp__n_components': 4}",0.6994219653179191,0.6878612716763006,0.6936416184971098,0.6994219653179191,0.7034883720930233,0.6967592592592593,0.005445447602923496,134,0.7098408104196816,0.695369030390738,0.695369030390738,0.6975397973950795,0.7030346820809249,0.7002306701354325,0.005562897759128271
92,0.9662643432617187,0.2442460523218494,0.002306032180786133,0.0005108937188908843,0.01,"(100, 25, 100)",6,"{'NN__alpha': 0.01, 'NN__hidden_layer_sizes': (100, 25, 100), 'rp__n_components': 6}",0.7023121387283237,0.7514450867052023,0.7254335260115607,0.7716763005780347,0.7180232558139535,0.7337962962962963,0.02473236394564287,76,0.8465991316931982,0.8234442836468886,0.7829232995658466,0.8321273516642547,0.8439306358381503,0.8258049404816677,0.023001390965697793
93,0.9971181869506835,0.21471615350235485,0.0019051551818847657,0.00037523477300991303,0.01,"(100, 25, 100)",8,"{'NN__alpha': 0.01, 'NN__hidden_layer_sizes': (100, 25, 100), 'rp__n_components': 8}",0.708092485549133,0.8410404624277457,0.7109826589595376,0.7890173410404624,0.75,0.7598379629629629,0.05024048857222137,41,0.9457308248914617,0.947178002894356,0.975397973950796,0.967438494934877,0.9797687861271677,0.9631028165597316,0.014164104833457182
94,1.142030954360962,0.08524286541396751,0.002306032180786133,0.000750125132622183,0.01,"(100, 25, 100)",10,"{'NN__alpha': 0.01, 'NN__hidden_layer_sizes': (100, 25, 100), 'rp__n_components': 10}",0.7716763005780347,0.7312138728323699,0.8063583815028902,0.7514450867052023,0.8546511627906976,0.7829861111111112,0.0435120951596523,5,0.9819102749638206,0.9913169319826338,0.9956584659913169,0.9927641099855282,0.994942196531792,0.9913183958910181,0.004951181077812568
95,0.8141604900360108,0.1753869105322033,0.0021069526672363283,0.000971810522774124,0.01,"(100, 25, 100)",12,"{'NN__alpha': 0.01, 'NN__hidden_layer_sizes': (100, 25, 100), 'rp__n_components': 12}",0.708092485549133,0.7687861271676301,0.838150289017341,0.8526011560693642,0.7441860465116279,0.7824074074074074,0.05515921155243151,7,0.9681620839363242,0.9688856729377714,0.9942112879884226,0.9963820549927641,0.9703757225433526,0.979603364479727,0.012851747528919747
96,0.7401646137237549,0.10231417565611935,0.0017043590545654298,0.00024555426604459156,0.01,"(100, 25, 100)",14,"{'NN__alpha': 0.01, 'NN__hidden_layer_sizes': (100, 25, 100), 'rp__n_components': 14}",0.7341040462427746,0.8063583815028902,0.8208092485549133,0.8265895953757225,0.8081395348837209,0.7991898148148148,0.03344186749287548,4,0.992040520984081,0.9934876989869754,0.9898697539797395,0.9963820549927641,0.986271676300578,0.9916103410488276,0.0034061640068164373
97,1.0020581245422364,0.3474477875741611,0.0018049240112304687,0.00024526222947632737,0.01,"(100, 25, 100)",16,"{'NN__alpha': 0.01, 'NN__hidden_layer_sizes': (100, 25, 100), 'rp__n_components': 16}",0.6734104046242775,0.8526011560693642,0.7947976878612717,0.7196531791907514,0.8255813953488372,0.7731481481481481,0.06685806488327485,23,0.9971056439942113,1.0,0.9876989869753979,0.9717800289435601,0.9884393063583815,0.9890047932543101,0.00985125134304291
98,0.8109519481658936,0.23771408631991717,0.001905202865600586,0.0002005102801689856,0.01,"(100, 25, 100)",18,"{'NN__alpha': 0.01, 'NN__hidden_layer_sizes': (100, 25, 100), 'rp__n_components': 18}",0.7312138728323699,0.7225433526011561,0.7861271676300579,0.44508670520231214,0.7848837209302325,0.6938657407407407,0.1272402757608963,144,0.9985528219971056,0.9978292329956585,0.9985528219971056,0.9638205499276411,0.994942196531792,0.9907395246898606,0.01352518278134589
99,0.8886584758758544,0.11427942227413992,0.0018050193786621094,0.00040087723995731027,0.01,"(100, 25, 100)",20,"{'NN__alpha': 0.01, 'NN__hidden_layer_sizes': (100, 25, 100), 'rp__n_components': 20}",0.7167630057803468,0.791907514450867,0.8121387283236994,0.7514450867052023,0.7994186046511628,0.7743055555555556,0.035239528759869694,22,0.9985528219971056,0.9956584659913169,0.9992764109985528,0.9992764109985528,0.9992774566473989,0.9984083133265853,0.001403220607844955
100,0.13555965423583985,0.008646210663019481,0.0011028289794921876,0.0002006771092291011,0.001,"(50, 50)",2,"{'NN__alpha': 0.001, 'NN__hidden_layer_sizes': (50, 50), 'rp__n_components': 2}",0.6994219653179191,0.6098265895953757,0.6994219653179191,0.6994219653179191,0.7034883720930233,0.6822916666666666,0.0362928248949727,166,0.7004341534008683,0.7054992764109985,0.7004341534008683,0.7004341534008683,0.6994219653179191,0.7012447403863045,0.002163087585754307
101,0.24174141883850098,0.017108236356995446,0.001303863525390625,0.00024572984881305677,0.001,"(50, 50)",4,"{'NN__alpha': 0.001, 'NN__hidden_layer_sizes': (50, 50), 'rp__n_components': 4}",0.7023121387283237,0.6994219653179191,0.6705202312138728,0.6271676300578035,0.7034883720930233,0.6805555555555556,0.029353443580511465,171,0.7026049204052098,0.7004341534008683,0.7026049204052098,0.7083936324167872,0.7015895953757225,0.7031254444007595,0.0027530918947941485
102,0.4152019500732422,0.1511520048404043,0.0019049644470214844,0.0007369155822425078,0.001,"(50, 50)",6,"{'NN__alpha': 0.001, 'NN__hidden_layer_sizes': (50, 50), 'rp__n_components': 6}",0.7167630057803468,0.7456647398843931,0.6936416184971098,0.7774566473988439,0.7122093023255814,0.7291666666666666,0.029362773096248226,86,0.7655571635311144,0.7677279305354558,0.7771345875542692,0.7771345875542692,0.8034682080924855,0.7782044954535189,0.013492649846252577
103,0.4988240242004395,0.06976835157294778,0.0012030601501464844,0.0002455739604454255,0.001,"(50, 50)",8,"{'NN__alpha': 0.001, 'NN__hidden_layer_sizes': (50, 50), 'rp__n_components': 8}",0.7456647398843931,0.8323699421965318,0.653179190751445,0.7745664739884393,0.7848837209302325,0.7581018518518519,0.05947074204172095,44,0.9160636758321273,0.9464544138929089,0.9450072358900145,0.9088277858176556,0.9255780346820809,0.9283862292229573,0.015132621365655621
104,0.7727491855621338,0.15494167920724994,0.0016042709350585938,0.00020053405821803235,0.001,"(50, 50)",10,"{'NN__alpha': 0.001, 'NN__hidden_layer_sizes': (50, 50), 'rp__n_components': 10}",0.8092485549132948,0.6271676300578035,0.7254335260115607,0.7369942196531792,0.7965116279069767,0.7390046296296297,0.06471798752927696,74,0.983357452966715,0.9290882778581766,0.9623733719247467,0.983357452966715,0.9754335260115607,0.9667220163455829,0.02032030946934216
105,0.6776983261108398,0.1506006568561722,0.0016045093536376954,0.0005849992562228121,0.001,"(50, 50)",12,"{'NN__alpha': 0.001, 'NN__hidden_layer_sizes': (50, 50), 'rp__n_components': 12}",0.7225433526011561,0.7658959537572254,0.8092485549132948,0.8901734104046243,0.7063953488372093,0.7789351851851852,0.06618131565590309,14,0.984081041968162,0.9790159189580319,0.9811866859623734,0.9565846599131693,0.9927745664739884,0.9787285746551451,0.012020121717844171
106,0.7301376819610595,0.08412362163381144,0.0018050193786621094,0.0004006983365808858,0.001,"(50, 50)",14,"{'NN__alpha': 0.001, 'NN__hidden_layer_sizes': (50, 50), 'rp__n_components': 14}",0.6734104046242775,0.8005780346820809,0.7890173410404624,0.8063583815028902,0.8226744186046512,0.7783564814814815,0.053618245604737456,17,0.9652677279305355,0.9884225759768451,0.9826338639652678,0.9884225759768451,0.9927745664739884,0.9835042620646963,0.009671059273892548
107,0.6244571685791016,0.08528354269814564,0.0014037132263183595,0.0005842796161348063,0.001,"(50, 50)",16,"{'NN__alpha': 0.001, 'NN__hidden_layer_sizes': (50, 50), 'rp__n_components': 16}",0.7138728323699421,0.8121387283236994,0.7630057803468208,0.7254335260115607,0.7994186046511628,0.7627314814814815,0.03890081896330133,35,0.975397973950796,0.9876989869753979,0.9746743849493488,0.9913169319826338,0.9761560693641619,0.9810488694444677,0.007016599412074594
108,0.6640624046325684,0.1411347546885266,0.0016042232513427735,0.00020031977255948613,0.001,"(50, 50)",18,"{'NN__alpha': 0.001, 'NN__hidden_layer_sizes': (50, 50), 'rp__n_components': 18}",0.7167630057803468,0.7890173410404624,0.6994219653179191,0.5664739884393064,0.811046511627907,0.7164351851851852,0.08600977806822092,108,0.9811866859623734,0.9848046309696092,0.9587554269175108,0.9942112879884226,0.9927745664739884,0.982346519662381,0.012754952528670422
109,0.6123223304748535,0.09262337763297267,0.0013051509857177734,0.00024348793850918407,0.001,"(50, 50)",20,"{'NN__alpha': 0.001, 'NN__hidden_layer_sizes': (50, 50), 'rp__n_components': 20}",0.6127167630057804,0.7716763005780347,0.7398843930635838,0.7601156069364162,0.6511627906976745,0.7071759259259259,0.06340008769506104,119,0.9811866859623734,0.9479015918958031,0.9971056439942113,0.9811866859623734,0.9942196531791907,0.9803200521987904,0.017478064400348062
110,0.07058753967285156,0.0013599005482224657,0.0013063430786132812,0.00024770042265477295,0.001,"(50,)",2,"{'NN__alpha': 0.001, 'NN__hidden_layer_sizes': (50,), 'rp__n_components': 2}",0.6994219653179191,0.6994219653179191,0.6994219653179191,0.6994219653179191,0.7034883720930233,0.7002314814814815,0.0016237319954344998,123,0.7004341534008683,0.7004341534008683,0.7004341534008683,0.7004341534008683,0.6994219653179191,0.7002317157842785,0.00040487523317969123
111,0.1629323959350586,0.025978353264623336,0.0011030673980712891,0.00020079626886439358,0.001,"(50,)",4,"{'NN__alpha': 0.001, 'NN__hidden_layer_sizes': (50,), 'rp__n_components': 4}",0.6994219653179191,0.6994219653179191,0.6763005780346821,0.6878612716763006,0.7034883720930233,0.6932870370370371,0.009972903366435965,147,0.6982633863965267,0.7004341534008683,0.6975397973950795,0.703328509406657,0.7008670520231214,0.7000865797244507,0.0020518375509813074
112,0.23682894706726074,0.08308059575233445,0.0012030601501464844,0.00040066246119541295,0.001,"(50,)",6,"{'NN__alpha': 0.001, 'NN__hidden_layer_sizes': (50,), 'rp__n_components': 6}",0.7167630057803468,0.7341040462427746,0.6647398843930635,0.7572254335260116,0.7354651162790697,0.7216435185185185,0.03123700655263693,102,0.7735166425470333,0.7619392185238785,0.7170767004341534,0.7387843704775687,0.7319364161849711,0.7446506696335209,0.020437846260928143
113,0.23893413543701172,0.04443739793972637,0.0011030197143554687,0.0002005817985669164,0.001,"(50,)",8,"{'NN__alpha': 0.001, 'NN__hidden_layer_sizes': (50,), 'rp__n_components': 8}",0.7052023121387283,0.8554913294797688,0.6734104046242775,0.7225433526011561,0.6656976744186046,0.7245370370370371,0.06871698360031236,94,0.8364688856729378,0.7901591895803184,0.85383502170767,0.8277858176555717,0.8403179190751445,0.8297133667383285,0.021485791495375627
114,0.5296059131622315,0.10957027568025543,0.0011030197143554687,0.0002004624547331949,0.001,"(50,)",10,"{'NN__alpha': 0.001, 'NN__hidden_layer_sizes': (50,), 'rp__n_components': 10}",0.8294797687861272,0.6502890173410405,0.684971098265896,0.6936416184971098,0.7703488372093024,0.7256944444444444,0.0650385827388682,88,0.9081041968162084,0.9232995658465991,0.9261939218523878,0.8762662807525325,0.9328034682080925,0.9133334866951641,0.020224326615396637
115,0.5445452213287354,0.11078094437767445,0.0011029720306396484,0.00020096304153883977,0.001,"(50,)",12,"{'NN__alpha': 0.001, 'NN__hidden_layer_sizes': (50,), 'rp__n_components': 12}",0.708092485549133,0.7052023121387283,0.7716763005780347,0.8757225433526011,0.7732558139534884,0.7667824074074074,0.061955417757998885,31,0.9464544138929089,0.9153400868306801,0.9153400868306801,0.9370477568740955,0.9075144508670521,0.9243393590590834,0.01480290756763558
116,0.47285475730896,0.18368519629889493,0.001505279541015625,0.00044942039013965394,0.001,"(50,)",14,"{'NN__alpha': 0.001, 'NN__hidden_layer_sizes': (50,), 'rp__n_components': 14}",0.7023121387283237,0.6791907514450867,0.8063583815028902,0.7861271676300579,0.7994186046511628,0.7546296296296297,0.05311660378799082,59,0.959479015918958,0.7604920405209841,0.9667149059334298,0.9573082489146165,0.9385838150289018,0.9165156052633779,0.07856236103396887
117,0.38201351165771485,0.07955074958596023,0.0013034343719482422,0.00024528194732562774,0.001,"(50,)",16,"{'NN__alpha': 0.001, 'NN__hidden_layer_sizes': (50,), 'rp__n_components': 16}",0.6907514450867052,0.7687861271676301,0.7630057803468208,0.7312138728323699,0.7877906976744186,0.7482638888888888,0.034049696259051174,71,0.9232995658465991,0.9225759768451519,0.9507959479015919,0.918958031837916,0.9183526011560693,0.9267964247174657,0.012155294110314708
118,0.5465508460998535,0.12851476597361775,0.0014049053192138673,0.00037700919960256135,0.001,"(50,)",18,"{'NN__alpha': 0.001, 'NN__hidden_layer_sizes': (50,), 'rp__n_components': 18}",0.7254335260115607,0.7514450867052023,0.7601156069364162,0.41040462427745666,0.7936046511627907,0.6880787037037037,0.14063326088425154,159,0.9254703328509407,0.9775687409551375,0.9587554269175108,0.9204052098408104,0.9696531791907514,0.9503705779510302,0.02323708228493537
119,0.45961999893188477,0.1409437954099002,0.0011029243469238281,0.0002005102801689856,0.001,"(50,)",20,"{'NN__alpha': 0.001, 'NN__hidden_layer_sizes': (50,), 'rp__n_components': 20}",0.6502890173410405,0.7138728323699421,0.7427745664739884,0.7196531791907514,0.7558139534883721,0.7164351851851852,0.036429094204970126,108,0.9710564399421129,0.9030390738060782,0.9341534008683068,0.9030390738060782,0.9761560693641619,0.9374888115573476,0.031643755555886166
120,0.08161659240722656,0.02178897891215379,0.0011029243469238281,0.0003750563569626843,0.001,"(25,)",2,"{'NN__alpha': 0.001, 'NN__hidden_layer_sizes': (25,), 'rp__n_components': 2}",0.6994219653179191,0.6994219653179191,0.630057803468208,0.5867052023121387,0.6104651162790697,0.6452546296296297,0.04635280629011297,194,0.7004341534008683,0.7004341534008683,0.683068017366136,0.7127351664254703,0.6748554913294798,0.6943053963845645,0.013559920668986857
121,0.15420618057250976,0.039049906362870125,0.0010030269622802734,0.0003170347870331176,0.001,"(25,)",4,"{'NN__alpha': 0.001, 'NN__hidden_layer_sizes': (25,), 'rp__n_components': 4}",0.6994219653179191,0.6994219653179191,0.6329479768786127,0.653179190751445,0.5872093023255814,0.6545138888888888,0.04246053448490785,186,0.6939218523878437,0.7011577424023154,0.6989869753979739,0.7076700434153401,0.684971098265896,0.6973415423738738,0.007598301563989236
122,0.3561453342437744,0.24339980634614636,0.0010029792785644532,0.00031726102945469606,0.001,"(25,)",6,"{'NN__alpha': 0.001, 'NN__hidden_layer_sizes': (25,), 'rp__n_components': 6}",0.7167630057803468,0.7283236994219653,0.6271676300578035,0.7832369942196532,0.6308139534883721,0.6973379629629629,0.06010109818152729,131,0.7756874095513748,0.7735166425470333,0.7120115774240231,0.7677279305354558,0.6950867052023122,0.74480605305204,0.034207776244803124
123,0.3722877502441406,0.11745361645161997,0.0010028362274169921,3.504023183989303e-07,0.001,"(25,)",8,"{'NN__alpha': 0.001, 'NN__hidden_layer_sizes': (25,), 'rp__n_components': 8}",0.6965317919075145,0.8670520231213873,0.7109826589595376,0.7890173410404624,0.7180232558139535,0.7563657407407407,0.06394151530655123,50,0.8668596237337193,0.8856729377713459,0.8878437047756874,0.8625180897250362,0.8988439306358381,0.8803476573283253,0.013612362003455614
124,0.19902830123901366,0.028329232877319754,0.00100250244140625,0.00031710977455703954,0.001,"(25,)",10,"{'NN__alpha': 0.001, 'NN__hidden_layer_sizes': (25,), 'rp__n_components': 10}",0.6878612716763006,0.6589595375722543,0.6907514450867052,0.6705202312138728,0.6424418604651163,0.6701388888888888,0.018048033778846024,177,0.7170767004341534,0.7662807525325616,0.7069464544138929,0.7098408104196816,0.7239884393063584,0.7248266314213295,0.021556825899667984
125,0.642805814743042,0.2736300316686483,0.0014041900634765626,0.0005846886664457365,0.001,"(25,)",12,"{'NN__alpha': 0.001, 'NN__hidden_layer_sizes': (25,), 'rp__n_components': 12}",0.7109826589595376,0.7052023121387283,0.8121387283236994,0.523121387283237,0.7325581395348837,0.6967592592592593,0.09493405068882008,134,0.9334298118668596,0.8784370477568741,0.9384949348769899,0.7199710564399421,0.9393063583815029,0.8819278418644337,0.08412701001730388
126,0.5073468685150146,0.185022192043976,0.001403474807739258,0.000491712077625476,0.001,"(25,)",14,"{'NN__alpha': 0.001, 'NN__hidden_layer_sizes': (25,), 'rp__n_components': 14}",0.6213872832369942,0.7254335260115607,0.7225433526011561,0.7109826589595376,0.6773255813953488,0.6915509259259259,0.03903610895774684,154,0.829232995658466,0.9196816208393632,0.9261939218523878,0.8878437047756874,0.7492774566473989,0.8624459399546607,0.06617398295880453
127,0.6045043468475342,0.12755295836445424,0.0011032581329345702,0.00020022491637435556,0.001,"(25,)",16,"{'NN__alpha': 0.001, 'NN__hidden_layer_sizes': (25,), 'rp__n_components': 16}",0.6820809248554913,0.7745664739884393,0.8179190751445087,0.5953757225433526,0.7877906976744186,0.7314814814814815,0.08183407190843699,78,0.8871201157742402,0.934876989869754,0.9109985528219972,0.9073806078147613,0.944364161849711,0.9169480856260928,0.020443718842803386
128,0.5977864742279053,0.08308094997505748,0.0011025428771972655,0.00020058191192396714,0.001,"(25,)",18,"{'NN__alpha': 0.001, 'NN__hidden_layer_sizes': (25,), 'rp__n_components': 18}",0.6936416184971098,0.7138728323699421,0.684971098265896,0.47109826589595377,0.75,0.6626157407407407,0.09840370162447139,182,0.9609261939218524,0.9059334298118669,0.9464544138929089,0.9421128798842258,0.9241329479768786,0.9359119730975465,0.01904081950270333
129,0.45691256523132323,0.0628074686666888,0.0009021759033203125,0.0002003910639396551,0.001,"(25,)",20,"{'NN__alpha': 0.001, 'NN__hidden_layer_sizes': (25,), 'rp__n_components': 20}",0.6242774566473989,0.6878612716763006,0.6416184971098265,0.5809248554913294,0.7325581395348837,0.6533564814814815,0.052292907118612286,190,0.8878437047756874,0.8755426917510853,0.8885672937771346,0.918958031837916,0.8995664739884393,0.8940956392260524,0.014573467309922565
130,0.10568051338195801,0.004151453665894878,0.001103353500366211,0.0003754513377972475,0.001,"(25, 25)",2,"{'NN__alpha': 0.001, 'NN__hidden_layer_sizes': (25, 25), 'rp__n_components': 2}",0.6994219653179191,0.6994219653179191,0.6994219653179191,0.6994219653179191,0.7034883720930233,0.7002314814814815,0.0016237319954344998,123,0.7004341534008683,0.7004341534008683,0.7004341534008683,0.7004341534008683,0.6994219653179191,0.7002317157842785,0.00040487523317969123
131,0.22670159339904786,0.11033990761708737,0.0012033939361572265,0.000245593153327684,0.001,"(25, 25)",4,"{'NN__alpha': 0.001, 'NN__hidden_layer_sizes': (25, 25), 'rp__n_components': 4}",0.6994219653179191,0.6994219653179191,0.6213872832369942,0.6791907514450867,0.7034883720930233,0.6805555555555556,0.03079930942400368,171,0.7047756874095513,0.6997105643994211,0.7026049204052098,0.6946454413892909,0.6994219653179191,0.7002317157842783,0.0034179974986502538
132,0.39254164695739746,0.07320738866715229,0.0014038562774658203,0.00020053405821803235,0.001,"(25, 25)",6,"{'NN__alpha': 0.001, 'NN__hidden_layer_sizes': (25, 25), 'rp__n_components': 6}",0.7167630057803468,0.7167630057803468,0.7283236994219653,0.7341040462427746,0.7180232558139535,0.7228009259259259,0.007129691909390742,100,0.7879884225759769,0.784370477568741,0.7568740955137482,0.7293777134587555,0.7557803468208093,0.7628782111876061,0.02145298422989942
133,0.7291352272033691,0.09694435949899376,0.0019048213958740234,0.0010697252048171232,0.001,"(25, 25)",8,"{'NN__alpha': 0.001, 'NN__hidden_layer_sizes': (25, 25), 'rp__n_components': 8}",0.684971098265896,0.846820809248555,0.6705202312138728,0.7861271676300579,0.6395348837209303,0.7256944444444444,0.07802826129568209,88,0.8849493487698987,0.9008683068017366,0.926917510853835,0.9037626628075254,0.9219653179190751,0.9076926294304141,0.01518274372199717
134,0.5102556705474853,0.3509209458816713,0.0010028839111328124,2.86102294921875e-07,0.001,"(25, 25)",10,"{'NN__alpha': 0.001, 'NN__hidden_layer_sizes': (25, 25), 'rp__n_components': 10}",0.6994219653179191,0.7312138728323699,0.6502890173410405,0.7167630057803468,0.627906976744186,0.6851851851851852,0.03951476141101983,164,0.7018813314037626,0.9544138929088278,0.7004341534008683,0.9486251808972503,0.7658959537572254,0.814250102473587,0.11456132377350575
135,0.7693417072296143,0.18027306929571973,0.0011028289794921876,0.00020031960230137643,0.001,"(25, 25)",12,"{'NN__alpha': 0.001, 'NN__hidden_layer_sizes': (25, 25), 'rp__n_components': 12}",0.708092485549133,0.7687861271676301,0.7716763005780347,0.7947976878612717,0.7325581395348837,0.7552083333333334,0.03084910787456802,55,0.9225759768451519,0.9681620839363242,0.9696092619392185,0.9884225759768451,0.9270231213872833,0.9551586040169646,0.025836550896624542
136,0.8123562335968018,0.07910136860688197,0.0015041351318359375,0.0003174116750234266,0.001,"(25, 25)",14,"{'NN__alpha': 0.001, 'NN__hidden_layer_sizes': (25, 25), 'rp__n_components': 14}",0.6502890173410405,0.7658959537572254,0.791907514450867,0.7803468208092486,0.7732558139534884,0.7523148148148148,0.05176594671662877,64,0.9696092619392185,0.975397973950796,0.9536903039073806,0.9790159189580319,0.9710982658959537,0.969762344930276,0.008689160703018499
137,0.5823456287384033,0.26170491895877485,0.0015039443969726562,0.00031703528906460853,0.001,"(25, 25)",16,"{'NN__alpha': 0.001, 'NN__hidden_layer_sizes': (25, 25), 'rp__n_components': 16}",0.7254335260115607,0.7514450867052023,0.7745664739884393,0.7745664739884393,0.7732558139534884,0.7598379629629629,0.0193345421574217,41,0.975397973950796,0.8921852387843705,0.9276410998552822,0.8936324167872648,0.8670520231213873,0.9111817504998202,0.03744572858181681
138,0.5395318031311035,0.21716483852212567,0.0013035774230957032,0.00024569076105866554,0.001,"(25, 25)",18,"{'NN__alpha': 0.001, 'NN__hidden_layer_sizes': (25, 25), 'rp__n_components': 18}",0.6994219653179191,0.661849710982659,0.7138728323699421,0.34104046242774566,0.7906976744186046,0.6412037037037037,0.15591933033009578,199,0.7004341534008683,0.9826338639652678,0.9384949348769899,0.9790159189580319,0.9710982658959537,0.9143354274194223,0.10808117234703608
139,0.6265629291534424,0.053078088453246824,0.0012032032012939454,0.0002455544049387034,0.001,"(25, 25)",20,"{'NN__alpha': 0.001, 'NN__hidden_layer_sizes': (25, 25), 'rp__n_components': 20}",0.6907514450867052,0.7890173410404624,0.791907514450867,0.7658959537572254,0.747093023255814,0.7569444444444444,0.03692451813596068,47,0.9645441389290883,0.9717800289435601,0.9761215629522432,0.9804630969609262,0.9833815028901735,0.9752580661351983,0.006643992417908793
140,0.28906712532043455,0.04854130436369512,0.0020052433013916016,0.0004484609388695513,0.001,"(100, 25, 100)",2,"{'NN__alpha': 0.001, 'NN__hidden_layer_sizes': (100, 25, 100), 'rp__n_components': 2}",0.6994219653179191,0.6994219653179191,0.6994219653179191,0.6647398843930635,0.7034883720930233,0.6932870370370371,0.014370186540225796,147,0.7004341534008683,0.7004341534008683,0.7004341534008683,0.7040520984081042,0.6994219653179191,0.7009553047857257,0.001597251198838427
141,0.36897945404052734,0.12366376396240847,0.0036112308502197266,0.003001462787673887,0.001,"(100, 25, 100)",4,"{'NN__alpha': 0.001, 'NN__hidden_layer_sizes': (100, 25, 100), 'rp__n_components': 4}",0.6994219653179191,0.6878612716763006,0.6936416184971098,0.6994219653179191,0.7034883720930233,0.6967592592592593,0.005445447602923496,134,0.7083936324167872,0.695369030390738,0.695369030390738,0.6975397973950795,0.7030346820809249,0.6999412345348535,0.0050712808930689565
142,0.9141260623931885,0.274214959458378,0.0021058082580566405,0.00020034338028291,0.001,"(100, 25, 100)",6,"{'NN__alpha': 0.001, 'NN__hidden_layer_sizes': (100, 25, 100), 'rp__n_components': 6}",0.6994219653179191,0.7283236994219653,0.7254335260115607,0.791907514450867,0.7441860465116279,0.7378472222222222,0.030624115854153346,75,0.8393632416787264,0.8429811866859623,0.7850940665701881,0.7800289435600579,0.8424855491329479,0.8179905975255763,0.028998589757519025
143,0.9545334815979004,0.2200933562365769,0.0019048690795898438,0.000374967004923127,0.001,"(100, 25, 100)",8,"{'NN__alpha': 0.001, 'NN__hidden_layer_sizes': (100, 25, 100), 'rp__n_components': 8}",0.7254335260115607,0.8410404624277457,0.7109826589595376,0.7774566473988439,0.7587209302325582,0.7627314814814815,0.04570836528799692,35,0.9486251808972503,0.9457308248914617,0.9558610709117221,0.9696092619392185,0.9804913294797688,0.9600635336238843,0.013132699023082325
144,1.3071690559387208,0.26380160317332857,0.0023061275482177735,0.0004007937748900068,0.001,"(100, 25, 100)",10,"{'NN__alpha': 0.001, 'NN__hidden_layer_sizes': (100, 25, 100), 'rp__n_components': 10}",0.7572254335260116,0.7312138728323699,0.8121387283236994,0.7514450867052023,0.8517441860465116,0.7806712962962963,0.04443801876709854,9,0.984081041968162,0.9905933429811867,0.9956584659913169,0.9934876989869754,0.9920520231213873,0.9911745146098057,0.003921269634240808
145,0.8729177474975586,0.24156360753671743,0.002004241943359375,0.000447184857944426,0.001,"(100, 25, 100)",12,"{'NN__alpha': 0.001, 'NN__hidden_layer_sizes': (100, 25, 100), 'rp__n_components': 12}",0.6994219653179191,0.7658959537572254,0.8410404624277457,0.8497109826589595,0.75,0.78125,0.05689113436599585,8,0.951519536903039,0.9688856729377714,0.9942112879884226,0.9963820549927641,0.9710982658959537,0.9764193637435902,0.016853092098454415
146,0.8483510971069336,0.062040368405294186,0.0018052101135253907,0.0004013300331519994,0.001,"(100, 25, 100)",14,"{'NN__alpha': 0.001, 'NN__hidden_layer_sizes': (100, 25, 100), 'rp__n_components': 14}",0.7369942196531792,0.8063583815028902,0.8179190751445087,0.8265895953757225,0.811046511627907,0.7997685185185185,0.03214119192938934,3,0.9942112879884226,0.9934876989869754,0.9905933429811867,0.9942112879884226,0.9877167630057804,0.9920440761901576,0.0025419648689887987
147,1.039358377456665,0.2840408053318931,0.002005338668823242,5.43678009557313e-07,0.001,"(100, 25, 100)",16,"{'NN__alpha': 0.001, 'NN__hidden_layer_sizes': (100, 25, 100), 'rp__n_components': 16}",0.6791907514450867,0.8439306358381503,0.7947976878612717,0.7138728323699421,0.8284883720930233,0.7719907407407407,0.06462616818703903,25,0.9963820549927641,0.9992764109985528,0.9891461649782923,0.9710564399421129,0.9884393063583815,0.9888600754540207,0.009821492286268574
148,0.9089119911193848,0.20193778834524484,0.001905059814453125,0.000584271443882266,0.001,"(100, 25, 100)",18,"{'NN__alpha': 0.001, 'NN__hidden_layer_sizes': (100, 25, 100), 'rp__n_components': 18}",0.7312138728323699,0.7225433526011561,0.7890173410404624,0.4421965317919075,0.7906976744186046,0.6950231481481481,0.12963114954032673,141,0.9985528219971056,0.9971056439942113,0.9985528219971056,0.9652677279305355,0.9956647398843931,0.9910287511606702,0.012924972879845929
149,0.9916306495666504,0.10359419337020027,0.0023086071014404297,0.0006836908235075016,0.001,"(100, 25, 100)",20,"{'NN__alpha': 0.001, 'NN__hidden_layer_sizes': (100, 25, 100), 'rp__n_components': 20}",0.7138728323699421,0.791907514450867,0.8034682080924855,0.7543352601156069,0.7965116279069767,0.7719907407407407,0.03370840366323841,25,0.9985528219971056,0.9956584659913169,0.9985528219971056,0.9992764109985528,0.9992774566473989,0.9982635955262961,0.0013422155825783758
150,0.164237117767334,0.029409353181535227,0.0013035774230957032,0.00024578791374156166,0.0001,"(50, 50)",2,"{'NN__alpha': 0.0001, 'NN__hidden_layer_sizes': (50, 50), 'rp__n_components': 2}",0.6994219653179191,0.6098265895953757,0.6994219653179191,0.6994219653179191,0.7034883720930233,0.6822916666666666,0.0362928248949727,166,0.7004341534008683,0.7054992764109985,0.7004341534008683,0.7004341534008683,0.6994219653179191,0.7012447403863045,0.002163087585754307
151,0.2851567268371582,0.10071437324458989,0.0029077053070068358,0.0018869178606891845,0.0001,"(50, 50)",4,"{'NN__alpha': 0.0001, 'NN__hidden_layer_sizes': (50, 50), 'rp__n_components': 4}",0.7023121387283237,0.6994219653179191,0.6705202312138728,0.6242774566473989,0.7034883720930233,0.6799768518518519,0.03040976630215612,176,0.7026049204052098,0.7004341534008683,0.7026049204052098,0.7083936324167872,0.7015895953757225,0.7031254444007595,0.0027530918947941485
152,0.43695836067199706,0.1522408555698061,0.0019049644470214844,0.0003750563569626843,0.0001,"(50, 50)",6,"{'NN__alpha': 0.0001, 'NN__hidden_layer_sizes': (50, 50), 'rp__n_components': 6}",0.7167630057803468,0.7456647398843931,0.6936416184971098,0.7803468208092486,0.7122093023255814,0.7297453703703703,0.030321630585854194,84,0.7648335745296672,0.7677279305354558,0.7771345875542692,0.7756874095513748,0.8027456647398844,0.7776258333821302,0.01339115457429766
153,0.5590840339660644,0.07165765431500053,0.002005147933959961,0.000776603036120895,0.0001,"(50, 50)",8,"{'NN__alpha': 0.0001, 'NN__hidden_layer_sizes': (50, 50), 'rp__n_components': 8}",0.7225433526011561,0.8323699421965318,0.6502890173410405,0.7745664739884393,0.7848837209302325,0.7528935185185185,0.06208828509380016,63,0.9240231548480463,0.9464544138929089,0.9435600578871202,0.9088277858176556,0.9241329479768786,0.929399672084522,0.013937206098972652
154,0.762824821472168,0.18725435086430767,0.001604318618774414,0.0003753111028827493,0.0001,"(50, 50)",10,"{'NN__alpha': 0.0001, 'NN__hidden_layer_sizes': (50, 50), 'rp__n_components': 10}",0.8063583815028902,0.6791907514450867,0.638728323699422,0.708092485549133,0.7965116279069767,0.7256944444444444,0.0656554657642176,88,0.983357452966715,0.9826338639652678,0.9290882778581766,0.9652677279305355,0.9754335260115607,0.9671561697464511,0.020116092206804968
155,0.7994212627410888,0.16598538557893852,0.0020081043243408204,0.00045136430654472683,0.0001,"(50, 50)",12,"{'NN__alpha': 0.0001, 'NN__hidden_layer_sizes': (50, 50), 'rp__n_components': 12}",0.7225433526011561,0.7687861271676301,0.8121387283236994,0.8872832369942196,0.7093023255813954,0.7800925925925926,0.0647503978077889,11,0.9884225759768451,0.9775687409551375,0.9819102749638206,0.9558610709117221,0.9927745664739884,0.9793074458563028,0.012837283567669992
156,0.783880090713501,0.15783829719324208,0.0019053936004638672,0.0007370389200715781,0.0001,"(50, 50)",14,"{'NN__alpha': 0.0001, 'NN__hidden_layer_sizes': (50, 50), 'rp__n_components': 14}",0.6734104046242775,0.8005780346820809,0.7890173410404624,0.8092485549132948,0.8226744186046512,0.7789351851851852,0.053932026888635236,14,0.9652677279305355,0.9884225759768451,0.983357452966715,0.9884225759768451,0.9927745664739884,0.9836489798649858,0.009662361835978545
157,0.6154335021972657,0.048606658596860995,0.0018048286437988281,0.0004008415507559977,0.0001,"(50, 50)",16,"{'NN__alpha': 0.0001, 'NN__hidden_layer_sizes': (50, 50), 'rp__n_components': 16}",0.7138728323699421,0.815028901734104,0.7630057803468208,0.7225433526011561,0.7994186046511628,0.7627314814814815,0.04021159120883265,35,0.975397973950796,0.9876989869753979,0.9746743849493488,0.9913169319826338,0.9776011560693642,0.9813378867855083,0.0068365622402132
158,0.7986194610595703,0.13682156479652008,0.0014035701751708984,0.00037537498192503,0.0001,"(50, 50)",18,"{'NN__alpha': 0.0001, 'NN__hidden_layer_sizes': (50, 50), 'rp__n_components': 18}",0.7254335260115607,0.7890173410404624,0.6965317919075145,0.5664739884393064,0.811046511627907,0.7175925925925926,0.08622005198711616,106,0.9913169319826338,0.9905933429811867,0.959479015918958,0.9942112879884226,0.9920520231213873,0.9855305203985179,0.013081906137006445
159,0.6209479808807373,0.09269304423635562,0.0013031959533691406,0.0002454765841478688,0.0001,"(50, 50)",20,"{'NN__alpha': 0.0001, 'NN__hidden_layer_sizes': (50, 50), 'rp__n_components': 20}",0.6127167630057804,0.7716763005780347,0.7398843930635838,0.7601156069364162,0.6482558139534884,0.7065972222222222,0.0639198601187337,120,0.9811866859623734,0.947178002894356,0.9971056439942113,0.9804630969609262,0.9942196531791907,0.9800306165982116,0.017740930542021454
160,0.08833484649658203,0.02576519700942843,0.0017043113708496093,0.0009300665022887229,0.0001,"(50,)",2,"{'NN__alpha': 0.0001, 'NN__hidden_layer_sizes': (50,), 'rp__n_components': 2}",0.6994219653179191,0.6994219653179191,0.6994219653179191,0.6994219653179191,0.7034883720930233,0.7002314814814815,0.0016237319954344998,123,0.7004341534008683,0.7004341534008683,0.7004341534008683,0.7004341534008683,0.6994219653179191,0.7002317157842785,0.00040487523317969123
161,0.15832014083862306,0.017399488141255137,0.0011030197143554687,0.00020010496199960679,0.0001,"(50,)",4,"{'NN__alpha': 0.0001, 'NN__hidden_layer_sizes': (50,), 'rp__n_components': 4}",0.6994219653179191,0.6994219653179191,0.6763005780346821,0.6878612716763006,0.7034883720930233,0.6932870370370371,0.009972903366435965,147,0.6982633863965267,0.7004341534008683,0.6975397973950795,0.703328509406657,0.7008670520231214,0.7000865797244507,0.0020518375509813074
162,0.2235938549041748,0.08296520971270804,0.0010022640228271485,0.00031703422762566273,0.0001,"(50,)",6,"{'NN__alpha': 0.0001, 'NN__hidden_layer_sizes': (50,), 'rp__n_components': 6}",0.7167630057803468,0.7341040462427746,0.6647398843930635,0.7572254335260116,0.7354651162790697,0.7216435185185185,0.03123700655263693,102,0.7735166425470333,0.7619392185238785,0.7170767004341534,0.7387843704775687,0.7319364161849711,0.7446506696335209,0.020437846260928143
163,0.27773704528808596,0.018269249592244192,0.0015042781829833984,0.0004485673980969254,0.0001,"(50,)",8,"{'NN__alpha': 0.0001, 'NN__hidden_layer_sizes': (50,), 'rp__n_components': 8}",0.7052023121387283,0.8554913294797688,0.6734104046242775,0.7225433526011561,0.6656976744186046,0.7245370370370371,0.06871698360031236,94,0.8364688856729378,0.7901591895803184,0.85383502170767,0.8277858176555717,0.8403179190751445,0.8297133667383285,0.021485791495375627
164,0.5863561630249023,0.1372649296774706,0.0011033058166503907,0.00020043857743937932,0.0001,"(50,)",10,"{'NN__alpha': 0.0001, 'NN__hidden_layer_sizes': (50,), 'rp__n_components': 10}",0.8294797687861272,0.6502890173410405,0.684971098265896,0.6936416184971098,0.7703488372093024,0.7256944444444444,0.0650385827388682,88,0.9073806078147613,0.9232995658465991,0.9261939218523878,0.8762662807525325,0.9328034682080925,0.9131887688948745,0.02026377809466536
165,0.5328144550323486,0.10966408913028644,0.0013032913208007812,0.00024604111669286014,0.0001,"(50,)",12,"{'NN__alpha': 0.0001, 'NN__hidden_layer_sizes': (50,), 'rp__n_components': 12}",0.708092485549133,0.7052023121387283,0.7716763005780347,0.8757225433526011,0.7732558139534884,0.7667824074074074,0.061955417757998885,31,0.9464544138929089,0.9153400868306801,0.9153400868306801,0.9370477568740955,0.9075144508670521,0.9243393590590834,0.01480290756763558
166,0.49661731719970703,0.206664975618299,0.0016042709350585938,0.0004910110881750007,0.0001,"(50,)",14,"{'NN__alpha': 0.0001, 'NN__hidden_layer_sizes': (50,), 'rp__n_components': 14}",0.7023121387283237,0.6791907514450867,0.8092485549132948,0.7861271676300579,0.7994186046511628,0.7552083333333334,0.05368968704178409,55,0.959479015918958,0.7604920405209841,0.967438494934877,0.9573082489146165,0.9385838150289018,0.9166603230636674,0.07865531011277388
167,0.4055765151977539,0.051597595273320286,0.0017043113708496093,0.0006016573712663509,0.0001,"(50,)",16,"{'NN__alpha': 0.0001, 'NN__hidden_layer_sizes': (50,), 'rp__n_components': 16}",0.6936416184971098,0.7687861271676301,0.7630057803468208,0.7312138728323699,0.7877906976744186,0.7488425925925926,0.03307800089091177,69,0.9232995658465991,0.9225759768451519,0.9500723589001447,0.918958031837916,0.9183526011560693,0.9266517069171762,0.011869651699554184
168,0.5634950637817383,0.11707919354347344,0.0011034488677978515,0.00020036720083406315,0.0001,"(50,)",18,"{'NN__alpha': 0.0001, 'NN__hidden_layer_sizes': (50,), 'rp__n_components': 18}",0.7254335260115607,0.7514450867052023,0.7601156069364162,0.41040462427745666,0.7936046511627907,0.6880787037037037,0.14063326088425154,159,0.9254703328509407,0.9775687409551375,0.9587554269175108,0.9204052098408104,0.9696531791907514,0.9503705779510302,0.02323708228493537
169,0.5000269412994385,0.15809121694121495,0.0013038158416748048,0.0002453988869261368,0.0001,"(50,)",20,"{'NN__alpha': 0.0001, 'NN__hidden_layer_sizes': (50,), 'rp__n_components': 20}",0.6502890173410405,0.7138728323699421,0.7427745664739884,0.7196531791907514,0.7558139534883721,0.7164351851851852,0.036429094204970126,108,0.9710564399421129,0.9030390738060782,0.9341534008683068,0.9030390738060782,0.9761560693641619,0.9374888115573476,0.031643755555886166
170,0.08231863975524903,0.021367125693390266,0.0011026382446289063,0.00020053411491005897,0.0001,"(25,)",2,"{'NN__alpha': 0.0001, 'NN__hidden_layer_sizes': (25,), 'rp__n_components': 2}",0.6994219653179191,0.6994219653179191,0.630057803468208,0.5867052023121387,0.6104651162790697,0.6452546296296297,0.04635280629011297,194,0.7004341534008683,0.7004341534008683,0.683068017366136,0.7127351664254703,0.6748554913294798,0.6943053963845645,0.013559920668986857
171,0.19351325035095215,0.04883821706711259,0.0011031627655029297,0.0002007486701293537,0.0001,"(25,)",4,"{'NN__alpha': 0.0001, 'NN__hidden_layer_sizes': (25,), 'rp__n_components': 4}",0.6994219653179191,0.6994219653179191,0.6329479768786127,0.653179190751445,0.5872093023255814,0.6545138888888888,0.04246053448490785,186,0.6939218523878437,0.7011577424023154,0.6989869753979739,0.7076700434153401,0.684971098265896,0.6973415423738738,0.007598301563989236
172,0.2550769805908203,0.09164351295698936,0.0014039039611816405,0.0004914590267836089,0.0001,"(25,)",6,"{'NN__alpha': 0.0001, 'NN__hidden_layer_sizes': (25,), 'rp__n_components': 6}",0.7167630057803468,0.7283236994219653,0.6271676300578035,0.7832369942196532,0.6308139534883721,0.6973379629629629,0.06010109818152729,131,0.7756874095513748,0.7735166425470333,0.7120115774240231,0.7677279305354558,0.6950867052023122,0.74480605305204,0.034207776244803124
173,0.3938451290130615,0.0571347631618985,0.001203632354736328,0.0004012108415839806,0.0001,"(25,)",8,"{'NN__alpha': 0.0001, 'NN__hidden_layer_sizes': (25,), 'rp__n_components': 8}",0.6965317919075145,0.8670520231213873,0.7109826589595376,0.7890173410404624,0.7180232558139535,0.7563657407407407,0.06394151530655123,50,0.8668596237337193,0.8856729377713459,0.8878437047756874,0.8625180897250362,0.8988439306358381,0.8803476573283253,0.013612362003455614
174,0.22690210342407227,0.06722824951170166,0.0011030197143554687,0.00037547705073181435,0.0001,"(25,)",10,"{'NN__alpha': 0.0001, 'NN__hidden_layer_sizes': (25,), 'rp__n_components': 10}",0.6878612716763006,0.6589595375722543,0.6907514450867052,0.6705202312138728,0.6424418604651163,0.6701388888888888,0.018048033778846024,177,0.7170767004341534,0.7662807525325616,0.7069464544138929,0.7098408104196816,0.7239884393063584,0.7248266314213295,0.021556825899667984
175,0.610219669342041,0.3017163224921991,0.0011028766632080079,0.00020041519648724318,0.0001,"(25,)",12,"{'NN__alpha': 0.0001, 'NN__hidden_layer_sizes': (25,), 'rp__n_components': 12}",0.7109826589595376,0.7052023121387283,0.8121387283236994,0.523121387283237,0.7325581395348837,0.6967592592592593,0.09493405068882008,134,0.9334298118668596,0.8784370477568741,0.9384949348769899,0.7199710564399421,0.9393063583815029,0.8819278418644337,0.08412701001730388
176,0.5143654346466064,0.15577623643821384,0.0013034820556640625,0.00040068627822460116,0.0001,"(25,)",14,"{'NN__alpha': 0.0001, 'NN__hidden_layer_sizes': (25,), 'rp__n_components': 14}",0.6213872832369942,0.7254335260115607,0.7225433526011561,0.7109826589595376,0.6773255813953488,0.6915509259259259,0.03903610895774684,154,0.829232995658466,0.9196816208393632,0.9261939218523878,0.8878437047756874,0.7492774566473989,0.8624459399546607,0.06617398295880453
177,0.5592849254608154,0.15978295050954788,0.0011024951934814453,0.00020060615752491142,0.0001,"(25,)",16,"{'NN__alpha': 0.0001, 'NN__hidden_layer_sizes': (25,), 'rp__n_components': 16}",0.6820809248554913,0.7745664739884393,0.8179190751445087,0.5953757225433526,0.7877906976744186,0.7314814814814815,0.08183407190843699,78,0.8871201157742402,0.934876989869754,0.9109985528219972,0.9073806078147613,0.944364161849711,0.9169480856260928,0.020443718842803386
178,0.5028343677520752,0.019042494219952605,0.0013035297393798827,0.0002460411628992945,0.0001,"(25,)",18,"{'NN__alpha': 0.0001, 'NN__hidden_layer_sizes': (25,), 'rp__n_components': 18}",0.6936416184971098,0.7138728323699421,0.684971098265896,0.47109826589595377,0.75,0.6626157407407407,0.09840370162447139,182,0.9616497829232996,0.9059334298118669,0.9464544138929089,0.9421128798842258,0.9241329479768786,0.9360566908978359,0.01923217580849098
179,0.42923908233642577,0.04654915577931765,0.0010028362274169921,9.536743164062499e-08,0.0001,"(25,)",20,"{'NN__alpha': 0.0001, 'NN__hidden_layer_sizes': (25,), 'rp__n_components': 20}",0.6242774566473989,0.6878612716763006,0.6416184971098265,0.5809248554913294,0.7325581395348837,0.6533564814814815,0.052292907118612286,190,0.8878437047756874,0.8755426917510853,0.8885672937771346,0.918958031837916,0.8995664739884393,0.8940956392260524,0.014573467309922565
180,0.13164949417114258,0.012233041266253367,0.0011029243469238281,0.00037550240464988115,0.0001,"(25, 25)",2,"{'NN__alpha': 0.0001, 'NN__hidden_layer_sizes': (25, 25), 'rp__n_components': 2}",0.6994219653179191,0.6994219653179191,0.6994219653179191,0.6994219653179191,0.7034883720930233,0.7002314814814815,0.0016237319954344998,123,0.7004341534008683,0.7004341534008683,0.7004341534008683,0.7004341534008683,0.6994219653179191,0.7002317157842785,0.00040487523317969123
181,0.19662280082702638,0.07135292859213142,0.0012020111083984376,0.0002457523418114012,0.0001,"(25, 25)",4,"{'NN__alpha': 0.0001, 'NN__hidden_layer_sizes': (25, 25), 'rp__n_components': 4}",0.6994219653179191,0.6994219653179191,0.6213872832369942,0.6791907514450867,0.7034883720930233,0.6805555555555556,0.03079930942400368,171,0.703328509406657,0.6997105643994211,0.7026049204052098,0.6946454413892909,0.6994219653179191,0.6999422801836996,0.003063890411806676
182,0.35213437080383303,0.07720271426105813,0.0011030197143554687,0.0002007009015000112,0.0001,"(25, 25)",6,"{'NN__alpha': 0.0001, 'NN__hidden_layer_sizes': (25, 25), 'rp__n_components': 6}",0.7167630057803468,0.7167630057803468,0.7283236994219653,0.7341040462427746,0.7180232558139535,0.7228009259259259,0.007129691909390742,100,0.788712011577424,0.784370477568741,0.7568740955137482,0.7293777134587555,0.7557803468208093,0.7630229289878956,0.02162364665011547
183,0.7186079978942871,0.20128488802812983,0.001403045654296875,0.0005833476278108035,0.0001,"(25, 25)",8,"{'NN__alpha': 0.0001, 'NN__hidden_layer_sizes': (25, 25), 'rp__n_components': 8}",0.684971098265896,0.846820809248555,0.6705202312138728,0.7832369942196532,0.6395348837209303,0.7251157407407407,0.07758738257888763,92,0.8849493487698987,0.9008683068017366,0.9341534008683068,0.9037626628075254,0.9219653179190751,0.9091398074333086,0.017162070231313695
184,0.5551736354827881,0.3833123022452639,0.001506805419921875,0.00031715317273640133,0.0001,"(25, 25)",10,"{'NN__alpha': 0.0001, 'NN__hidden_layer_sizes': (25, 25), 'rp__n_components': 10}",0.6994219653179191,0.7341040462427746,0.6502890173410405,0.7196531791907514,0.627906976744186,0.6863425925925926,0.040660106161687665,162,0.7018813314037626,0.9565846599131693,0.7004341534008683,0.9486251808972503,0.7658959537572254,0.8146842558744553,0.11509455258191875
185,0.8190736293792724,0.19771383144060298,0.0021058082580566405,0.0006654694279052938,0.0001,"(25, 25)",12,"{'NN__alpha': 0.0001, 'NN__hidden_layer_sizes': (25, 25), 'rp__n_components': 12}",0.708092485549133,0.7716763005780347,0.7687861271676301,0.791907514450867,0.7354651162790697,0.7552083333333334,0.02971507655476374,55,0.9225759768451519,0.967438494934877,0.9696092619392185,0.9884225759768451,0.9270231213872833,0.955013886216675,0.025765237533946345
186,0.8200764179229736,0.150125713840215,0.0011031150817871094,0.0002007732693143321,0.0001,"(25, 25)",14,"{'NN__alpha': 0.0001, 'NN__hidden_layer_sizes': (25, 25), 'rp__n_components': 14}",0.653179190751445,0.7601156069364162,0.7572254335260116,0.7745664739884393,0.7761627906976745,0.7442129629629629,0.04616906765673898,73,0.9855282199710564,0.9739507959479016,0.8958031837916064,0.9790159189580319,0.9703757225433526,0.9609347682423899,0.03296191064712441
187,0.6518299579620361,0.20920181069132843,0.0015040874481201173,0.0010027170563927808,0.0001,"(25, 25)",16,"{'NN__alpha': 0.0001, 'NN__hidden_layer_sizes': (25, 25), 'rp__n_components': 16}",0.7312138728323699,0.7514450867052023,0.7803468208092486,0.7745664739884393,0.7732558139534884,0.7621527777777778,0.018338496678770508,38,0.9746743849493488,0.8921852387843705,0.9536903039073806,0.8936324167872648,0.8663294797687862,0.9161023648394302,0.040982440814545995
188,0.6637616634368897,0.2682634204584654,0.0014035701751708984,0.00020098711672186432,0.0001,"(25, 25)",18,"{'NN__alpha': 0.0001, 'NN__hidden_layer_sizes': (25, 25), 'rp__n_components': 18}",0.6994219653179191,0.661849710982659,0.7138728323699421,0.33815028901734107,0.7936046511627907,0.6412037037037037,0.157590066282121,199,0.7004341534008683,0.9826338639652678,0.9384949348769899,0.9790159189580319,0.9710982658959537,0.9143354274194223,0.10808117234703608
189,0.6416027545928955,0.03031225615802747,0.0013035297393798827,0.0002455542660445916,0.0001,"(25, 25)",20,"{'NN__alpha': 0.0001, 'NN__hidden_layer_sizes': (25, 25), 'rp__n_components': 20}",0.6965317919075145,0.791907514450867,0.791907514450867,0.7630057803468208,0.747093023255814,0.7581018518518519,0.03529379692479516,44,0.9602026049204052,0.9717800289435601,0.9761215629522432,0.9790159189580319,0.9833815028901735,0.9741003237328828,0.007910993958399498
190,0.29558444023132324,0.07708908279621844,0.0019051551818847657,0.00037504348629440446,0.0001,"(100, 25, 100)",2,"{'NN__alpha': 0.0001, 'NN__hidden_layer_sizes': (100, 25, 100), 'rp__n_components': 2}",0.6994219653179191,0.6994219653179191,0.6994219653179191,0.6358381502890174,0.7034883720930233,0.6875,0.025897388450050476,161,0.7004341534008683,0.7004341534008683,0.7004341534008683,0.7083936324167872,0.6994219653179191,0.7018236115874622,0.0033083186260894765
191,0.38321704864501954,0.12773275512052706,0.0017047882080078124,0.0002457878212334661,0.0001,"(100, 25, 100)",4,"{'NN__alpha': 0.0001, 'NN__hidden_layer_sizes': (100, 25, 100), 'rp__n_components': 4}",0.6994219653179191,0.6878612716763006,0.6936416184971098,0.6994219653179191,0.7034883720930233,0.6967592592592593,0.005445447602923496,134,0.7098408104196816,0.695369030390738,0.695369030390738,0.6975397973950795,0.7030346820809249,0.7002306701354325,0.005562897759128271
192,1.015294647216797,0.16343300484350112,0.002205657958984375,0.0006799485436019405,0.0001,"(100, 25, 100)",6,"{'NN__alpha': 0.0001, 'NN__hidden_layer_sizes': (100, 25, 100), 'rp__n_components': 6}",0.6994219653179191,0.7254335260115607,0.7398843930635838,0.7658959537572254,0.7354651162790697,0.7332175925925926,0.021553491939766016,77,0.8386396526772794,0.8458755426917511,0.8002894356005789,0.8335745296671491,0.8410404624277457,0.8318839246129007,0.016286910721791958
193,0.9964447975158691,0.24332130148939482,0.002107095718383789,0.0005843536437523678,0.0001,"(100, 25, 100)",8,"{'NN__alpha': 0.0001, 'NN__hidden_layer_sizes': (100, 25, 100), 'rp__n_components': 8}",0.7254335260115607,0.8410404624277457,0.708092485549133,0.7861271676300579,0.7558139534883721,0.7633101851851852,0.0471486260527406,34,0.9479015918958031,0.9464544138929089,0.9558610709117221,0.9696092619392185,0.9797687861271677,0.959919024953364,0.012884837219037196
194,1.1617835521698,0.10643823410506295,0.0017043113708496093,0.0002454958772611562,0.0001,"(100, 25, 100)",10,"{'NN__alpha': 0.0001, 'NN__hidden_layer_sizes': (100, 25, 100), 'rp__n_components': 10}",0.7572254335260116,0.7167630057803468,0.815028901734104,0.7572254335260116,0.8401162790697675,0.7771990740740741,0.04433635549859064,18,0.9884225759768451,0.9876989869753979,0.9956584659913169,0.9934876989869754,0.9942196531791907,0.9918974762219452,0.0032177197508568263
195,0.8437403202056885,0.16107022390372797,0.001903867721557617,0.00037649244237536483,0.0001,"(100, 25, 100)",12,"{'NN__alpha': 0.0001, 'NN__hidden_layer_sizes': (100, 25, 100), 'rp__n_components': 12}",0.6965317919075145,0.7687861271676301,0.8352601156069365,0.8497109826589595,0.747093023255814,0.7795138888888888,0.0567451082481871,12,0.9522431259044862,0.9696092619392185,0.9942112879884226,0.9963820549927641,0.9703757225433526,0.9765642906736488,0.016627387965428956
196,0.8537654876708984,0.05647648413099951,0.002005863189697266,0.0005497288356020249,0.0001,"(100, 25, 100)",14,"{'NN__alpha': 0.0001, 'NN__hidden_layer_sizes': (100, 25, 100), 'rp__n_components': 14}",0.7369942196531792,0.8092485549132948,0.8179190751445087,0.8265895953757225,0.813953488372093,0.8009259259259259,0.0324923352192162,2,0.9942112879884226,0.9934876989869754,0.9913169319826338,0.9949348769898697,0.9877167630057804,0.9923335117907364,0.002606649047396128
197,0.9998536109924316,0.16470720521719195,0.0029077053070068358,0.0008618943080471764,0.0001,"(100, 25, 100)",16,"{'NN__alpha': 0.0001, 'NN__hidden_layer_sizes': (100, 25, 100), 'rp__n_components': 16}",0.6763005780346821,0.8352601156069365,0.791907514450867,0.7196531791907514,0.8255813953488372,0.7696759259259259,0.06188093427464748,29,0.9971056439942113,0.9978292329956585,0.9891461649782923,0.9717800289435601,0.9884393063583815,0.9888600754540209,0.009385329724681393
198,0.923451042175293,0.16021374863120316,0.0018045902252197266,0.00040143750469680224,0.0001,"(100, 25, 100)",18,"{'NN__alpha': 0.0001, 'NN__hidden_layer_sizes': (100, 25, 100), 'rp__n_components': 18}",0.7341040462427746,0.7225433526011561,0.7861271676300579,0.4421965317919075,0.7906976744186046,0.6950231481481481,0.12938577153992847,141,0.9985528219971056,0.9971056439942113,0.9985528219971056,0.9645441389290883,0.9956647398843931,0.9908840333603808,0.013213434608071277
199,1.0067717552185058,0.15755907179765857,0.002506446838378906,0.0007767568913002641,0.0001,"(100, 25, 100)",20,"{'NN__alpha': 0.0001, 'NN__hidden_layer_sizes': (100, 25, 100), 'rp__n_components': 20}",0.708092485549133,0.791907514450867,0.8121387283236994,0.7514450867052023,0.7906976744186046,0.7708333333333334,0.03704813063247543,28,0.9985528219971056,0.9963820549927641,0.9992764109985528,0.9992764109985528,1.0,0.998697539797395,0.0012449095900206376
